placement_ref,joborder_id,candidate_id,consultant_user_id,booking_office,date_placed,start_date,leave_date,salary,fee_pct,currency,modified_at
PL-000001,28,42,97,Madrid,28/10/2022,13/01/2023,,47300.0,20.2,EUR,15/01/2023 19:25
PL-000002,36,111,50,London,28/10/2022,26/11/2022,,82000.0,21.4,GBP,29/11/2022 16:26
PL-000003,48,194,142,Zurich,31/10/2022,27/12/2022,,106600.0,21.9,CHF,28/12/2022 10:02
PL-000004,51,155,134,Zurich,01/11/2022,13/12/2022,22/01/2023,83300.0,19.1,CHF,25/01/2023 08:27
PL-000005,4,30,146,New York,03/11/2022,03/01/2023,,138000.0,20.7,USD,03/01/2023 09:13
PL-000006,10,11,185,Hong Kong,05/11/2022,12/12/2022,,656200.0,19.8,HKD,13/12/2022 12:02
PL-000007,9,10,198,Singapore,06/11/2022,23/01/2023,,142800.0,23.1,SGD,26/01/2023 09:03
PL-000008,21,165,160,New York,06/11/2022,07/12/2022,18/01/2023,148800.0,18.8,USD,19/01/2023 13:56
PL-000009,12,33,51,London,07/11/2022,04/01/2023,,78600.0,19.4,GBP,06/01/2023 20:57
PL-000010,52,211,37,London,07/11/2022,19/01/2023,,94400.0,24.4,GBP,22/01/2023 09:45
PL-000011,61,239,182,Hong Kong,08/11/2022,07/01/2023,,667300.0,24.6,HKD,07/01/2023 08:57
PL-000012,69,242,38,London,08/11/2022,10/01/2023,,86200.0,19.6,GBP,12/01/2023 07:24
PL-000013,13,162,109,Paris,09/11/2022,14/12/2022,,72900.0,20.4,EUR,15/12/2022 18:05
PL-000014,14,90,196,Singapore,09/11/2022,08/01/2023,,173600.0,19.9,SGD,08/01/2023 09:15
PL-000015,32,149,7,Manchester,09/11/2022,21/12/2022,,42100.0,21.1,GBP,21/12/2022 07:35
PL-000016,3,19,125,Paris,10/11/2022,10/01/2023,,77900.0,17.1,EUR,12/01/2023 13:58
PL-000017,46,89,76,Dublin,10/11/2022,02/01/2023,,65000.0,19.1,EUR,03/01/2023 20:22
PL-000018,26,309,81,Amsterdam,11/11/2022,25/12/2022,,74600.0,17.7,EUR,25/12/2022 10:22
PL-000019,17,76,68,Dublin,12/11/2022,16/01/2023,,80800.0,22.1,EUR,19/01/2023 19:03
PL-000020,62,329,211,Malaysia,12/11/2022,18/01/2023,,170900.0,17.3,MYR,19/01/2023 15:18
PL-000021,77,374,48,London,12/11/2022,20/12/2022,,81000.0,18.5,GBP,21/12/2022 08:39
PL-000022,76,428,167,New York,13/11/2022,08/01/2023,,141500.0,21.3,USD,11/01/2023 07:29
PL-000023,11,201,32,London,16/11/2022,02/02/2023,,93700.0,18.5,GBP,05/02/2023 10:22
PL-000024,30,84,158,New York,16/11/2022,02/02/2023,,121500.0,16.4,USD,05/02/2023 20:14
PL-000025,1,1,13,Manchester,17/11/2022,26/12/2022,,80900.0,21.6,GBP,27/12/2022 10:32
PL-000026,6,103,2,Manchester,17/11/2022,26/01/2023,,66900.0,18.1,GBP,26/01/2023 17:54
PL-000027,2,180,92,Brussels,18/11/2022,25/12/2022,,123700.0,18.4,EUR,27/12/2022 20:31
PL-000028,64,330,73,Dublin,18/11/2022,08/01/2023,,76800.0,23.7,EUR,10/01/2023 20:07
PL-000029,87,653,195,Singapore,18/11/2022,12/01/2023,,111600.0,21.8,SGD,15/01/2023 17:21
PL-000030,59,364,66,Dublin,19/11/2022,27/01/2023,,71800.0,21.2,EUR,28/01/2023 15:02
PL-000031,49,153,21,Manchester,20/11/2022,02/02/2023,,67200.0,17.5,GBP,05/02/2023 13:57
PL-000032,8,137,150,New York,22/11/2022,04/02/2023,,109700.0,18.8,USD,07/02/2023 12:34
PL-000033,94,23,41,London,22/11/2022,01/02/2023,,92900.0,16.2,GBP,02/02/2023 17:42
PL-000034,16,121,58,London,23/11/2022,26/12/2022,,98000.0,20.6,GBP,26/12/2022 07:30
PL-000035,106,789,186,Hong Kong,23/11/2022,08/01/2023,,664700.0,22.7,HKD,09/01/2023 16:03
PL-000036,57,98,165,New York,24/11/2022,24/01/2023,,135100.0,18.2,USD,26/01/2023 16:58
PL-000037,91,139,141,Zurich,24/11/2022,05/02/2023,05/03/2023,129200.0,20.2,CHF,05/03/2023 10:00
PL-000038,98,531,106,Paris,24/11/2022,02/02/2023,,84600.0,23.0,EUR,02/02/2023 16:56
PL-000039,99,701,65,Dublin,24/11/2022,06/01/2023,,87800.0,17.5,EUR,08/01/2023 10:32
PL-000040,5,69,147,New York,25/11/2022,16/01/2023,04/03/2023,94500.0,20.0,USD,04/03/2023 09:16
PL-000041,72,609,20,Manchester,25/11/2022,14/02/2023,,86000.0,18.5,GBP,14/02/2023 17:03
PL-000042,105,473,183,Hong Kong,25/11/2022,25/12/2022,,492700.0,22.1,HKD,28/12/2022 09:54
PL-000043,140,421,64,Dublin,25/11/2022,24/12/2022,,59300.0,18.8,EUR,27/12/2022 11:11
PL-000044,22,146,162,New York,26/11/2022,12/02/2023,,114800.0,18.9,USD,12/02/2023 07:49
PL-000045,27,282,82,Amsterdam,26/11/2022,06/01/2023,,68500.0,17.2,EUR,09/01/2023 12:30
PL-000046,40,412,2,Manchester,26/11/2022,12/02/2023,,90800.0,19.5,GBP,14/02/2023 12:11
PL-000047,82,523,140,Zurich,26/11/2022,23/01/2023,,143900.0,20.3,CHF,25/01/2023 14:35
PL-000048,94,586,41,London,26/11/2022,06/01/2023,,94100.0,22.4,GBP,08/01/2023 15:51
PL-000049,31,311,4,Manchester,27/11/2022,07/01/2023,,102200.0,18.2,GBP,09/01/2023 20:15
PL-000050,85,343,121,Paris,27/11/2022,31/12/2022,,85300.0,19.6,EUR,31/12/2022 10:49
PL-000051,138,3,23,Manchester,27/11/2022,30/01/2023,28/02/2023,94100.0,19.7,GBP,03/03/2023 08:17
PL-000052,50,142,126,Paris,28/11/2022,01/01/2023,,79800.0,16.4,EUR,02/01/2023 11:27
PL-000053,120,676,101,Madrid,28/11/2022,31/12/2022,,82000.0,20.2,EUR,01/01/2023 08:51
PL-000054,147,959,6,Manchester,28/11/2022,03/02/2023,11/04/2023,69800.0,23.8,GBP,12/04/2023 07:56
PL-000055,93,85,9,Manchester,29/11/2022,29/01/2023,,62500.0,16.5,GBP,30/01/2023 15:04
PL-000056,108,531,14,Manchester,29/11/2022,21/02/2023,03/03/2023,46700.0,17.3,GBP,06/03/2023 19:28
PL-000057,148,913,7,Manchester,29/11/2022,31/01/2023,,59800.0,22.0,GBP,02/02/2023 20:59
PL-000058,42,318,49,London,30/11/2022,21/02/2023,,90300.0,18.1,GBP,22/02/2023 19:30
PL-000059,55,268,132,Zurich,30/11/2022,30/01/2023,,135900.0,18.2,CHF,01/02/2023 17:20
PL-000060,81,497,133,Zurich,30/11/2022,23/01/2023,,81700.0,18.8,CHF,24/01/2023 07:08
PL-000061,84,551,31,London,30/11/2022,20/01/2023,,119200.0,19.9,GBP,20/01/2023 20:27
PL-000062,123,767,47,London,30/11/2022,18/02/2023,,95500.0,17.5,GBP,18/02/2023 08:53
PL-000063,37,287,90,Brussels,01/12/2022,10/02/2023,29/04/2023,84900.0,18.5,EUR,01/05/2023 08:34
PL-000064,54,483,89,Brussels,01/12/2022,25/01/2023,,108700.0,20.6,EUR,28/01/2023 18:09
PL-000065,100,659,81,Amsterdam,02/12/2022,31/01/2023,,89100.0,18.0,EUR,01/02/2023 14:53
PL-000066,101,45,83,Amsterdam,02/12/2022,16/02/2023,,107500.0,20.6,EUR,18/02/2023 19:49
PL-000067,112,593,29,London,02/12/2022,01/01/2023,,119500.0,18.4,GBP,02/01/2023 07:46
PL-000068,127,927,176,Charlotte,02/12/2022,27/01/2023,,105900.0,19.6,USD,30/01/2023 16:44
PL-000069,177,1004,74,Dublin,02/12/2022,11/02/2023,,78200.0,24.6,EUR,11/02/2023 14:14
PL-000070,23,18,30,London,03/12/2022,04/02/2023,,88600.0,19.0,GBP,04/02/2023 17:40
PL-000071,43,356,88,Brussels,03/12/2022,18/02/2023,,99500.0,18.5,EUR,18/02/2023 19:47
PL-000072,67,5,184,Hong Kong,03/12/2022,15/01/2023,,501200.0,19.8,HKD,16/01/2023 17:36
PL-000073,78,97,83,Amsterdam,03/12/2022,04/01/2023,,67800.0,19.9,EUR,04/01/2023 07:17
PL-000074,103,844,136,Zurich,03/12/2022,19/02/2023,,70900.0,17.9,CHF,19/02/2023 14:12
PL-000075,142,908,148,New York,03/12/2022,22/02/2023,,108700.0,20.8,USD,23/02/2023 17:39
PL-000076,166,1037,4,Manchester,03/12/2022,04/01/2023,,94700.0,19.7,GBP,05/01/2023 18:29
PL-000077,113,670,32,London,04/12/2022,26/01/2023,,106300.0,18.0,GBP,27/01/2023 07:12
PL-000078,34,229,9,Manchester,05/12/2022,27/02/2023,,109000.0,21.4,GBP,27/02/2023 20:34
PL-000079,45,416,22,Manchester,05/12/2022,29/01/2023,,89600.0,18.7,GBP,30/01/2023 07:28
PL-000080,70,607,160,New York,05/12/2022,15/01/2023,,115600.0,22.5,USD,17/01/2023 08:03
PL-000081,75,301,135,Zurich,05/12/2022,02/01/2023,,102500.0,19.8,CHF,05/01/2023 08:43
PL-000082,125,130,110,Paris,05/12/2022,10/02/2023,,86300.0,17.3,EUR,13/02/2023 18:11
PL-000083,102,494,91,Brussels,06/12/2022,16/02/2023,,92500.0,20.3,EUR,19/02/2023 10:26
PL-000084,115,236,123,Paris,06/12/2022,13/01/2023,,74900.0,19.2,EUR,16/01/2023 07:05
PL-000085,132,975,194,Singapore,06/12/2022,22/02/2023,14/05/2023,142800.0,20.2,SGD,17/05/2023 09:04
PL-000086,83,581,3,Manchester,07/12/2022,26/02/2023,,88500.0,20.6,GBP,27/02/2023 18:41
PL-000087,156,964,150,New York,07/12/2022,22/02/2023,,128700.0,17.8,USD,23/02/2023 16:49
PL-000088,176,1022,13,Manchester,07/12/2022,12/01/2023,,70300.0,22.9,GBP,15/01/2023 13:58
PL-000089,152,935,125,Paris,08/12/2022,02/03/2023,,51700.0,21.4,EUR,02/03/2023 15:11
PL-000090,73,689,101,Madrid,09/12/2022,08/02/2023,,55400.0,21.2,EUR,08/02/2023 19:56
PL-000091,164,1019,162,New York,09/12/2022,31/01/2023,,158600.0,18.1,USD,31/01/2023 18:19
PL-000092,178,1115,126,Paris,11/12/2022,05/02/2023,,85800.0,17.1,EUR,06/02/2023 13:00
PL-000093,68,464,197,Singapore,12/12/2022,02/03/2023,,150500.0,18.6,SGD,04/03/2023 08:16
PL-000094,173,1112,146,New York,13/12/2022,02/02/2023,,102600.0,20.4,USD,04/02/2023 16:26
PL-000095,172,944,121,Paris,14/12/2022,30/01/2023,,84700.0,18.1,EUR,31/01/2023 11:39
PL-000096,73,254,101,Madrid,15/12/2022,01/03/2023,,60900.0,18.0,EUR,04/03/2023 17:42
PL-000097,81,406,133,Zurich,15/12/2022,28/02/2023,,83300.0,21.1,CHF,03/03/2023 08:32
PL-000098,128,949,67,Dublin,15/12/2022,02/03/2023,,76600.0,15.1,EUR,03/03/2023 07:24
PL-000099,160,1066,29,London,15/12/2022,14/02/2023,,87900.0,18.4,GBP,17/02/2023 16:23
PL-000100,188,1290,108,Paris,15/12/2022,08/03/2023,,69500.0,18.0,EUR,10/03/2023 20:15
PL-000101,71,370,6,Manchester,16/12/2022,10/03/2023,,102100.0,16.6,GBP,10/03/2023 09:16
PL-000102,137,903,168,New York,16/12/2022,02/03/2023,,177600.0,24.8,USD,04/03/2023 08:47
PL-000103,146,957,149,New York,16/12/2022,15/01/2023,,119700.0,17.1,USD,18/01/2023 08:39
PL-000104,197,1267,136,Zurich,16/12/2022,26/01/2023,,132200.0,18.1,CHF,26/01/2023 15:38
PL-000105,89,585,122,Paris,17/12/2022,14/02/2023,,86000.0,18.3,EUR,16/02/2023 19:46
PL-000106,92,470,166,New York,17/12/2022,23/02/2023,,156500.0,21.7,USD,26/02/2023 19:09
PL-000107,109,537,22,Manchester,17/12/2022,02/03/2023,05/04/2023,57100.0,15.4,GBP,06/04/2023 19:42
PL-000108,134,744,99,Madrid,17/12/2022,03/03/2023,,82100.0,21.8,EUR,06/03/2023 15:08
PL-000109,158,866,21,Manchester,17/12/2022,04/03/2023,,63800.0,21.9,GBP,06/03/2023 09:22
PL-000110,195,1205,9,Manchester,17/12/2022,09/03/2023,,51200.0,20.4,GBP,10/03/2023 17:49
PL-000111,126,833,161,New York,18/12/2022,21/02/2023,,127300.0,15.8,USD,21/02/2023 17:00
PL-000112,182,1041,7,Manchester,18/12/2022,30/01/2023,,72200.0,20.7,GBP,31/01/2023 15:46
PL-000113,183,811,51,London,18/12/2022,10/03/2023,,92200.0,17.1,GBP,13/03/2023 16:31
PL-000114,185,1160,140,Zurich,18/12/2022,25/01/2023,,134100.0,21.8,CHF,27/01/2023 16:43
PL-000115,233,1670,143,Zurich,18/12/2022,24/01/2023,,145400.0,18.3,CHF,27/01/2023 12:47
PL-000116,145,499,147,New York,19/12/2022,29/01/2023,,120200.0,19.6,USD,30/01/2023 09:12
PL-000117,155,5,106,Paris,19/12/2022,05/02/2023,,81300.0,22.2,EUR,05/02/2023 09:49
PL-000118,135,901,159,New York,20/12/2022,04/03/2023,04/04/2023,176200.0,17.0,USD,05/04/2023 07:41
PL-000119,139,772,40,London,20/12/2022,30/01/2023,,94700.0,19.1,GBP,02/02/2023 08:44
PL-000120,239,1452,141,Zurich,20/12/2022,25/01/2023,,148400.0,17.7,CHF,28/01/2023 13:56
PL-000121,151,432,123,Paris,21/12/2022,28/01/2023,,92900.0,19.4,EUR,28/01/2023 08:15
PL-000122,161,1083,101,Madrid,21/12/2022,06/02/2023,,62500.0,24.2,EUR,07/02/2023 09:30
PL-000123,180,1089,74,Dublin,22/12/2022,14/02/2023,,68800.0,18.9,EUR,14/02/2023 20:37
PL-000124,193,1138,92,Brussels,22/12/2022,26/02/2023,,78600.0,15.8,EUR,27/02/2023 20:50
PL-000125,206,1271,76,Dublin,22/12/2022,06/03/2023,,71100.0,22.4,EUR,09/03/2023 13:54
PL-000126,229,1335,208,Malaysia,22/12/2022,01/03/2023,,172800.0,16.7,MYR,03/03/2023 12:17
PL-000127,258,1443,176,Charlotte,22/12/2022,02/03/2023,,96000.0,17.1,USD,03/03/2023 14:25
PL-000128,259,1543,177,Charlotte,22/12/2022,24/02/2023,,101700.0,18.7,USD,25/02/2023 20:54
PL-000129,264,1425,209,Malaysia,22/12/2022,19/02/2023,12/05/2023,194800.0,21.2,MYR,12/05/2023 20:20
PL-000130,210,949,50,London,23/12/2022,19/02/2023,,102700.0,24.0,GBP,21/02/2023 20:57
PL-000131,244,1339,23,Manchester,23/12/2022,27/02/2023,,76100.0,17.9,GBP,27/02/2023 13:15
PL-000132,250,1642,66,Dublin,23/12/2022,17/03/2023,,90400.0,18.3,EUR,18/03/2023 11:13
PL-000133,168,1020,97,Madrid,24/12/2022,06/02/2023,13/03/2023,73300.0,20.0,EUR,15/03/2023 11:56
PL-000134,204,1248,208,Malaysia,24/12/2022,05/03/2023,,187500.0,22.8,MYR,07/03/2023 11:36
PL-000135,225,1309,98,Madrid,24/12/2022,28/01/2023,,98300.0,19.5,EUR,31/01/2023 12:51
PL-000136,149,1078,12,Manchester,25/12/2022,16/02/2023,22/04/2023,53100.0,22.9,GBP,23/04/2023 12:31
PL-000137,200,645,168,New York,25/12/2022,24/02/2023,,158900.0,21.0,USD,26/02/2023 11:51
PL-000138,297,1668,134,Zurich,25/12/2022,18/03/2023,05/05/2023,117800.0,16.3,CHF,08/05/2023 20:01
PL-000139,218,1254,38,London,26/12/2022,20/03/2023,,62400.0,17.7,GBP,21/03/2023 20:14
PL-000140,226,1556,109,Paris,26/12/2022,10/03/2023,,88900.0,19.0,EUR,12/03/2023 20:44
PL-000141,254,1494,158,New York,27/12/2022,21/03/2023,,92100.0,18.5,USD,22/03/2023 12:07
PL-000142,274,1576,139,Zurich,27/12/2022,24/01/2023,,120600.0,22.4,CHF,26/01/2023 07:03
PL-000143,181,1236,132,Zurich,28/12/2022,01/02/2023,05/03/2023,78000.0,23.2,CHF,06/03/2023 16:35
PL-000144,194,1139,99,Madrid,28/12/2022,19/03/2023,,101800.0,18.8,EUR,21/03/2023 18:24
PL-000145,196,849,110,Paris,28/12/2022,16/03/2023,,79100.0,17.9,EUR,16/03/2023 11:41
PL-000146,214,1214,4,Manchester,28/12/2022,18/03/2023,,83800.0,18.4,GBP,18/03/2023 16:07
PL-000147,237,1313,133,Zurich,28/12/2022,11/03/2023,,117500.0,19.0,CHF,12/03/2023 17:23
PL-000148,257,1388,41,London,28/12/2022,27/01/2023,,69700.0,18.6,GBP,27/01/2023 20:33
PL-000149,190,1292,32,London,29/12/2022,09/02/2023,,77000.0,18.2,GBP,11/02/2023 16:48
PL-000150,273,1632,68,Dublin,29/12/2022,07/02/2023,,75400.0,17.6,EUR,07/02/2023 09:17
PL-000151,170,431,166,New York,30/12/2022,15/02/2023,,185300.0,19.9,USD,17/02/2023 19:00
PL-000152,279,1698,39,London,30/12/2022,18/02/2023,,73100.0,17.0,GBP,18/02/2023 19:37
PL-000153,283,1263,196,Singapore,30/12/2022,03/03/2023,,108000.0,24.7,SGD,04/03/2023 12:54
PL-000154,284,1662,21,Manchester,30/12/2022,01/03/2023,,55300.0,17.6,GBP,03/03/2023 13:44
PL-000155,134,899,99,Madrid,31/12/2022,11/02/2023,,89100.0,17.0,EUR,12/02/2023 11:31
PL-000156,201,1188,73,Dublin,31/12/2022,20/03/2023,,73800.0,18.3,EUR,21/03/2023 15:34
PL-000157,166,1196,4,Manchester,02/01/2023,22/03/2023,,94100.0,19.9,GBP,23/03/2023 15:04
PL-000158,256,1387,174,Charlotte,02/01/2023,14/03/2023,,100600.0,19.9,USD,15/03/2023 16:40
PL-000159,240,1526,160,New York,04/01/2023,19/02/2023,,122000.0,18.3,USD,20/02/2023 19:25
PL-000160,293,1666,83,Amsterdam,04/01/2023,01/03/2023,,76300.0,18.8,EUR,01/03/2023 14:10
PL-000161,302,1762,196,Singapore,04/01/2023,25/02/2023,,162100.0,17.3,SGD,26/02/2023 08:50
PL-000162,189,1134,195,Singapore,05/01/2023,20/03/2023,,114200.0,18.7,SGD,23/03/2023 09:52
PL-000163,236,1482,111,Paris,05/01/2023,30/03/2023,,79000.0,19.5,EUR,31/03/2023 19:16
PL-000164,243,46901,3,Manchester,05/01/2023,07/02/2023,,85800.0,23.9,GBP,08/02/2023 15:49
PL-000165,330,2083,37,London,05/01/2023,24/02/2023,,82900.0,19.9,GBP,24/02/2023 17:07
PL-000166,154,121,59,London,06/01/2023,10/02/2023,,83900.0,16.1,GBP,12/02/2023 17:31
PL-000167,241,1676,211,Malaysia,06/01/2023,09/03/2023,,133400.0,17.8,MYR,11/03/2023 13:21
PL-000168,255,152,168,New York,06/01/2023,15/03/2023,,152600.0,20.6,USD,17/03/2023 15:31
PL-000169,260,1770,186,Hong Kong,06/01/2023,10/02/2023,,496300.0,20.3,HKD,10/02/2023 07:22
PL-000170,191,1162,50,London,07/01/2023,25/02/2023,,95400.0,18.2,GBP,26/02/2023 09:17
PL-000171,209,1251,30,London,07/01/2023,31/03/2023,,85800.0,17.8,GBP,02/04/2023 11:30
PL-000172,238,350,135,Zurich,07/01/2023,19/02/2023,,127900.0,22.6,CHF,22/02/2023 10:07
PL-000173,269,292,30,London,07/01/2023,07/03/2023,,94400.0,17.7,GBP,07/03/2023 16:19
PL-000174,272,87,58,London,07/01/2023,01/03/2023,,79200.0,19.6,GBP,04/03/2023 15:37
PL-000175,294,1872,92,Brussels,07/01/2023,24/03/2023,,93800.0,21.1,EUR,24/03/2023 19:12
PL-000176,226,1190,109,Paris,08/01/2023,18/02/2023,,82200.0,23.8,EUR,21/02/2023 17:49
PL-000177,235,1615,47,London,08/01/2023,27/03/2023,24/05/2023,92600.0,20.7,GBP,26/05/2023 17:07
PL-000178,279,1551,39,London,08/01/2023,24/02/2023,05/03/2023,72400.0,17.0,GBP,07/03/2023 15:18
PL-000179,282,1864,183,Hong Kong,08/01/2023,31/03/2023,,449600.0,18.6,HKD,01/04/2023 10:15
PL-000180,252,1595,81,Amsterdam,10/01/2023,18/02/2023,,78800.0,18.5,EUR,21/02/2023 11:21
PL-000181,278,1516,210,Malaysia,10/01/2023,20/02/2023,,199700.0,22.9,MYR,23/02/2023 11:22
PL-000182,287,1750,2,Manchester,10/01/2023,27/02/2023,,90500.0,17.5,GBP,28/02/2023 10:41
PL-000183,238,1337,135,Zurich,11/01/2023,25/03/2023,,132100.0,22.6,CHF,25/03/2023 18:30
PL-000184,276,1732,185,Hong Kong,11/01/2023,15/02/2023,,851500.0,16.9,HKD,16/02/2023 10:09
PL-000185,223,1401,88,Brussels,12/01/2023,15/02/2023,,105300.0,18.6,EUR,16/02/2023 11:55
PL-000186,246,1413,80,Amsterdam,12/01/2023,19/03/2023,,74000.0,23.6,EUR,20/03/2023 15:05
PL-000187,299,1897,142,Zurich,12/01/2023,27/02/2023,,120700.0,16.0,CHF,02/03/2023 20:07
PL-000188,263,1424,142,Zurich,13/01/2023,19/03/2023,,138000.0,19.5,CHF,21/03/2023 13:10
PL-000189,309,1853,150,New York,13/01/2023,07/04/2023,,131900.0,20.8,USD,07/04/2023 14:37
PL-000190,320,1963,91,Brussels,13/01/2023,17/02/2023,,98300.0,20.6,EUR,17/02/2023 12:21
PL-000191,344,2122,136,Zurich,13/01/2023,01/04/2023,,123800.0,18.2,CHF,03/04/2023 08:34
PL-000192,227,1521,134,Zurich,15/01/2023,15/02/2023,,90200.0,21.0,CHF,16/02/2023 13:25
PL-000193,287,1868,2,Manchester,15/01/2023,31/03/2023,,92800.0,20.6,GBP,31/03/2023 15:31
PL-000194,291,1918,162,New York,15/01/2023,02/03/2023,,88100.0,20.0,USD,05/03/2023 08:16
PL-000195,325,2082,148,New York,16/01/2023,19/03/2023,,131200.0,23.0,USD,21/03/2023 19:09
PL-000196,212,1370,93,Brussels,17/01/2023,25/02/2023,,84700.0,21.6,EUR,28/02/2023 19:29
PL-000197,231,12,107,Paris,17/01/2023,01/03/2023,,84700.0,18.5,EUR,01/03/2023 19:51
PL-000198,281,1850,65,Dublin,17/01/2023,12/03/2023,,67700.0,18.7,EUR,14/03/2023 11:42
PL-000199,291,1955,162,New York,17/01/2023,07/03/2023,,103700.0,16.2,USD,08/03/2023 13:56
PL-000200,304,1901,38,London,17/01/2023,02/04/2023,28/05/2023,83700.0,20.6,GBP,31/05/2023 17:31
PL-000201,333,2114,161,New York,17/01/2023,15/02/2023,,129400.0,20.8,USD,18/02/2023 16:40
PL-000202,290,1609,68,Dublin,18/01/2023,18/03/2023,,67100.0,20.9,EUR,18/03/2023 07:45
PL-000203,275,46915,184,Hong Kong,19/01/2023,05/04/2023,,569800.0,20.0,HKD,07/04/2023 13:04
PL-000204,288,1753,20,Manchester,20/01/2023,06/03/2023,,75500.0,22.4,GBP,08/03/2023 10:52
PL-000205,271,1547,40,London,21/01/2023,14/03/2023,,78600.0,19.8,GBP,17/03/2023 20:06
PL-000206,310,2003,183,Hong Kong,21/01/2023,03/04/2023,,635800.0,22.0,HKD,03/04/2023 14:21
PL-000207,303,1978,13,Manchester,22/01/2023,18/03/2023,,46300.0,21.7,GBP,19/03/2023 11:01
PL-000208,359,2190,185,Hong Kong,22/01/2023,27/02/2023,23/04/2023,561800.0,18.2,HKD,25/04/2023 12:32
PL-000209,332,2029,151,New York,23/01/2023,26/03/2023,,129200.0,17.2,USD,27/03/2023 12:17
PL-000210,205,1466,57,London,24/01/2023,16/04/2023,,79700.0,18.2,GBP,16/04/2023 17:16
PL-000211,242,1712,1,Manchester,24/01/2023,12/03/2023,,75500.0,24.0,GBP,12/03/2023 16:19
PL-000212,352,883,109,Paris,25/01/2023,11/03/2023,,67000.0,22.4,EUR,11/03/2023 19:10
PL-000213,220,1437,58,London,26/01/2023,20/04/2023,,86400.0,22.1,GBP,20/04/2023 18:35
PL-000214,289,1795,57,London,26/01/2023,11/04/2023,,93100.0,16.9,GBP,11/04/2023 07:03
PL-000215,322,2080,99,Madrid,26/01/2023,03/04/2023,,99900.0,21.6,EUR,03/04/2023 10:43
PL-000216,343,1333,108,Paris,27/01/2023,28/03/2023,,94100.0,20.9,EUR,28/03/2023 19:13
PL-000217,270,1846,31,London,28/01/2023,25/03/2023,16/04/2023,123200.0,16.6,GBP,19/04/2023 09:48
PL-000218,384,2335,14,Manchester,29/01/2023,05/03/2023,,53100.0,23.7,GBP,06/03/2023 11:58
PL-000219,313,1348,14,Manchester,30/01/2023,19/03/2023,,73500.0,19.6,GBP,19/03/2023 14:40
PL-000220,316,1880,207,Malaysia,30/01/2023,20/04/2023,,138400.0,23.8,MYR,21/04/2023 09:45
PL-000221,318,1906,29,London,30/01/2023,31/03/2023,,110500.0,15.6,GBP,02/04/2023 11:06
PL-000222,412,2432,133,Zurich,30/01/2023,23/04/2023,,80300.0,17.2,CHF,24/04/2023 08:08
PL-000223,315,1930,98,Madrid,01/02/2023,25/04/2023,,58200.0,20.5,EUR,25/04/2023 10:35
PL-000224,364,2192,76,Dublin,01/02/2023,13/04/2023,,52500.0,18.9,EUR,15/04/2023 20:33
PL-000225,380,2291,134,Zurich,01/02/2023,22/04/2023,,144600.0,19.7,CHF,25/04/2023 13:28
PL-000226,381,2292,161,New York,01/02/2023,13/03/2023,,119000.0,22.7,USD,16/03/2023 07:27
PL-000227,349,2181,93,Brussels,02/02/2023,24/03/2023,,108100.0,18.9,EUR,24/03/2023 12:23
PL-000228,367,2256,82,Amsterdam,02/02/2023,24/03/2023,,77800.0,16.7,EUR,25/03/2023 13:29
PL-000229,317,1961,1,Manchester,04/02/2023,11/04/2023,,84700.0,18.2,GBP,11/04/2023 19:01
PL-000230,328,2098,47,London,04/02/2023,12/04/2023,,72200.0,17.3,GBP,12/04/2023 08:27
PL-000231,386,2294,67,Dublin,04/02/2023,24/03/2023,08/05/2023,91300.0,18.0,EUR,09/05/2023 19:17
PL-000232,419,2690,195,Singapore,04/02/2023,17/04/2023,,107500.0,20.3,SGD,18/04/2023 12:20
PL-000233,329,528,89,Brussels,05/02/2023,17/03/2023,,111800.0,19.2,EUR,18/03/2023 09:38
PL-000234,449,2713,109,Paris,05/02/2023,16/04/2023,,68900.0,19.2,EUR,16/04/2023 13:16
PL-000235,348,2233,23,Manchester,06/02/2023,16/03/2023,09/04/2023,87000.0,18.8,GBP,09/04/2023 07:20
PL-000236,353,2127,126,Paris,07/02/2023,11/03/2023,,71300.0,17.4,EUR,11/03/2023 17:34
PL-000237,363,2284,28,London,07/02/2023,12/04/2023,,82800.0,19.3,GBP,13/04/2023 13:23
PL-000238,371,1354,198,Singapore,07/02/2023,03/04/2023,10/05/2023,98600.0,18.0,SGD,13/05/2023 08:28
PL-000239,375,2394,76,Dublin,07/02/2023,09/03/2023,,91400.0,16.0,EUR,12/03/2023 19:02
PL-000240,323,2111,101,Madrid,08/02/2023,08/04/2023,,85400.0,23.0,EUR,08/04/2023 18:52
PL-000241,340,2231,80,Amsterdam,08/02/2023,09/03/2023,,116700.0,15.7,EUR,11/03/2023 09:28
PL-000242,358,2369,167,New York,08/02/2023,13/04/2023,,157800.0,21.8,USD,13/04/2023 08:07
PL-000243,386,2422,67,Dublin,08/02/2023,09/03/2023,19/04/2023,87800.0,20.3,EUR,21/04/2023 14:58
PL-000244,393,2477,2,Manchester,08/02/2023,06/04/2023,,70700.0,19.0,GBP,07/04/2023 18:23
PL-000245,440,2592,68,Dublin,08/02/2023,18/04/2023,,81000.0,22.2,EUR,21/04/2023 18:21
PL-000246,339,2155,59,London,09/02/2023,02/05/2023,,90100.0,19.5,GBP,04/05/2023 20:07
PL-000247,373,2416,125,Paris,09/02/2023,31/03/2023,,64800.0,16.5,EUR,02/04/2023 08:23
PL-000248,438,1205,22,Manchester,09/02/2023,02/04/2023,,59500.0,23.1,GBP,04/04/2023 18:13
PL-000249,408,1653,160,New York,10/02/2023,02/04/2023,,147200.0,18.2,USD,02/04/2023 17:43
PL-000250,403,2479,185,Hong Kong,11/02/2023,27/04/2023,,679600.0,17.0,HKD,29/04/2023 19:35
PL-000251,327,2133,32,London,12/02/2023,31/03/2023,01/04/2023,84900.0,18.4,GBP,04/04/2023 15:58
PL-000252,413,2620,183,Hong Kong,12/02/2023,18/03/2023,,560800.0,20.1,HKD,19/03/2023 16:11
PL-000253,341,2088,111,Paris,13/02/2023,29/03/2023,,91900.0,21.0,EUR,30/03/2023 11:52
PL-000254,365,773,42,London,13/02/2023,16/03/2023,,69200.0,20.0,GBP,18/03/2023 18:09
PL-000255,416,2749,37,London,14/02/2023,14/04/2023,,87400.0,20.7,GBP,17/04/2023 16:06
PL-000256,471,629,4,Manchester,14/02/2023,17/03/2023,,87800.0,18.7,GBP,20/03/2023 07:56
PL-000257,366,2307,8,Manchester,15/02/2023,28/03/2023,,40500.0,16.3,GBP,31/03/2023 07:10
PL-000258,420,2750,81,Amsterdam,15/02/2023,08/04/2023,,80400.0,21.7,EUR,11/04/2023 09:29
PL-000259,424,2691,74,Dublin,15/02/2023,24/03/2023,,55400.0,23.6,EUR,25/03/2023 20:13
PL-000260,442,2593,209,Malaysia,15/02/2023,07/05/2023,,203700.0,19.9,MYR,07/05/2023 19:24
PL-000261,477,2848,73,Dublin,15/02/2023,31/03/2023,,67500.0,16.4,EUR,31/03/2023 07:08
PL-000262,338,2116,56,London,16/02/2023,14/04/2023,,78100.0,21.1,GBP,14/04/2023 18:20
PL-000263,377,2270,162,New York,16/02/2023,16/04/2023,,147100.0,18.0,USD,16/04/2023 10:54
PL-000264,395,2571,6,Manchester,17/02/2023,14/04/2023,,68200.0,19.2,GBP,17/04/2023 07:49
PL-000265,407,2540,147,New York,17/02/2023,18/04/2023,08/05/2023,107900.0,19.5,USD,11/05/2023 12:41
PL-000266,469,2842,184,Hong Kong,17/02/2023,30/03/2023,,775300.0,20.3,HKD,01/04/2023 11:01
PL-000267,370,2267,186,Hong Kong,18/02/2023,26/03/2023,,787900.0,20.0,HKD,29/03/2023 10:46
PL-000268,396,2679,9,Manchester,19/02/2023,29/04/2023,,43400.0,20.3,GBP,30/04/2023 13:01
PL-000269,415,2212,9,Manchester,19/02/2023,09/04/2023,,52000.0,15.3,GBP,10/04/2023 20:57
PL-000270,472,2875,8,Manchester,19/02/2023,19/03/2023,,56000.0,18.6,GBP,22/03/2023 08:41
PL-000271,493,2303,13,Manchester,19/02/2023,01/04/2023,,62400.0,20.4,GBP,03/04/2023 19:27
PL-000272,389,2568,99,Madrid,20/02/2023,01/04/2023,,74400.0,16.7,EUR,01/04/2023 17:45
PL-000273,394,2318,4,Manchester,21/02/2023,18/04/2023,,90900.0,19.1,GBP,21/04/2023 09:11
PL-000274,414,2507,185,Hong Kong,21/02/2023,30/03/2023,,943500.0,16.7,HKD,01/04/2023 16:44
PL-000275,433,2558,41,London,21/02/2023,02/04/2023,,93400.0,20.8,GBP,02/04/2023 07:31
PL-000276,439,2920,47,London,21/02/2023,06/04/2023,,95300.0,19.4,GBP,08/04/2023 19:29
PL-000277,438,24,22,Manchester,22/02/2023,03/05/2023,,58300.0,21.2,GBP,03/05/2023 13:57
PL-000278,473,855,12,Manchester,22/02/2023,29/03/2023,28/04/2023,62200.0,18.5,GBP,29/04/2023 14:42
PL-000279,422,2717,42,London,23/02/2023,22/04/2023,,70100.0,17.7,GBP,22/04/2023 12:31
PL-000280,460,3010,140,Zurich,23/02/2023,17/04/2023,,145300.0,20.0,CHF,19/04/2023 18:22
PL-000281,451,2705,43,London,24/02/2023,02/05/2023,,106500.0,21.3,GBP,05/05/2023 19:19
PL-000282,457,2706,66,Dublin,24/02/2023,30/04/2023,,64000.0,23.4,EUR,30/04/2023 13:42
PL-000283,462,2805,182,Hong Kong,24/02/2023,06/04/2023,,729900.0,18.4,HKD,06/04/2023 19:04
PL-000284,390,1090,146,New York,25/02/2023,31/03/2023,,144700.0,15.4,USD,31/03/2023 14:51
PL-000285,428,2693,73,Dublin,25/02/2023,14/04/2023,,90400.0,20.6,EUR,16/04/2023 18:44
PL-000286,494,2964,31,London,25/02/2023,26/03/2023,,73800.0,21.6,GBP,28/03/2023 12:40
PL-000287,363,2240,28,London,26/02/2023,24/04/2023,,74800.0,20.0,GBP,25/04/2023 19:28
PL-000288,425,2587,90,Brussels,26/02/2023,29/04/2023,,107300.0,20.9,EUR,29/04/2023 15:12
PL-000289,443,2970,20,Manchester,26/02/2023,04/05/2023,,81300.0,17.8,GBP,05/05/2023 11:21
PL-000290,456,2735,210,Malaysia,26/02/2023,02/05/2023,,120100.0,17.9,MYR,02/05/2023 12:07
PL-000291,483,3060,135,Zurich,26/02/2023,27/04/2023,,135200.0,19.2,CHF,30/04/2023 15:53
PL-000292,506,2428,108,Paris,26/02/2023,12/04/2023,,63700.0,22.4,EUR,15/04/2023 09:00
PL-000293,509,2657,2,Manchester,26/02/2023,10/04/2023,,80300.0,18.4,GBP,12/04/2023 07:07
PL-000294,537,3080,151,New York,26/02/2023,26/03/2023,,128700.0,16.3,USD,28/03/2023 07:19
PL-000295,555,3232,184,Hong Kong,26/02/2023,08/04/2023,,550100.0,18.3,HKD,08/04/2023 20:13
PL-000296,351,2298,100,Madrid,27/02/2023,21/04/2023,,77200.0,18.0,EUR,23/04/2023 10:04
PL-000297,375,2496,76,Dublin,27/02/2023,15/05/2023,,85900.0,18.5,EUR,18/05/2023 18:27
PL-000298,459,2736,126,Paris,27/02/2023,06/05/2023,,64600.0,24.9,EUR,09/05/2023 19:55
PL-000299,481,2908,80,Amsterdam,27/02/2023,02/04/2023,,79000.0,20.6,EUR,03/04/2023 19:30
PL-000300,354,2277,166,New York,28/02/2023,04/04/2023,,166500.0,17.3,USD,05/04/2023 17:53
PL-000301,406,2613,142,Zurich,28/02/2023,09/04/2023,,141100.0,22.4,CHF,10/04/2023 10:45
PL-000302,453,2162,98,Madrid,28/02/2023,29/04/2023,,59900.0,19.1,EUR,30/04/2023 15:15
PL-000303,476,2043,58,London,28/02/2023,21/04/2023,,84200.0,20.7,GBP,24/04/2023 07:44
PL-000304,553,3293,175,Charlotte,28/02/2023,03/04/2023,,117500.0,20.7,USD,06/04/2023 08:43
PL-000305,397,2680,30,London,01/03/2023,23/04/2023,,98400.0,21.4,GBP,24/04/2023 11:35
PL-000306,474,2779,29,London,01/03/2023,24/04/2023,16/05/2023,97800.0,21.0,GBP,19/05/2023 09:37
PL-000307,480,2814,174,Charlotte,01/03/2023,05/05/2023,,71300.0,20.0,USD,05/05/2023 07:52
PL-000308,570,3659,197,Singapore,01/03/2023,02/04/2023,,163400.0,22.1,SGD,04/04/2023 11:51
PL-000309,429,2892,83,Amsterdam,02/03/2023,08/04/2023,,86800.0,20.1,EUR,10/04/2023 07:49
PL-000310,463,2709,186,Hong Kong,02/03/2023,21/05/2023,,657200.0,15.6,HKD,22/05/2023 14:19
PL-000311,495,2948,32,London,02/03/2023,01/04/2023,,111800.0,19.7,GBP,04/04/2023 08:33
PL-000312,501,2993,209,Malaysia,02/03/2023,19/04/2023,,192000.0,18.2,MYR,22/04/2023 14:44
PL-000313,503,3037,166,New York,02/03/2023,23/04/2023,,180400.0,19.9,USD,26/04/2023 10:03
PL-000314,547,3227,13,Manchester,02/03/2023,10/05/2023,,63200.0,20.0,GBP,12/05/2023 19:43
PL-000315,446,2924,194,Singapore,03/03/2023,08/05/2023,,131800.0,17.1,SGD,11/05/2023 20:48
PL-000316,458,2873,110,Paris,03/03/2023,20/04/2023,,88800.0,18.2,EUR,20/04/2023 15:31
PL-000317,468,2905,177,Charlotte,03/03/2023,06/04/2023,,90600.0,19.7,USD,08/04/2023 14:45
PL-000318,521,503,38,London,03/03/2023,25/05/2023,28/06/2023,79100.0,16.9,GBP,29/06/2023 10:57
PL-000319,409,2430,168,New York,04/03/2023,27/04/2023,,121500.0,18.7,USD,27/04/2023 10:03
PL-000320,450,2732,30,London,04/03/2023,14/05/2023,,128800.0,17.3,GBP,15/05/2023 16:53
PL-000321,541,2252,75,Dublin,04/03/2023,24/04/2023,,69300.0,21.6,EUR,27/04/2023 20:32
PL-000322,368,1720,135,Zurich,05/03/2023,17/05/2023,,133300.0,17.0,CHF,20/05/2023 16:23
PL-000323,432,2820,197,Singapore,05/03/2023,10/04/2023,13/05/2023,152300.0,16.7,SGD,15/05/2023 09:04
PL-000324,513,1620,207,Malaysia,05/03/2023,25/05/2023,,165000.0,17.9,MYR,25/05/2023 08:43
PL-000325,417,2782,177,Charlotte,07/03/2023,18/05/2023,,77000.0,19.7,USD,20/05/2023 11:24
PL-000326,511,1373,88,Brussels,07/03/2023,10/04/2023,,130900.0,20.0,EUR,13/04/2023 16:06
PL-000327,382,2356,1,Manchester,08/03/2023,22/05/2023,,70200.0,20.3,GBP,22/05/2023 10:23
PL-000328,446,1298,194,Singapore,08/03/2023,06/04/2023,,124900.0,22.3,SGD,08/04/2023 10:27
PL-000329,530,3342,49,London,08/03/2023,14/05/2023,25/07/2023,72600.0,16.3,GBP,26/07/2023 14:50
PL-000330,543,3249,165,New York,08/03/2023,08/05/2023,,153100.0,19.5,USD,10/05/2023 15:02
PL-000331,492,3030,68,Dublin,09/03/2023,07/04/2023,,57500.0,18.7,EUR,10/04/2023 09:48
PL-000332,520,1665,23,Manchester,09/03/2023,10/05/2023,,62800.0,17.6,GBP,11/05/2023 17:12
PL-000333,562,3461,121,Paris,09/03/2023,28/04/2023,,58900.0,18.5,EUR,30/04/2023 16:00
PL-000334,598,3605,196,Singapore,09/03/2023,12/05/2023,,107800.0,18.6,SGD,13/05/2023 20:28
PL-000335,461,2928,142,Zurich,10/03/2023,05/05/2023,,146800.0,22.5,CHF,06/05/2023 08:47
PL-000336,467,2903,167,New York,10/03/2023,24/05/2023,,176500.0,20.3,USD,24/05/2023 20:05
PL-000337,499,3213,139,Zurich,10/03/2023,23/04/2023,,94200.0,17.8,CHF,26/04/2023 18:03
PL-000338,541,3314,75,Dublin,10/03/2023,02/05/2023,,69500.0,18.9,EUR,02/05/2023 08:31
PL-000339,404,801,28,London,11/03/2023,02/06/2023,,116100.0,15.8,GBP,03/06/2023 09:07
PL-000340,500,2992,158,New York,11/03/2023,24/04/2023,,175800.0,16.5,USD,26/04/2023 13:16
PL-000341,505,3039,175,Charlotte,11/03/2023,18/05/2023,,72000.0,18.0,USD,21/05/2023 10:32
PL-000342,558,3527,136,Zurich,11/03/2023,10/04/2023,,95700.0,23.9,CHF,12/04/2023 18:46
PL-000343,569,3329,195,Singapore,11/03/2023,27/04/2023,,120600.0,21.2,SGD,29/04/2023 17:55
PL-000344,587,2222,141,Zurich,11/03/2023,31/05/2023,,140800.0,19.7,CHF,31/05/2023 09:20
PL-000345,488,3029,101,Madrid,12/03/2023,30/04/2023,,76800.0,15.8,EUR,30/04/2023 10:59
PL-000346,579,3560,83,Amsterdam,12/03/2023,11/04/2023,11/05/2023,102100.0,22.1,EUR,11/05/2023 08:09
PL-000347,508,1471,211,Malaysia,13/03/2023,20/04/2023,,131500.0,20.7,MYR,21/04/2023 13:17
PL-000348,563,2664,150,New York,13/03/2023,12/05/2023,24/05/2023,106700.0,19.9,USD,25/05/2023 20:35
PL-000349,569,3398,195,Singapore,13/03/2023,07/05/2023,,115400.0,17.2,SGD,07/05/2023 17:31
PL-000350,643,3793,32,London,13/03/2023,02/05/2023,,87200.0,24.0,GBP,02/05/2023 16:32
PL-000351,525,3162,150,New York,14/03/2023,25/04/2023,,109300.0,15.4,USD,27/04/2023 17:35
PL-000352,586,3775,122,Paris,14/03/2023,12/05/2023,,84300.0,19.7,EUR,13/05/2023 10:10
PL-000353,608,3723,197,Singapore,14/03/2023,24/04/2023,,114000.0,17.5,SGD,25/04/2023 08:05
PL-000354,502,3129,41,London,16/03/2023,02/05/2023,05/06/2023,62500.0,18.3,GBP,07/06/2023 07:05
PL-000355,536,3281,141,Zurich,16/03/2023,15/05/2023,,103200.0,18.6,CHF,18/05/2023 14:44
PL-000356,546,3520,166,New York,16/03/2023,24/04/2023,,141100.0,19.0,USD,25/04/2023 08:47
PL-000357,566,1043,98,Madrid,16/03/2023,25/04/2023,,97900.0,16.6,EUR,25/04/2023 10:01
PL-000358,578,3406,79,Amsterdam,16/03/2023,30/04/2023,,89400.0,16.9,EUR,01/05/2023 15:24
PL-000359,626,2014,108,Paris,16/03/2023,14/04/2023,,57800.0,22.2,EUR,15/04/2023 18:41
PL-000360,503,2995,166,New York,17/03/2023,28/05/2023,,187900.0,20.6,USD,28/05/2023 20:07
PL-000361,544,2948,186,Hong Kong,17/03/2023,26/05/2023,,696500.0,22.3,HKD,26/05/2023 07:26
PL-000362,557,3700,38,London,17/03/2023,19/05/2023,,86500.0,19.5,GBP,22/05/2023 18:09
PL-000363,519,3188,121,Paris,18/03/2023,01/06/2023,,80900.0,15.6,EUR,02/06/2023 07:39
PL-000364,547,3493,13,Manchester,18/03/2023,14/05/2023,,60600.0,18.7,GBP,17/05/2023 08:02
PL-000365,572,3588,76,Dublin,18/03/2023,14/05/2023,,62700.0,19.0,EUR,16/05/2023 14:36
PL-000366,573,1352,99,Madrid,18/03/2023,11/05/2023,,62100.0,19.8,EUR,11/05/2023 16:38
PL-000367,535,3224,99,Madrid,19/03/2023,11/05/2023,,76000.0,19.2,EUR,12/05/2023 18:05
PL-000368,551,3257,24,Manchester,19/03/2023,18/05/2023,,92400.0,17.9,GBP,21/05/2023 14:32
PL-000369,582,2151,147,New York,19/03/2023,22/05/2023,,142900.0,21.4,USD,25/05/2023 12:34
PL-000370,594,3747,22,Manchester,19/03/2023,17/05/2023,,61300.0,17.0,GBP,19/05/2023 20:00
PL-000371,609,3637,31,London,19/03/2023,31/05/2023,,143100.0,20.6,GBP,31/05/2023 12:59
PL-000372,550,3255,3,Manchester,20/03/2023,05/05/2023,,70500.0,17.9,GBP,06/05/2023 19:45
PL-000373,612,3640,111,Paris,20/03/2023,27/05/2023,19/07/2023,79300.0,20.5,EUR,20/07/2023 19:18
PL-000374,615,2451,185,Hong Kong,20/03/2023,20/04/2023,,688900.0,18.6,HKD,23/04/2023 20:39
PL-000375,629,3996,160,New York,20/03/2023,09/06/2023,,102800.0,24.0,USD,11/06/2023 08:44
PL-000376,632,3694,186,Hong Kong,21/03/2023,26/05/2023,,602000.0,16.8,HKD,26/05/2023 08:32
PL-000377,496,3153,98,Madrid,22/03/2023,21/05/2023,,74900.0,18.5,EUR,21/05/2023 20:48
PL-000378,497,3032,106,Paris,22/03/2023,24/04/2023,,56300.0,18.8,EUR,27/04/2023 19:05
PL-000379,637,2773,158,New York,22/03/2023,04/05/2023,,151200.0,19.0,USD,07/05/2023 18:45
PL-000380,515,3301,82,Amsterdam,23/03/2023,08/05/2023,,79400.0,21.1,EUR,10/05/2023 19:01
PL-000381,560,3132,209,Malaysia,23/03/2023,28/05/2023,,203600.0,18.5,MYR,29/05/2023 20:55
PL-000382,589,3477,177,Charlotte,23/03/2023,06/05/2023,,88700.0,20.1,USD,08/05/2023 12:40
PL-000383,561,3294,23,Manchester,24/03/2023,01/05/2023,,63500.0,18.8,GBP,04/05/2023 07:34
PL-000384,585,547,92,Brussels,24/03/2023,16/06/2023,,107200.0,17.5,EUR,17/06/2023 07:41
PL-000385,512,3332,100,Madrid,25/03/2023,06/06/2023,21/07/2023,65400.0,16.7,EUR,24/07/2023 11:01
PL-000386,550,3522,3,Manchester,25/03/2023,13/05/2023,,59500.0,20.6,GBP,15/05/2023 07:14
PL-000387,564,3584,59,London,25/03/2023,30/05/2023,,108400.0,22.4,GBP,30/05/2023 11:56
PL-000388,591,3563,13,Manchester,25/03/2023,21/05/2023,,51100.0,23.0,GBP,23/05/2023 18:04
PL-000389,649,3818,9,Manchester,25/03/2023,16/06/2023,25/07/2023,99500.0,17.3,GBP,28/07/2023 15:34
PL-000390,654,2086,134,Zurich,25/03/2023,06/06/2023,,89600.0,17.7,CHF,07/06/2023 15:33
PL-000391,643,2580,32,London,26/03/2023,24/04/2023,,92700.0,21.2,GBP,27/04/2023 12:06
PL-000392,646,3927,109,Paris,26/03/2023,27/05/2023,,70500.0,22.4,EUR,28/05/2023 10:26
PL-000393,606,3597,140,Zurich,27/03/2023,01/05/2023,,108000.0,21.3,CHF,03/05/2023 15:46
PL-000394,620,3686,65,Dublin,27/03/2023,10/06/2023,,63400.0,20.3,EUR,10/06/2023 12:27
PL-000395,628,3880,141,Zurich,27/03/2023,29/05/2023,,138900.0,16.5,CHF,01/06/2023 18:18
PL-000396,694,4430,98,Madrid,27/03/2023,13/05/2023,,66000.0,18.6,EUR,16/05/2023 16:02
PL-000397,532,3278,57,London,28/03/2023,11/06/2023,,125100.0,18.0,GBP,12/06/2023 09:11
PL-000398,584,3596,59,London,28/03/2023,23/05/2023,,76900.0,17.2,GBP,24/05/2023 08:10
PL-000399,607,3904,167,New York,28/03/2023,26/04/2023,,180000.0,20.9,USD,27/04/2023 10:02
PL-000400,630,4037,161,New York,28/03/2023,02/05/2023,,119800.0,18.6,USD,05/05/2023 07:56
PL-000401,634,46885,12,Manchester,28/03/2023,30/04/2023,,53400.0,19.4,GBP,02/05/2023 11:36
PL-000402,722,4309,139,Zurich,28/03/2023,09/06/2023,,95300.0,22.6,CHF,12/06/2023 09:03
PL-000403,548,3494,148,New York,29/03/2023,01/06/2023,,105000.0,18.2,USD,02/06/2023 07:09
PL-000404,609,2688,31,London,29/03/2023,26/05/2023,,127700.0,16.5,GBP,28/05/2023 14:00
PL-000405,624,3917,51,London,29/03/2023,11/05/2023,,124600.0,16.3,GBP,13/05/2023 09:23
PL-000406,655,3591,159,New York,29/03/2023,09/05/2023,,120400.0,16.2,USD,11/05/2023 15:46
PL-000407,527,3341,168,New York,30/03/2023,21/05/2023,,149900.0,15.5,USD,21/05/2023 08:08
PL-000408,576,3403,66,Dublin,30/03/2023,25/05/2023,,78300.0,16.5,EUR,25/05/2023 18:32
PL-000409,599,3566,23,Manchester,30/03/2023,05/05/2023,,58300.0,19.8,GBP,07/05/2023 16:29
PL-000410,700,4172,158,New York,30/03/2023,15/05/2023,,112000.0,18.3,USD,17/05/2023 16:19
PL-000411,602,3806,93,Brussels,31/03/2023,22/05/2023,,64700.0,19.9,EUR,25/05/2023 07:53
PL-000412,625,3789,101,Madrid,31/03/2023,08/05/2023,,95500.0,18.6,EUR,08/05/2023 09:46
PL-000413,644,3925,48,London,31/03/2023,16/06/2023,,86600.0,19.8,GBP,16/06/2023 11:56
PL-000414,668,3967,75,Dublin,31/03/2023,06/05/2023,25/05/2023,90900.0,20.4,EUR,28/05/2023 12:42
PL-000415,705,4514,151,New York,31/03/2023,20/06/2023,,110500.0,15.3,USD,20/06/2023 12:39
PL-000416,597,3565,110,Paris,01/04/2023,13/06/2023,,76800.0,18.9,EUR,16/06/2023 09:37
PL-000417,648,3817,4,Manchester,01/04/2023,02/06/2023,,72500.0,23.3,GBP,05/06/2023 08:48
PL-000418,662,4047,92,Brussels,01/04/2023,18/06/2023,,85300.0,18.5,EUR,19/06/2023 13:55
PL-000419,738,4627,9,Manchester,01/04/2023,22/06/2023,07/08/2023,57500.0,18.2,GBP,10/08/2023 09:35
PL-000420,576,3742,66,Dublin,02/04/2023,08/05/2023,,80300.0,17.1,EUR,11/05/2023 12:41
PL-000421,627,3879,125,Paris,02/04/2023,18/06/2023,16/07/2023,71000.0,17.5,EUR,18/07/2023 11:18
PL-000422,603,3870,109,Paris,03/04/2023,01/05/2023,,71000.0,18.7,EUR,01/05/2023 20:43
PL-000423,730,4357,168,New York,03/04/2023,07/05/2023,,132300.0,18.2,USD,08/05/2023 14:04
PL-000424,737,4599,6,Manchester,03/04/2023,03/06/2023,,65200.0,17.6,GBP,03/06/2023 16:27
PL-000425,549,3575,184,Hong Kong,04/04/2023,15/05/2023,,504500.0,23.4,HKD,17/05/2023 13:02
PL-000426,633,3998,7,Manchester,04/04/2023,10/06/2023,,47200.0,17.9,GBP,11/06/2023 07:59
PL-000427,708,4372,14,Manchester,04/04/2023,20/06/2023,,66900.0,19.3,GBP,21/06/2023 17:32
PL-000428,720,4467,76,Dublin,04/04/2023,14/06/2023,,98800.0,20.4,EUR,16/06/2023 18:07
PL-000429,729,4385,57,London,04/04/2023,16/05/2023,,81400.0,19.3,GBP,18/05/2023 19:10
PL-000430,739,4504,14,Manchester,04/04/2023,10/06/2023,,44500.0,23.7,GBP,11/06/2023 07:26
PL-000431,716,3649,23,Manchester,05/04/2023,23/06/2023,,74500.0,18.0,GBP,23/06/2023 10:27
PL-000432,623,3915,29,London,06/04/2023,05/06/2023,,101800.0,18.8,GBP,07/06/2023 12:13
PL-000433,732,4595,41,London,06/04/2023,18/05/2023,,88900.0,18.8,GBP,21/05/2023 09:19
PL-000434,770,4733,133,Zurich,06/04/2023,22/06/2023,,94000.0,22.2,CHF,24/06/2023 13:43
PL-000435,596,3899,107,Paris,07/04/2023,25/05/2023,,59500.0,16.7,EUR,27/05/2023 19:28
PL-000436,665,4223,28,London,07/04/2023,20/06/2023,,90500.0,18.0,GBP,23/06/2023 08:03
PL-000437,592,3539,30,London,08/04/2023,07/05/2023,,97300.0,16.9,GBP,08/05/2023 10:26
PL-000438,635,4001,89,Brussels,08/04/2023,21/06/2023,04/08/2023,102200.0,22.7,EUR,05/08/2023 19:24
PL-000439,691,4144,176,Charlotte,08/04/2023,22/06/2023,,110800.0,21.3,USD,22/06/2023 07:54
PL-000440,622,3731,143,Zurich,09/04/2023,17/05/2023,,128800.0,22.1,CHF,18/05/2023 08:44
PL-000441,701,4266,187,Hong Kong,09/04/2023,22/05/2023,24/06/2023,590200.0,20.2,HKD,24/06/2023 11:51
PL-000442,714,3796,48,London,09/04/2023,19/05/2023,,93900.0,19.3,GBP,22/05/2023 12:59
PL-000443,743,4630,135,Zurich,09/04/2023,07/06/2023,,127700.0,19.0,CHF,07/06/2023 14:30
PL-000444,782,4706,177,Charlotte,09/04/2023,31/05/2023,,111800.0,20.6,USD,03/06/2023 20:25
PL-000445,621,4060,97,Madrid,10/04/2023,16/05/2023,,72000.0,19.0,EUR,16/05/2023 11:42
PL-000446,671,4014,162,New York,10/04/2023,17/06/2023,,160700.0,18.4,USD,18/06/2023 09:03
PL-000447,711,3878,83,Amsterdam,10/04/2023,13/06/2023,,65300.0,17.7,EUR,13/06/2023 16:29
PL-000448,730,4070,168,New York,10/04/2023,12/05/2023,,138100.0,16.2,USD,15/05/2023 13:30
PL-000449,740,4261,52,London,10/04/2023,04/06/2023,,81800.0,20.0,GBP,07/06/2023 13:37
PL-000450,747,2173,82,Amsterdam,10/04/2023,18/06/2023,,65900.0,16.8,EUR,19/06/2023 13:40
PL-000451,670,3969,100,Madrid,11/04/2023,22/06/2023,,87300.0,16.0,EUR,23/06/2023 14:13
PL-000452,735,4476,51,London,11/04/2023,15/05/2023,15/07/2023,94600.0,17.1,GBP,17/07/2023 19:37
PL-000453,775,4203,98,Madrid,11/04/2023,23/05/2023,,55800.0,16.9,EUR,24/05/2023 12:36
PL-000454,574,3662,124,Paris,12/04/2023,09/06/2023,,58700.0,17.7,EUR,10/06/2023 19:34
PL-000455,631,2573,174,Charlotte,12/04/2023,25/06/2023,,65600.0,22.1,USD,26/06/2023 09:25
PL-000456,685,4121,37,London,12/04/2023,02/06/2023,12/06/2023,84500.0,18.5,GBP,14/06/2023 08:48
PL-000457,692,4397,3,Manchester,12/04/2023,30/06/2023,,77700.0,20.0,GBP,01/07/2023 20:15
PL-000458,706,3529,209,Malaysia,12/04/2023,04/06/2023,,149900.0,18.7,MYR,05/06/2023 16:51
PL-000459,729,2564,57,London,12/04/2023,13/06/2023,,73200.0,17.8,GBP,14/06/2023 14:09
PL-000460,790,4748,196,Singapore,12/04/2023,19/05/2023,,155300.0,18.5,SGD,22/05/2023 20:13
PL-000461,652,4131,106,Paris,13/04/2023,17/06/2023,,70500.0,18.0,EUR,19/06/2023 19:49
PL-000462,661,4189,51,London,15/04/2023,22/06/2023,,75500.0,19.1,GBP,22/06/2023 07:29
PL-000463,674,4227,68,Dublin,15/04/2023,24/06/2023,,60100.0,19.9,EUR,25/06/2023 12:43
PL-000464,774,3987,42,London,15/04/2023,24/06/2023,,70500.0,22.9,GBP,24/06/2023 16:17
PL-000465,805,2354,140,Zurich,15/04/2023,14/06/2023,,120100.0,20.5,CHF,14/06/2023 13:50
PL-000466,710,4349,67,Dublin,16/04/2023,03/06/2023,,93900.0,19.0,EUR,04/06/2023 10:47
PL-000467,734,4550,47,London,16/04/2023,03/06/2023,,82000.0,18.5,GBP,05/06/2023 07:10
PL-000468,736,4757,210,Malaysia,16/04/2023,21/06/2023,,144000.0,18.9,MYR,21/06/2023 11:05
PL-000469,742,4552,109,Paris,16/04/2023,16/06/2023,,60700.0,23.1,EUR,19/06/2023 17:06
PL-000470,821,4900,197,Singapore,16/04/2023,22/06/2023,,154000.0,19.8,SGD,24/06/2023 09:21
PL-000471,667,1985,41,London,17/04/2023,03/06/2023,,106500.0,18.8,GBP,03/06/2023 09:43
PL-000472,786,4857,108,Paris,17/04/2023,19/05/2023,,76400.0,18.6,EUR,21/05/2023 13:08
PL-000473,826,3123,126,Paris,17/04/2023,22/06/2023,,51800.0,17.5,EUR,22/06/2023 14:08
PL-000474,760,4637,182,Hong Kong,18/04/2023,01/06/2023,,643300.0,17.6,HKD,04/06/2023 17:08
PL-000475,762,4560,150,New York,19/04/2023,18/06/2023,,131400.0,19.5,USD,19/06/2023 09:07
PL-000476,772,4702,149,New York,19/04/2023,22/05/2023,,140100.0,16.4,USD,22/05/2023 17:57
PL-000477,801,4891,159,New York,19/04/2023,15/06/2023,28/08/2023,119600.0,23.2,USD,31/08/2023 08:20
PL-000478,748,4036,99,Madrid,20/04/2023,31/05/2023,,85900.0,17.9,EUR,31/05/2023 19:32
PL-000479,763,4609,194,Singapore,21/04/2023,09/06/2023,,146200.0,15.5,SGD,12/06/2023 19:06
PL-000480,849,2211,146,New York,21/04/2023,04/07/2023,,92200.0,19.4,USD,06/07/2023 19:35
PL-000481,719,4543,38,London,22/04/2023,25/06/2023,11/08/2023,102000.0,21.3,GBP,13/08/2023 12:35
PL-000482,707,4330,2,Manchester,23/04/2023,05/07/2023,,91800.0,20.6,GBP,07/07/2023 15:12
PL-000483,756,2161,136,Zurich,23/04/2023,14/07/2023,,172300.0,20.1,CHF,15/07/2023 18:10
PL-000484,767,5020,49,London,23/04/2023,07/07/2023,,65600.0,19.5,GBP,10/07/2023 13:50
PL-000485,802,2248,165,New York,23/04/2023,29/05/2023,,122000.0,16.4,USD,30/05/2023 11:21
PL-000486,819,2654,183,Hong Kong,23/04/2023,06/06/2023,,854100.0,19.0,HKD,09/06/2023 07:46
PL-000487,827,5169,132,Zurich,23/04/2023,08/06/2023,,120700.0,19.9,CHF,11/06/2023 20:03
PL-000488,733,2161,43,London,24/04/2023,12/06/2023,,65400.0,19.6,GBP,13/06/2023 17:49
PL-000489,828,5205,210,Malaysia,25/04/2023,22/06/2023,,135300.0,21.2,MYR,25/06/2023 19:44
PL-000490,741,1859,66,Dublin,26/04/2023,21/06/2023,,78100.0,18.8,EUR,21/06/2023 10:21
PL-000491,798,4888,79,Amsterdam,26/04/2023,24/05/2023,,79900.0,16.1,EUR,25/05/2023 18:32
PL-000492,737,4713,6,Manchester,27/04/2023,02/07/2023,,68100.0,16.3,GBP,03/07/2023 19:20
PL-000493,869,5347,194,Singapore,27/04/2023,06/06/2023,,170100.0,21.5,SGD,07/06/2023 10:52
PL-000494,706,4436,209,Malaysia,28/04/2023,03/06/2023,05/06/2023,153000.0,22.3,MYR,06/06/2023 17:08
PL-000495,717,4587,161,New York,28/04/2023,24/06/2023,,98000.0,17.0,USD,26/06/2023 07:44
PL-000496,755,4607,93,Brussels,28/04/2023,03/06/2023,,67600.0,20.4,EUR,06/06/2023 12:54
PL-000497,759,4584,175,Charlotte,28/04/2023,04/07/2023,,101900.0,18.8,USD,05/07/2023 19:29
PL-000498,791,2543,13,Manchester,28/04/2023,12/06/2023,,81000.0,19.7,GBP,12/06/2023 20:02
PL-000499,795,5060,198,Singapore,28/04/2023,03/07/2023,,127300.0,22.0,SGD,04/07/2023 09:55
PL-000500,699,1857,74,Dublin,29/04/2023,15/07/2023,08/08/2023,91300.0,22.9,EUR,11/08/2023 09:00
PL-000501,749,4009,176,Charlotte,29/04/2023,05/06/2023,,115100.0,22.7,USD,08/06/2023 11:06
PL-000502,803,4960,7,Manchester,30/04/2023,30/06/2023,,66300.0,23.7,GBP,30/06/2023 13:21
PL-000503,814,3831,134,Zurich,30/04/2023,02/06/2023,,130700.0,22.8,CHF,03/06/2023 09:50
PL-000504,824,4902,57,London,30/04/2023,16/06/2023,,126300.0,24.4,GBP,18/06/2023 15:59
PL-000505,688,4363,133,Zurich,01/05/2023,06/07/2023,,132300.0,18.3,CHF,06/07/2023 07:33
PL-000506,761,4660,184,Hong Kong,01/05/2023,28/06/2023,,633300.0,17.6,HKD,28/06/2023 07:15
PL-000507,792,2903,42,London,01/05/2023,03/06/2023,,84800.0,17.8,GBP,05/06/2023 19:41
PL-000508,823,4527,4,Manchester,01/05/2023,20/06/2023,,86400.0,19.3,GBP,22/06/2023 08:11
PL-000509,796,5027,11,Manchester,02/05/2023,22/07/2023,,92400.0,23.7,GBP,23/07/2023 15:57
PL-000510,812,4967,101,Madrid,02/05/2023,16/06/2023,,93600.0,19.7,EUR,16/06/2023 09:47
PL-000511,818,5256,148,New York,02/05/2023,17/06/2023,,146800.0,17.0,USD,19/06/2023 08:45
PL-000512,845,5335,75,Dublin,02/05/2023,05/06/2023,,90800.0,21.0,EUR,08/06/2023 10:28
PL-000513,686,4362,55,London,03/05/2023,21/07/2023,,127000.0,22.7,GBP,24/07/2023 15:50
PL-000514,778,4776,3,Manchester,03/05/2023,31/05/2023,02/06/2023,64100.0,20.2,GBP,02/06/2023 12:06
PL-000515,817,5037,121,Paris,03/05/2023,07/07/2023,,78800.0,19.9,EUR,07/07/2023 12:36
PL-000516,777,2833,174,Charlotte,04/05/2023,03/06/2023,,107400.0,16.1,USD,06/06/2023 10:41
PL-000517,783,4812,30,London,04/05/2023,04/06/2023,,127500.0,22.3,GBP,04/06/2023 15:00
PL-000518,771,4943,147,New York,05/05/2023,30/06/2023,,131300.0,16.3,USD,30/06/2023 11:24
PL-000519,813,4532,126,Paris,05/05/2023,21/06/2023,,71800.0,17.7,EUR,22/06/2023 07:28
PL-000520,715,4351,109,Paris,06/05/2023,23/07/2023,,90300.0,19.5,EUR,26/07/2023 20:08
PL-000521,750,3844,20,Manchester,06/05/2023,28/07/2023,,76800.0,19.8,GBP,31/07/2023 19:49
PL-000522,753,1730,8,Manchester,06/05/2023,10/07/2023,,81600.0,16.8,GBP,11/07/2023 07:27
PL-000523,854,5364,57,London,06/05/2023,26/07/2023,,68300.0,20.5,GBP,29/07/2023 17:26
PL-000524,921,5497,90,Brussels,06/05/2023,19/06/2023,,100900.0,20.3,EUR,19/06/2023 07:39
PL-000525,751,2900,100,Madrid,07/05/2023,29/06/2023,07/08/2023,59700.0,17.6,EUR,09/08/2023 14:29
PL-000526,769,3823,101,Madrid,07/05/2023,18/07/2023,,62800.0,21.8,EUR,18/07/2023 11:02
PL-000527,825,5276,125,Paris,07/05/2023,30/06/2023,,74900.0,18.1,EUR,30/06/2023 12:50
PL-000528,839,5263,141,Zurich,07/05/2023,26/07/2023,,146200.0,20.2,CHF,27/07/2023 16:37
PL-000529,841,5141,186,Hong Kong,07/05/2023,24/06/2023,,616300.0,19.7,HKD,24/06/2023 15:07
PL-000530,915,5678,51,London,07/05/2023,10/06/2023,,83100.0,22.6,GBP,11/06/2023 12:12
PL-000531,748,4686,99,Madrid,08/05/2023,17/06/2023,02/07/2023,93700.0,19.5,EUR,03/07/2023 16:19
PL-000532,807,5251,58,London,09/05/2023,31/07/2023,,97100.0,19.9,GBP,31/07/2023 11:59
PL-000533,810,5253,90,Brussels,09/05/2023,18/06/2023,,116600.0,20.3,EUR,19/06/2023 13:08
PL-000534,844,5050,140,Zurich,09/05/2023,06/07/2023,,99300.0,17.5,CHF,08/07/2023 13:25
PL-000535,832,5014,198,Singapore,11/05/2023,28/07/2023,,125700.0,16.0,SGD,28/07/2023 14:38
PL-000536,878,5374,133,Zurich,11/05/2023,22/07/2023,,109300.0,19.7,CHF,23/07/2023 08:55
PL-000537,917,5529,89,Brussels,11/05/2023,02/08/2023,,103200.0,17.7,EUR,02/08/2023 19:17
PL-000538,718,4588,1,Manchester,12/05/2023,17/06/2023,,89400.0,17.4,GBP,18/06/2023 16:11
PL-000539,746,4342,58,London,12/05/2023,22/07/2023,,79100.0,19.1,GBP,23/07/2023 09:23
PL-000540,754,2847,89,Brussels,12/05/2023,10/06/2023,,72900.0,16.5,EUR,13/06/2023 20:52
PL-000541,886,5638,177,Charlotte,12/05/2023,08/07/2023,,65800.0,20.6,USD,10/07/2023 18:23
PL-000542,833,5351,208,Malaysia,13/05/2023,08/07/2023,,173500.0,23.0,MYR,10/07/2023 12:43
PL-000543,912,5579,139,Zurich,13/05/2023,13/07/2023,,137300.0,17.4,CHF,14/07/2023 16:25
PL-000544,756,4839,136,Zurich,14/05/2023,28/07/2023,,173500.0,18.9,CHF,30/07/2023 19:21
PL-000545,779,4777,92,Brussels,14/05/2023,25/06/2023,,92300.0,17.4,EUR,26/06/2023 19:01
PL-000546,837,4722,88,Brussels,14/05/2023,29/07/2023,,112800.0,16.3,EUR,01/08/2023 08:17
PL-000547,866,5482,98,Madrid,14/05/2023,28/06/2023,,81200.0,17.4,EUR,29/06/2023 07:38
PL-000548,881,5397,166,New York,14/05/2023,25/07/2023,,117900.0,17.0,USD,28/07/2023 16:46
PL-000549,860,5457,106,Paris,15/05/2023,13/06/2023,,102100.0,22.3,EUR,13/06/2023 18:15
PL-000550,867,3407,110,Paris,15/05/2023,14/06/2023,,68900.0,20.3,EUR,15/06/2023 12:29
PL-000551,938,5729,134,Zurich,15/05/2023,17/07/2023,,88300.0,19.4,CHF,20/07/2023 18:16
PL-000552,835,5298,28,London,16/05/2023,05/07/2023,,89100.0,20.2,GBP,07/07/2023 11:59
PL-000553,931,5630,182,Hong Kong,16/05/2023,02/08/2023,,512300.0,22.7,HKD,03/08/2023 20:25
PL-000554,944,5766,143,Zurich,16/05/2023,02/07/2023,,121400.0,16.7,CHF,02/07/2023 20:38
PL-000555,773,4306,12,Manchester,17/05/2023,25/07/2023,07/09/2023,55700.0,20.4,GBP,07/09/2023 11:55
PL-000556,847,5213,135,Zurich,17/05/2023,17/06/2023,,94600.0,21.0,CHF,19/06/2023 09:27
PL-000557,935,3748,208,Malaysia,17/05/2023,07/07/2023,,187400.0,19.5,MYR,09/07/2023 09:07
PL-000558,822,5168,2,Manchester,19/05/2023,17/06/2023,,93700.0,19.0,GBP,20/06/2023 13:46
PL-000559,830,5327,4,Manchester,19/05/2023,18/07/2023,,74300.0,19.1,GBP,21/07/2023 07:59
PL-000560,868,5368,186,Hong Kong,19/05/2023,12/07/2023,,632100.0,19.0,HKD,14/07/2023 15:41
PL-000561,920,5058,74,Dublin,19/05/2023,10/08/2023,,74300.0,19.2,EUR,12/08/2023 16:40
PL-000562,815,4015,162,New York,20/05/2023,23/06/2023,,129700.0,23.1,USD,23/06/2023 10:19
PL-000563,916,5713,83,Amsterdam,20/05/2023,26/06/2023,,107000.0,18.9,EUR,28/06/2023 11:50
PL-000564,923,5757,141,Zurich,20/05/2023,17/06/2023,,117500.0,21.8,CHF,20/06/2023 18:22
PL-000565,865,5590,73,Dublin,21/05/2023,14/07/2023,,58800.0,21.1,EUR,16/07/2023 08:32
PL-000566,893,5701,98,Madrid,21/05/2023,30/07/2023,,77500.0,19.1,EUR,02/08/2023 18:02
PL-000567,851,5386,1,Manchester,23/05/2023,07/08/2023,,76700.0,17.6,GBP,09/08/2023 15:52
PL-000568,857,5243,123,Paris,23/05/2023,20/07/2023,,48500.0,17.1,EUR,23/07/2023 08:35
PL-000569,900,5779,111,Paris,23/05/2023,09/07/2023,,124000.0,23.5,EUR,10/07/2023 09:01
PL-000570,902,4333,126,Paris,23/05/2023,09/07/2023,,64500.0,19.3,EUR,09/07/2023 08:13
PL-000571,909,5815,81,Amsterdam,23/05/2023,04/07/2023,,95900.0,18.7,EUR,05/07/2023 11:51
PL-000572,925,5557,92,Brussels,23/05/2023,24/07/2023,,122600.0,21.6,EUR,24/07/2023 08:23
PL-000573,905,3629,175,Charlotte,24/05/2023,10/07/2023,,87200.0,19.4,USD,12/07/2023 09:42
PL-000574,913,5783,210,Malaysia,24/05/2023,12/08/2023,,216700.0,18.1,MYR,14/08/2023 18:26
PL-000575,853,5426,55,London,25/05/2023,30/07/2023,,70100.0,18.8,GBP,02/08/2023 12:00
PL-000576,901,5329,124,Paris,25/05/2023,12/07/2023,,89100.0,15.5,EUR,14/07/2023 09:08
PL-000577,917,5582,89,Brussels,25/05/2023,22/06/2023,,97900.0,21.2,EUR,22/06/2023 14:17
PL-000578,942,5798,31,London,25/05/2023,22/06/2023,,114800.0,18.8,GBP,25/06/2023 17:59
PL-000579,955,5170,174,Charlotte,25/05/2023,31/07/2023,,96800.0,22.7,USD,01/08/2023 20:00
PL-000580,799,5103,80,Amsterdam,26/05/2023,21/07/2023,,85900.0,21.6,EUR,22/07/2023 15:00
PL-000581,873,5239,167,New York,26/05/2023,11/08/2023,,192900.0,18.3,USD,14/08/2023 17:38
PL-000582,891,5774,64,Dublin,26/05/2023,24/07/2023,,48000.0,15.7,EUR,27/07/2023 16:34
PL-000583,902,5707,126,Paris,26/05/2023,27/06/2023,,67300.0,19.9,EUR,29/06/2023 07:09
PL-000584,908,46615,80,Amsterdam,26/05/2023,03/07/2023,,76100.0,18.4,EUR,04/07/2023 13:46
PL-000585,975,6068,59,London,26/05/2023,29/07/2023,,94700.0,20.5,GBP,31/07/2023 12:00
PL-000586,885,5543,151,New York,27/05/2023,06/08/2023,,121200.0,20.6,USD,08/08/2023 20:41
PL-000587,903,5449,134,Zurich,27/05/2023,22/07/2023,,77700.0,16.0,CHF,24/07/2023 16:58
PL-000588,929,5880,195,Singapore,27/05/2023,16/07/2023,,115600.0,20.2,SGD,17/07/2023 08:17
PL-000589,888,5421,75,Dublin,28/05/2023,20/08/2023,,89900.0,20.1,EUR,23/08/2023 07:05
PL-000590,939,5945,136,Zurich,28/05/2023,28/07/2023,,91100.0,18.1,CHF,28/07/2023 19:30
PL-000591,766,4940,29,London,29/05/2023,19/07/2023,,79700.0,17.1,GBP,22/07/2023 08:22
PL-000592,926,5720,97,Madrid,29/05/2023,29/06/2023,,91200.0,19.2,EUR,01/07/2023 11:20
PL-000593,911,5621,99,Madrid,01/06/2023,22/08/2023,,92900.0,17.1,EUR,25/08/2023 11:07
PL-000594,989,6217,162,New York,01/06/2023,15/08/2023,,119100.0,21.9,USD,16/08/2023 19:06
PL-000595,857,5429,123,Paris,02/06/2023,16/07/2023,,48800.0,20.2,EUR,17/07/2023 07:17
PL-000596,968,6085,22,Manchester,02/06/2023,30/07/2023,,92400.0,21.1,GBP,02/08/2023 10:45
PL-000597,979,5982,59,London,02/06/2023,18/08/2023,,74700.0,19.3,GBP,18/08/2023 10:40
PL-000598,1023,6460,73,Dublin,02/06/2023,19/07/2023,,73200.0,19.0,EUR,20/07/2023 10:19
PL-000599,858,5480,148,New York,03/06/2023,23/07/2023,06/10/2023,112900.0,17.9,USD,06/10/2023 19:11
PL-000600,896,4455,12,Manchester,03/06/2023,18/08/2023,30/08/2023,64000.0,23.1,GBP,31/08/2023 11:32
PL-000601,932,5861,211,Malaysia,03/06/2023,16/08/2023,28/09/2023,203900.0,23.8,MYR,29/09/2023 14:11
PL-000602,964,6013,91,Brussels,03/06/2023,10/07/2023,,95800.0,18.6,EUR,11/07/2023 12:47
PL-000603,936,5993,3,Manchester,05/06/2023,26/07/2023,,103800.0,17.8,GBP,26/07/2023 15:47
PL-000604,972,6065,146,New York,05/06/2023,04/07/2023,,108100.0,18.2,USD,04/07/2023 12:35
PL-000605,980,6276,82,Amsterdam,05/06/2023,08/08/2023,,73900.0,18.2,EUR,10/08/2023 11:37
PL-000606,948,5924,2,Manchester,06/06/2023,14/07/2023,,66500.0,17.5,GBP,16/07/2023 13:25
PL-000607,1081,6569,186,Hong Kong,06/06/2023,23/07/2023,,638400.0,17.1,HKD,26/07/2023 08:34
PL-000608,877,5664,108,Paris,07/06/2023,22/08/2023,,66900.0,17.1,EUR,22/08/2023 07:03
PL-000609,937,5728,79,Amsterdam,07/06/2023,28/07/2023,,71300.0,16.3,EUR,30/07/2023 10:39
PL-000610,1042,6378,80,Amsterdam,07/06/2023,30/07/2023,,77500.0,23.0,EUR,02/08/2023 14:25
PL-000611,949,5738,31,London,08/06/2023,09/07/2023,,91800.0,18.0,GBP,10/07/2023 08:14
PL-000612,1031,6350,84,Amsterdam,08/06/2023,24/08/2023,,99000.0,21.7,EUR,27/08/2023 19:46
PL-000613,1034,6272,125,Paris,08/06/2023,28/08/2023,,48900.0,19.9,EUR,29/08/2023 17:39
PL-000614,924,5939,32,London,09/06/2023,11/08/2023,,110900.0,19.0,GBP,14/08/2023 11:05
PL-000615,927,3875,167,New York,09/06/2023,29/07/2023,,157700.0,19.0,USD,31/07/2023 11:38
PL-000616,947,5888,165,New York,09/06/2023,21/08/2023,,123700.0,18.3,USD,24/08/2023 11:27
PL-000617,999,5223,126,Paris,10/06/2023,17/07/2023,,83200.0,21.8,EUR,18/07/2023 19:01
PL-000618,930,5078,28,London,11/06/2023,06/08/2023,,136500.0,19.7,GBP,08/08/2023 19:36
PL-000619,966,6014,184,Hong Kong,11/06/2023,14/07/2023,21/08/2023,576400.0,23.2,HKD,21/08/2023 07:15
PL-000620,993,6258,38,London,11/06/2023,27/07/2023,,98300.0,16.1,GBP,27/07/2023 17:15
PL-000621,1001,3124,151,New York,11/06/2023,27/08/2023,,146800.0,22.9,USD,29/08/2023 19:21
PL-000622,987,4954,139,Zurich,12/06/2023,18/08/2023,,151900.0,22.6,CHF,19/08/2023 07:20
PL-000623,1063,6653,11,Manchester,12/06/2023,02/08/2023,25/09/2023,54000.0,18.3,GBP,25/09/2023 16:06
PL-000624,936,6024,3,Manchester,13/06/2023,25/07/2023,,107100.0,18.4,GBP,27/07/2023 11:07
PL-000625,956,6059,196,Singapore,13/06/2023,28/08/2023,,122500.0,20.9,SGD,30/08/2023 16:31
PL-000626,986,6093,107,Paris,13/06/2023,20/08/2023,,82400.0,20.9,EUR,22/08/2023 14:58
PL-000627,1019,6179,197,Singapore,13/06/2023,17/08/2023,,146400.0,16.1,SGD,19/08/2023 08:52
PL-000628,910,5817,84,Amsterdam,14/06/2023,21/07/2023,,86000.0,20.4,EUR,21/07/2023 12:34
PL-000629,943,5691,122,Paris,14/06/2023,01/08/2023,,79300.0,21.1,EUR,01/08/2023 18:36
PL-000630,969,6039,88,Brussels,14/06/2023,15/08/2023,,107400.0,18.3,EUR,18/08/2023 17:29
PL-000631,990,6284,177,Charlotte,15/06/2023,03/09/2023,,109900.0,18.9,USD,05/09/2023 16:30
PL-000632,977,6251,168,New York,16/06/2023,19/07/2023,,174200.0,19.9,USD,22/07/2023 11:14
PL-000633,1015,6203,208,Malaysia,16/06/2023,15/07/2023,,186300.0,22.5,MYR,18/07/2023 16:59
PL-000634,1057,5061,123,Paris,16/06/2023,07/09/2023,,56200.0,21.5,EUR,07/09/2023 12:20
PL-000635,1071,6631,142,Zurich,16/06/2023,28/08/2023,,116500.0,21.3,CHF,29/08/2023 09:19
PL-000636,1083,6615,7,Manchester,16/06/2023,29/07/2023,,60300.0,17.0,GBP,31/07/2023 20:24
PL-000637,997,6101,106,Paris,17/06/2023,15/07/2023,,66500.0,19.7,EUR,15/07/2023 14:10
PL-000638,1004,6228,91,Brussels,17/06/2023,03/08/2023,,106500.0,20.8,EUR,05/08/2023 15:20
PL-000639,1049,6704,207,Malaysia,17/06/2023,07/08/2023,,161500.0,18.6,MYR,07/08/2023 08:44
PL-000640,967,5696,8,Manchester,18/06/2023,20/07/2023,,79400.0,20.7,GBP,21/07/2023 19:31
PL-000641,981,6277,109,Paris,18/06/2023,31/07/2023,,72000.0,19.2,EUR,03/08/2023 16:42
PL-000642,1012,6432,66,Dublin,18/06/2023,25/08/2023,,73400.0,20.0,EUR,28/08/2023 13:04
PL-000643,1026,6549,101,Madrid,18/06/2023,10/09/2023,,80100.0,18.4,EUR,13/09/2023 17:15
PL-000644,1115,6848,37,London,18/06/2023,09/08/2023,,72700.0,19.8,GBP,09/08/2023 07:55
PL-000645,958,6114,56,London,19/06/2023,10/08/2023,,73300.0,17.5,GBP,11/08/2023 09:13
PL-000646,1068,6736,68,Dublin,19/06/2023,29/08/2023,,87000.0,18.6,EUR,29/08/2023 18:54
PL-000647,1129,6882,184,Hong Kong,19/06/2023,01/08/2023,,715500.0,17.7,HKD,03/08/2023 10:08
PL-000648,959,6007,197,Singapore,20/06/2023,07/09/2023,,120200.0,22.4,SGD,10/09/2023 08:38
PL-000649,978,6017,49,London,20/06/2023,31/08/2023,,98300.0,19.1,GBP,02/09/2023 16:23
PL-000650,1047,6642,110,Paris,20/06/2023,10/09/2023,,91100.0,19.2,EUR,12/09/2023 12:39
PL-000651,1051,3684,41,London,20/06/2023,11/08/2023,,82400.0,19.4,GBP,14/08/2023 16:47
PL-000652,1025,6572,100,Madrid,21/06/2023,12/08/2023,,88000.0,17.4,EUR,15/08/2023 07:33
PL-000653,1087,6718,49,London,21/06/2023,13/08/2023,,76600.0,17.3,GBP,16/08/2023 17:33
PL-000654,1008,46833,93,Brussels,22/06/2023,31/08/2023,,121000.0,20.7,EUR,03/09/2023 20:54
PL-000655,1074,3706,209,Malaysia,22/06/2023,07/09/2023,,140200.0,18.0,MYR,08/09/2023 17:57
PL-000656,963,6062,125,Paris,23/06/2023,05/09/2023,,98200.0,22.8,EUR,05/09/2023 08:47
PL-000657,1010,6156,186,Hong Kong,23/06/2023,08/08/2023,,525600.0,19.5,HKD,08/08/2023 15:27
PL-000658,1095,6752,76,Dublin,23/06/2023,02/09/2023,,55900.0,21.4,EUR,03/09/2023 11:12
PL-000659,984,6216,29,London,24/06/2023,27/07/2023,,116900.0,23.0,GBP,28/07/2023 09:48
PL-000660,1016,6367,56,London,24/06/2023,06/09/2023,,76200.0,22.4,GBP,08/09/2023 11:59
PL-000661,1052,6446,92,Brussels,24/06/2023,24/07/2023,,102600.0,22.5,EUR,25/07/2023 08:06
PL-000662,934,5992,175,Charlotte,25/06/2023,15/08/2023,,107000.0,21.0,USD,15/08/2023 13:41
PL-000663,1039,4510,9,Manchester,26/06/2023,09/09/2023,,44000.0,23.4,GBP,10/09/2023 08:23
PL-000664,1051,6498,41,London,26/06/2023,06/08/2023,,89800.0,18.7,GBP,07/08/2023 14:02
PL-000665,1091,6749,175,Charlotte,26/06/2023,04/08/2023,,73200.0,19.0,USD,05/08/2023 08:24
PL-000666,1096,4813,140,Zurich,26/06/2023,01/09/2023,,117200.0,21.6,CHF,01/09/2023 17:08
PL-000667,1103,6727,210,Malaysia,26/06/2023,11/09/2023,,158600.0,19.1,MYR,14/09/2023 09:33
PL-000668,992,6218,20,Manchester,27/06/2023,06/09/2023,,87400.0,22.9,GBP,07/09/2023 18:01
PL-000669,1014,6202,125,Paris,27/06/2023,12/08/2023,,84500.0,16.5,EUR,12/08/2023 17:43
PL-000670,1043,6493,140,Zurich,27/06/2023,03/09/2023,,124300.0,15.7,CHF,03/09/2023 20:55
PL-000671,1062,6502,183,Hong Kong,28/06/2023,11/08/2023,,580200.0,18.2,HKD,14/08/2023 16:33
PL-000672,1098,6962,196,Singapore,28/06/2023,26/08/2023,,124100.0,22.5,SGD,28/08/2023 20:46
PL-000673,1040,6441,166,New York,29/06/2023,28/07/2023,,158700.0,17.8,USD,30/07/2023 07:21
PL-000674,1118,7015,148,New York,29/06/2023,28/08/2023,,100700.0,19.8,USD,31/08/2023 18:44
PL-000675,1084,6745,22,Manchester,30/06/2023,20/09/2023,,78000.0,23.8,GBP,21/09/2023 16:35
PL-000676,1009,6317,184,Hong Kong,01/07/2023,13/08/2023,18/08/2023,617000.0,19.8,HKD,20/08/2023 19:15
PL-000677,1021,5792,14,Manchester,01/07/2023,16/09/2023,29/11/2023,65900.0,15.6,GBP,29/11/2023 19:39
PL-000678,1053,6389,211,Malaysia,01/07/2023,21/08/2023,,153500.0,19.3,MYR,23/08/2023 09:54
PL-000679,974,6184,51,London,03/07/2023,09/09/2023,,76200.0,19.3,GBP,10/09/2023 15:39
PL-000680,1018,6545,135,Zurich,03/07/2023,31/08/2023,,119600.0,18.4,CHF,31/08/2023 11:42
PL-000681,1048,6381,147,New York,03/07/2023,08/09/2023,,98800.0,23.6,USD,08/09/2023 14:10
PL-000682,1080,6448,165,New York,03/07/2023,06/09/2023,,130900.0,16.7,USD,06/09/2023 18:51
PL-000683,1101,6869,134,Zurich,03/07/2023,02/08/2023,,125900.0,23.9,CHF,02/08/2023 20:08
PL-000684,1076,6883,48,London,04/07/2023,14/09/2023,,67600.0,17.0,GBP,15/09/2023 16:51
PL-000685,1088,6839,49,London,04/07/2023,09/09/2023,,111500.0,19.6,GBP,12/09/2023 09:15
PL-000686,1064,6604,67,Dublin,05/07/2023,13/09/2023,,74200.0,20.9,EUR,16/09/2023 17:13
PL-000687,1168,6044,11,Manchester,05/07/2023,02/08/2023,,76200.0,22.5,GBP,05/08/2023 16:27
PL-000688,1013,3792,74,Dublin,06/07/2023,14/09/2023,,65100.0,19.0,EUR,15/09/2023 09:32
PL-000689,1045,6519,6,Manchester,06/07/2023,11/08/2023,,73900.0,18.9,GBP,14/08/2023 08:41
PL-000690,1107,6873,109,Paris,06/07/2023,07/08/2023,,94600.0,17.7,EUR,09/08/2023 19:59
PL-000691,1114,4664,141,Zurich,06/07/2023,17/09/2023,,129000.0,18.5,CHF,17/09/2023 20:05
PL-000692,1097,6701,142,Zurich,07/07/2023,16/08/2023,,91900.0,18.0,CHF,19/08/2023 16:13
PL-000693,1119,6921,159,New York,07/07/2023,07/08/2023,,142400.0,23.1,USD,08/08/2023 14:16
PL-000694,1146,6956,195,Singapore,07/07/2023,23/08/2023,,114100.0,18.0,SGD,23/08/2023 20:02
PL-000695,1086,6037,136,Zurich,08/07/2023,19/09/2023,,84800.0,17.9,CHF,19/09/2023 16:29
PL-000696,1092,6698,198,Singapore,08/07/2023,08/08/2023,,127100.0,18.4,SGD,10/08/2023 16:20
PL-000697,1186,7431,198,Singapore,08/07/2023,16/09/2023,,125500.0,16.7,SGD,17/09/2023 19:07
PL-000698,1085,6637,99,Madrid,09/07/2023,19/09/2023,,104600.0,17.1,EUR,22/09/2023 12:14
PL-000699,1148,5893,39,London,09/07/2023,20/09/2023,,87100.0,21.0,GBP,23/09/2023 19:15
PL-000700,1151,7259,183,Hong Kong,09/07/2023,10/09/2023,,501900.0,20.3,HKD,10/09/2023 19:22
PL-000701,1116,46771,109,Paris,10/07/2023,07/09/2023,,91700.0,17.9,EUR,07/09/2023 16:37
PL-000702,1069,6609,97,Madrid,11/07/2023,16/08/2023,,76000.0,16.6,EUR,17/08/2023 16:44
PL-000703,1178,5329,161,New York,11/07/2023,02/10/2023,,100500.0,22.5,USD,02/10/2023 16:48
PL-000704,1183,7367,99,Madrid,11/07/2023,25/08/2023,,83800.0,20.9,EUR,28/08/2023 16:53
PL-000705,1102,4806,174,Charlotte,13/07/2023,06/09/2023,,89000.0,18.6,USD,07/09/2023 07:15
PL-000706,1153,7261,23,Manchester,13/07/2023,08/09/2023,,89700.0,16.7,GBP,10/09/2023 15:24
PL-000707,1188,6793,28,London,13/07/2023,01/09/2023,,129100.0,17.0,GBP,04/09/2023 20:18
PL-000708,1056,6761,76,Dublin,14/07/2023,22/09/2023,,62400.0,17.1,EUR,23/09/2023 19:46
PL-000709,1105,6965,176,Charlotte,14/07/2023,07/09/2023,,73700.0,22.5,USD,08/09/2023 20:47
PL-000710,1108,6825,167,New York,14/07/2023,10/09/2023,,195800.0,18.9,USD,12/09/2023 10:48
PL-000711,1127,7017,161,New York,14/07/2023,06/09/2023,,127700.0,19.4,USD,06/09/2023 20:23
PL-000712,1055,6760,55,London,15/07/2023,17/09/2023,,55100.0,17.7,GBP,18/09/2023 14:48
PL-000713,1109,4051,182,Hong Kong,15/07/2023,19/09/2023,,636500.0,16.8,HKD,20/09/2023 08:55
PL-000714,1133,6948,101,Madrid,15/07/2023,17/08/2023,,75100.0,19.7,EUR,20/08/2023 18:13
PL-000715,1194,7600,187,Hong Kong,15/07/2023,16/08/2023,,849100.0,17.8,HKD,18/08/2023 18:12
PL-000716,1206,7604,149,New York,15/07/2023,10/09/2023,,103300.0,18.9,USD,12/09/2023 12:05
PL-000717,1128,6971,167,New York,16/07/2023,17/08/2023,,127800.0,23.3,USD,20/08/2023 16:22
PL-000718,1174,7428,123,Paris,17/07/2023,14/08/2023,,60900.0,20.7,EUR,14/08/2023 08:25
PL-000719,1139,7023,43,London,18/07/2023,20/09/2023,,83100.0,17.7,GBP,20/09/2023 20:43
PL-000720,1142,7124,90,Brussels,18/07/2023,31/08/2023,,83500.0,20.4,EUR,03/09/2023 08:17
PL-000721,1219,7517,142,Zurich,19/07/2023,20/09/2023,,155600.0,18.7,CHF,23/09/2023 11:14
PL-000722,1070,6833,101,Madrid,20/07/2023,12/09/2023,,75900.0,18.6,EUR,13/09/2023 09:16
PL-000723,1094,4330,32,London,20/07/2023,19/09/2023,,131300.0,19.4,GBP,21/09/2023 15:21
PL-000724,1132,6495,82,Amsterdam,20/07/2023,23/09/2023,,104700.0,20.0,EUR,23/09/2023 16:04
PL-000725,1160,6511,74,Dublin,20/07/2023,02/10/2023,,67900.0,19.5,EUR,03/10/2023 15:55
PL-000726,1167,5950,208,Malaysia,20/07/2023,29/08/2023,19/11/2023,141700.0,18.2,MYR,20/11/2023 16:50
PL-000727,1171,7239,1,Manchester,20/07/2023,20/09/2023,16/10/2023,87600.0,17.7,GBP,16/10/2023 16:55
PL-000728,1193,6334,177,Charlotte,20/07/2023,28/09/2023,,151700.0,20.3,USD,29/09/2023 15:58
PL-000729,1117,7141,124,Paris,21/07/2023,06/09/2023,,88200.0,17.3,EUR,09/09/2023 16:22
PL-000730,1158,6950,196,Singapore,21/07/2023,09/10/2023,,170300.0,15.8,SGD,10/10/2023 12:31
PL-000731,1170,7311,124,Paris,21/07/2023,23/08/2023,,83900.0,20.0,EUR,24/08/2023 16:21
PL-000732,1179,4875,22,Manchester,21/07/2023,22/08/2023,,76700.0,17.3,GBP,22/08/2023 18:07
PL-000733,1192,7208,168,New York,21/07/2023,04/09/2023,,108900.0,18.0,USD,07/09/2023 18:30
PL-000734,1252,5262,82,Amsterdam,21/07/2023,15/09/2023,,105100.0,17.1,EUR,15/09/2023 19:46
PL-000735,1145,5650,151,New York,22/07/2023,10/10/2023,,96400.0,18.7,USD,11/10/2023 20:21
PL-000736,1165,7452,133,Zurich,22/07/2023,11/10/2023,,131000.0,18.6,CHF,11/10/2023 16:24
PL-000737,1173,7315,84,Amsterdam,22/07/2023,30/08/2023,,73300.0,20.4,EUR,02/09/2023 19:52
PL-000738,1177,7240,159,New York,22/07/2023,18/09/2023,,122700.0,19.5,USD,19/09/2023 20:09
PL-000739,1191,7535,122,Paris,22/07/2023,09/10/2023,,56900.0,19.1,EUR,12/10/2023 16:33
PL-000740,1212,7718,147,New York,22/07/2023,04/10/2023,,168100.0,21.0,USD,05/10/2023 16:39
PL-000741,1150,46523,176,Charlotte,23/07/2023,09/10/2023,,100000.0,21.9,USD,09/10/2023 10:36
PL-000742,1169,7309,12,Manchester,23/07/2023,30/09/2023,,83300.0,23.5,GBP,03/10/2023 11:44
PL-000743,1185,6488,182,Hong Kong,23/07/2023,27/08/2023,,856800.0,19.1,HKD,27/08/2023 10:30
PL-000744,1200,7330,31,London,23/07/2023,21/08/2023,28/08/2023,81900.0,18.5,GBP,31/08/2023 15:55
PL-000745,1230,7826,8,Manchester,23/07/2023,12/09/2023,,74700.0,19.2,GBP,13/09/2023 14:11
PL-000746,1106,7076,42,London,24/07/2023,24/09/2023,,68900.0,17.6,GBP,25/09/2023 18:23
PL-000747,1130,7181,2,Manchester,24/07/2023,29/09/2023,,88100.0,18.3,GBP,01/10/2023 18:25
PL-000748,1213,7415,198,Singapore,24/07/2023,26/08/2023,,142500.0,22.1,SGD,28/08/2023 16:32
PL-000749,1220,7443,146,New York,24/07/2023,29/08/2023,,97000.0,22.2,USD,31/08/2023 17:59
PL-000750,1133,6973,101,Madrid,25/07/2023,05/10/2023,,81100.0,18.1,EUR,08/10/2023 18:41
PL-000751,1161,7130,90,Brussels,25/07/2023,20/09/2023,,104000.0,18.2,EUR,21/09/2023 11:00
PL-000752,1189,7206,32,London,25/07/2023,07/09/2023,23/09/2023,109900.0,20.5,GBP,25/09/2023 15:16
PL-000753,1251,7835,209,Malaysia,25/07/2023,28/09/2023,,137300.0,17.8,MYR,30/09/2023 18:35
PL-000754,1060,6732,57,London,27/07/2023,02/10/2023,09/10/2023,104900.0,16.9,GBP,12/10/2023 10:18
PL-000755,1164,5657,110,Paris,27/07/2023,14/09/2023,,75700.0,18.1,EUR,17/09/2023 12:05
PL-000756,1206,7514,149,New York,27/07/2023,02/09/2023,26/10/2023,103100.0,20.4,USD,27/10/2023 10:54
PL-000757,1243,7622,41,London,27/07/2023,10/10/2023,,57100.0,17.8,GBP,10/10/2023 20:48
PL-000758,1141,7094,80,Amsterdam,28/07/2023,23/09/2023,,83700.0,18.4,EUR,26/09/2023 19:51
PL-000759,1175,7429,141,Zurich,28/07/2023,28/08/2023,,137300.0,19.2,CHF,31/08/2023 08:03
PL-000760,1220,6742,146,New York,28/07/2023,18/09/2023,,91200.0,18.4,USD,21/09/2023 08:01
PL-000761,1224,7748,51,London,29/07/2023,05/09/2023,,105300.0,19.0,GBP,08/09/2023 10:31
PL-000762,1225,7615,59,London,29/07/2023,09/09/2023,,97800.0,19.5,GBP,09/09/2023 18:52
PL-000763,1246,7735,209,Malaysia,29/07/2023,11/10/2023,,242700.0,16.6,MYR,13/10/2023 17:24
PL-000764,1154,7263,49,London,30/07/2023,19/09/2023,,84200.0,15.8,GBP,19/09/2023 17:53
PL-000765,1221,7723,162,New York,30/07/2023,27/08/2023,28/08/2023,124000.0,17.1,USD,30/08/2023 14:29
PL-000766,1248,7736,39,London,30/07/2023,12/09/2023,,75500.0,21.1,GBP,15/09/2023 20:07
PL-000767,1263,6647,135,Zurich,30/07/2023,31/08/2023,,105900.0,18.5,CHF,03/09/2023 08:56
PL-000768,1093,4591,28,London,31/07/2023,16/10/2023,21/11/2023,76900.0,17.8,GBP,23/11/2023 18:09
PL-000769,1101,6935,134,Zurich,31/07/2023,10/10/2023,,130900.0,17.5,CHF,11/10/2023 16:09
PL-000770,1140,7257,47,London,31/07/2023,14/09/2023,,92900.0,21.1,GBP,14/09/2023 14:58
PL-000771,1157,7420,93,Brussels,01/08/2023,06/09/2023,,91600.0,18.0,EUR,06/09/2023 18:37
PL-000772,1229,7772,107,Paris,01/08/2023,22/09/2023,,67500.0,20.3,EUR,24/09/2023 18:53
PL-000773,1234,7586,81,Amsterdam,01/08/2023,25/09/2023,15/10/2023,109200.0,21.9,EUR,18/10/2023 15:18
PL-000774,1244,7675,64,Dublin,01/08/2023,15/10/2023,,55600.0,19.3,EUR,16/10/2023 08:30
PL-000775,1257,7786,92,Brussels,01/08/2023,15/10/2023,,98900.0,17.6,EUR,15/10/2023 07:16
PL-000776,1270,6517,143,Zurich,01/08/2023,31/08/2023,,142800.0,19.0,CHF,03/09/2023 13:36
PL-000777,1152,6987,196,Singapore,02/08/2023,04/09/2023,,100500.0,22.0,SGD,04/09/2023 19:49
PL-000778,1308,7626,51,London,02/08/2023,05/10/2023,,81800.0,22.2,GBP,06/10/2023 17:30
PL-000779,1133,7253,101,Madrid,03/08/2023,20/09/2023,,79200.0,22.6,EUR,22/09/2023 14:09
PL-000780,1237,7526,197,Singapore,03/08/2023,23/09/2023,,142600.0,17.5,SGD,26/09/2023 16:45
PL-000781,1242,7674,186,Hong Kong,03/08/2023,10/09/2023,,435700.0,18.9,HKD,13/09/2023 10:01
PL-000782,1249,7679,92,Brussels,03/08/2023,30/09/2023,,99800.0,18.6,EUR,01/10/2023 08:52
PL-000783,1299,8053,142,Zurich,04/08/2023,21/10/2023,,128900.0,17.2,CHF,21/10/2023 09:09
PL-000784,1199,7461,4,Manchester,05/08/2023,25/10/2023,,70800.0,20.8,GBP,25/10/2023 16:07
PL-000785,1211,7414,147,New York,05/08/2023,12/09/2023,,134900.0,18.2,USD,13/09/2023 20:48
PL-000786,1258,7809,24,Manchester,05/08/2023,09/09/2023,23/11/2023,70100.0,21.9,GBP,24/11/2023 09:13
PL-000787,1266,46879,66,Dublin,05/08/2023,25/09/2023,,80900.0,15.7,EUR,27/09/2023 15:36
PL-000788,1267,7987,139,Zurich,05/08/2023,24/09/2023,,142300.0,19.3,CHF,26/09/2023 07:33
PL-000789,1290,8082,111,Paris,05/08/2023,21/10/2023,,92200.0,21.2,EUR,24/10/2023 14:59
PL-000790,1222,6773,29,London,06/08/2023,07/10/2023,27/10/2023,80700.0,18.3,GBP,27/10/2023 14:37
PL-000791,1260,7944,106,Paris,06/08/2023,20/10/2023,,87300.0,18.8,EUR,20/10/2023 16:24
PL-000792,1349,8293,42,London,06/08/2023,13/09/2023,,68000.0,24.8,GBP,13/09/2023 10:58
PL-000793,1195,7602,48,London,07/08/2023,20/09/2023,,76000.0,21.1,GBP,20/09/2023 14:22
PL-000794,1216,7416,75,Dublin,07/08/2023,09/10/2023,09/12/2023,90500.0,20.9,EUR,09/12/2023 09:09
PL-000795,1285,7153,57,London,07/08/2023,25/10/2023,,94000.0,19.6,GBP,26/10/2023 16:14
PL-000796,1205,7439,93,Brussels,08/08/2023,21/09/2023,,83700.0,20.4,EUR,23/09/2023 20:52
PL-000797,1272,7904,176,Charlotte,08/08/2023,13/10/2023,,78400.0,19.6,USD,16/10/2023 14:39
PL-000798,1203,6641,185,Hong Kong,09/08/2023,06/10/2023,,815300.0,22.4,HKD,09/10/2023 12:47
PL-000799,1227,7643,13,Manchester,09/08/2023,19/09/2023,,67200.0,20.0,GBP,20/09/2023 12:18
PL-000800,1302,5440,98,Madrid,09/08/2023,15/10/2023,,64500.0,17.3,EUR,18/10/2023 07:51
PL-000801,1135,7255,55,London,10/08/2023,27/10/2023,,90100.0,15.6,GBP,27/10/2023 12:06
PL-000802,1182,5471,73,Dublin,10/08/2023,15/10/2023,,110900.0,17.7,EUR,16/10/2023 10:46
PL-000803,1239,7560,4,Manchester,10/08/2023,08/10/2023,,71000.0,19.3,GBP,08/10/2023 08:29
PL-000804,1238,5141,211,Malaysia,11/08/2023,19/09/2023,,164000.0,21.6,MYR,21/09/2023 20:11
PL-000805,1269,7936,112,Paris,12/08/2023,07/10/2023,,78100.0,16.0,EUR,09/10/2023 18:02
PL-000806,1273,6066,22,Manchester,12/08/2023,02/10/2023,,60400.0,21.1,GBP,03/10/2023 11:44
PL-000807,1311,6511,150,New York,13/08/2023,05/11/2023,,98700.0,23.1,USD,07/11/2023 15:21
PL-000808,1321,8104,43,London,13/08/2023,24/09/2023,,77900.0,18.0,GBP,24/09/2023 14:06
PL-000809,1361,8413,177,Charlotte,13/08/2023,26/09/2023,,100100.0,18.6,USD,27/09/2023 13:32
PL-000810,1204,7713,80,Amsterdam,14/08/2023,16/09/2023,,82900.0,19.4,EUR,19/09/2023 08:53
PL-000811,1265,7933,2,Manchester,14/08/2023,03/10/2023,,47700.0,20.0,GBP,06/10/2023 07:00
PL-000812,1296,8117,142,Zurich,14/08/2023,05/11/2023,,121400.0,19.5,CHF,05/11/2023 16:51
PL-000813,1297,7591,160,New York,14/08/2023,21/10/2023,,128900.0,20.9,USD,23/10/2023 14:06
PL-000814,1322,7272,64,Dublin,14/08/2023,23/09/2023,,85400.0,18.9,EUR,24/09/2023 09:01
PL-000815,1339,8201,66,Dublin,14/08/2023,31/10/2023,,63700.0,19.4,EUR,01/11/2023 07:10
PL-000816,1306,8122,30,London,15/08/2023,25/10/2023,,128100.0,17.9,GBP,27/10/2023 16:30
PL-000817,1352,8233,108,Paris,15/08/2023,10/10/2023,,77300.0,23.2,EUR,11/10/2023 18:47
PL-000818,1355,5579,185,Hong Kong,15/08/2023,29/10/2023,,522900.0,17.5,HKD,31/10/2023 18:55
PL-000819,1268,7935,183,Hong Kong,16/08/2023,07/11/2023,,594300.0,0,HKD,10/11/2023 17:11
PL-000820,1276,8041,165,New York,16/08/2023,06/10/2023,,104700.0,18.5,USD,07/10/2023 09:08
PL-000821,1289,7157,110,Paris,16/08/2023,17/09/2023,,98700.0,22.2,EUR,19/09/2023 08:15
PL-000822,1295,8022,136,Zurich,16/08/2023,29/09/2023,,83200.0,16.8,CHF,30/09/2023 12:12
PL-000823,1332,8257,8,Manchester,16/08/2023,19/09/2023,,59500.0,19.2,GBP,22/09/2023 14:34
PL-000824,1282,7885,135,Zurich,17/08/2023,26/09/2023,,105800.0,19.3,CHF,26/09/2023 19:46
PL-000825,1287,8171,151,New York,17/08/2023,22/09/2023,,115800.0,19.4,USD,25/09/2023 07:49
PL-000826,1318,8186,13,Manchester,17/08/2023,28/09/2023,,68200.0,16.4,GBP,28/09/2023 16:23
PL-000827,1333,8313,74,Dublin,17/08/2023,09/10/2023,,84100.0,19.2,EUR,12/10/2023 08:32
PL-000828,1363,5552,42,London,17/08/2023,27/09/2023,,76500.0,16.3,GBP,27/09/2023 07:02
PL-000829,1256,7684,84,Amsterdam,18/08/2023,13/10/2023,24/10/2023,95700.0,23.1,EUR,26/10/2023 15:18
PL-000830,1300,8000,195,Singapore,18/08/2023,19/09/2023,,165500.0,17.8,SGD,19/09/2023 12:22
PL-000831,1354,8322,184,Hong Kong,18/08/2023,16/09/2023,,550600.0,17.8,HKD,18/09/2023 18:04
PL-000832,1354,8350,184,Hong Kong,18/08/2023,31/10/2023,,532800.0,16.9,HKD,03/11/2023 14:42
PL-000833,1226,7698,7,Manchester,19/08/2023,08/10/2023,14/12/2023,69600.0,17.6,GBP,16/12/2023 13:28
PL-000834,1301,8266,39,London,19/08/2023,21/10/2023,,82300.0,22.9,GBP,21/10/2023 11:59
PL-000835,1313,6917,159,New York,19/08/2023,29/09/2023,,123900.0,18.3,USD,30/09/2023 10:55
PL-000836,1325,8221,126,Paris,19/08/2023,01/11/2023,,58600.0,20.2,EUR,04/11/2023 20:37
PL-000837,1337,6062,48,London,19/08/2023,08/10/2023,,94700.0,16.8,GBP,11/10/2023 16:54
PL-000838,1366,8510,161,New York,19/08/2023,29/10/2023,,156400.0,22.0,USD,01/11/2023 13:14
PL-000839,1317,46456,209,Malaysia,20/08/2023,17/09/2023,,126700.0,19.2,MYR,18/09/2023 14:49
PL-000840,1324,8166,97,Madrid,20/08/2023,01/10/2023,,85000.0,20.1,EUR,02/10/2023 16:50
PL-000841,1319,8336,134,Zurich,21/08/2023,10/10/2023,,99900.0,18.1,CHF,10/10/2023 09:18
PL-000842,1328,7741,125,Paris,21/08/2023,13/11/2023,,84800.0,19.5,EUR,16/11/2023 17:23
PL-000843,1339,8347,66,Dublin,21/08/2023,09/11/2023,,60300.0,22.3,EUR,09/11/2023 17:05
PL-000844,1284,7908,211,Malaysia,22/08/2023,13/11/2023,,195600.0,20.9,MYR,14/11/2023 15:14
PL-000845,1324,8339,97,Madrid,22/08/2023,23/09/2023,10/10/2023,93200.0,18.4,EUR,12/10/2023 09:26
PL-000846,1278,8076,98,Madrid,23/08/2023,16/10/2023,,87700.0,16.1,EUR,17/10/2023 15:27
PL-000847,1304,8181,121,Paris,23/08/2023,10/10/2023,,59700.0,18.7,EUR,10/10/2023 17:10
PL-000848,1253,7915,89,Brussels,24/08/2023,20/10/2023,,88900.0,19.5,EUR,22/10/2023 10:51
PL-000849,1388,7788,187,Hong Kong,24/08/2023,22/10/2023,,809600.0,19.0,HKD,23/10/2023 18:15
PL-000850,1211,7744,147,New York,25/08/2023,14/10/2023,,129300.0,16.2,USD,17/10/2023 07:46
PL-000851,1348,8320,38,London,25/08/2023,30/10/2023,,87800.0,20.6,GBP,31/10/2023 12:19
PL-000852,1350,8262,56,London,25/08/2023,28/10/2023,,85200.0,22.6,GBP,30/10/2023 13:20
PL-000853,1374,7881,14,Manchester,25/08/2023,29/09/2023,07/12/2023,69600.0,22.1,GBP,08/12/2023 19:07
PL-000854,1335,8497,84,Amsterdam,26/08/2023,29/09/2023,,108600.0,18.2,EUR,29/09/2023 07:16
PL-000855,1345,8318,196,Singapore,26/08/2023,30/10/2023,06/12/2023,101400.0,18.3,SGD,08/12/2023 13:44
PL-000856,1411,8622,151,New York,26/08/2023,29/10/2023,,141800.0,23.5,USD,31/10/2023 19:18
PL-000857,1301,8180,39,London,27/08/2023,01/10/2023,,81800.0,22.6,GBP,04/10/2023 15:47
PL-000858,1388,6015,187,Hong Kong,27/08/2023,05/11/2023,,802700.0,21.2,HKD,06/11/2023 19:55
PL-000859,1286,8080,59,London,28/08/2023,09/10/2023,,99700.0,18.6,GBP,12/10/2023 20:38
PL-000860,1394,8613,52,London,28/08/2023,20/10/2023,,86800.0,17.1,GBP,23/10/2023 08:24
PL-000861,1397,6477,101,Madrid,29/08/2023,20/11/2023,,95800.0,18.9,EUR,20/11/2023 10:45
PL-000862,1298,7926,178,Charlotte,30/08/2023,20/11/2023,,99700.0,18.3,USD,21/11/2023 18:40
PL-000863,1262,7918,99,Madrid,31/08/2023,13/10/2023,,71200.0,17.9,EUR,13/10/2023 11:40
PL-000864,1375,8450,29,London,01/09/2023,02/11/2023,,95800.0,21.9,GBP,04/11/2023 18:31
PL-000865,1384,8608,210,Malaysia,01/09/2023,24/10/2023,,164700.0,16.3,MYR,27/10/2023 10:52
PL-000866,1339,8075,66,Dublin,02/09/2023,01/11/2023,,58500.0,21.5,EUR,03/11/2023 07:34
PL-000867,1340,8374,88,Brussels,02/09/2023,11/10/2023,,92600.0,23.2,EUR,12/10/2023 20:32
PL-000868,1412,8840,161,New York,02/09/2023,08/11/2023,,150100.0,16.3,USD,11/11/2023 12:33
PL-000869,1365,6369,141,Zurich,03/09/2023,05/11/2023,,154700.0,18.2,CHF,08/11/2023 14:48
PL-000870,1427,8787,123,Paris,03/09/2023,07/11/2023,,67300.0,19.3,EUR,08/11/2023 16:39
PL-000871,1247,7911,32,London,04/09/2023,03/10/2023,,106400.0,18.5,GBP,06/10/2023 09:20
PL-000872,1329,8398,89,Brussels,04/09/2023,06/11/2023,,89300.0,17.9,EUR,08/11/2023 17:16
PL-000873,1331,8343,108,Paris,04/09/2023,18/11/2023,,104000.0,22.2,EUR,21/11/2023 12:48
PL-000874,1419,8785,20,Manchester,04/09/2023,08/10/2023,,73800.0,20.1,GBP,10/10/2023 20:41
PL-000875,1314,6123,166,New York,05/09/2023,26/11/2023,,115900.0,17.9,USD,27/11/2023 07:58
PL-000876,1347,8502,32,London,05/09/2023,15/11/2023,,117500.0,21.7,GBP,17/11/2023 17:37
PL-000877,1406,8753,75,Dublin,06/09/2023,16/10/2023,,63100.0,18.0,EUR,19/10/2023 11:31
PL-000878,1425,8863,198,Singapore,06/09/2023,14/11/2023,,147000.0,18.6,SGD,17/11/2023 13:09
PL-000879,1320,8247,28,London,07/09/2023,09/10/2023,,88800.0,18.4,GBP,12/10/2023 15:41
PL-000880,1402,6146,65,Dublin,07/09/2023,08/10/2023,05/11/2023,64100.0,15.5,EUR,07/11/2023 16:41
PL-000881,1342,8317,132,Zurich,08/09/2023,16/11/2023,,90200.0,22.0,CHF,19/11/2023 12:57
PL-000882,1382,8483,122,Paris,08/09/2023,24/10/2023,,71400.0,20.9,EUR,25/10/2023 09:55
PL-000883,1430,8818,93,Brussels,08/09/2023,21/10/2023,,71900.0,21.5,EUR,22/10/2023 19:59
PL-000884,1293,6270,67,Dublin,09/09/2023,22/11/2023,,99200.0,17.8,EUR,25/11/2023 15:26
PL-000885,1364,8691,80,Amsterdam,09/09/2023,11/10/2023,,105400.0,20.6,EUR,11/10/2023 12:37
PL-000886,1385,8820,6,Manchester,09/09/2023,20/11/2023,14/12/2023,69400.0,19.5,GBP,15/12/2023 20:14
PL-000887,1403,8749,146,New York,09/09/2023,18/10/2023,,124100.0,20.1,USD,20/10/2023 07:20
PL-000888,1360,8634,93,Brussels,10/09/2023,13/11/2023,15/11/2023,73900.0,22.3,EUR,17/11/2023 16:25
PL-000889,1393,8825,20,Manchester,10/09/2023,15/11/2023,,68300.0,18.0,GBP,17/11/2023 14:19
PL-000890,1401,7020,41,London,10/09/2023,30/10/2023,,70500.0,23.2,GBP,31/10/2023 19:36
PL-000891,1404,7522,79,Amsterdam,10/09/2023,03/11/2023,,96100.0,21.3,EUR,04/11/2023 19:20
PL-000892,1288,8135,9,Manchester,11/09/2023,11/10/2023,,69600.0,20.5,GBP,14/10/2023 17:29
PL-000893,1377,8508,83,Amsterdam,11/09/2023,14/10/2023,,103000.0,17.3,EUR,15/10/2023 13:58
PL-000894,1392,8719,12,Manchester,11/09/2023,10/10/2023,,55200.0,16.9,GBP,11/10/2023 17:58
PL-000895,1446,8979,124,Paris,11/09/2023,16/11/2023,,91500.0,23.3,EUR,18/11/2023 15:31
PL-000896,1461,9112,91,Brussels,11/09/2023,08/11/2023,25/11/2023,79000.0,18.1,EUR,26/11/2023 10:00
PL-000897,1398,8113,125,Paris,12/09/2023,05/12/2023,,75700.0,21.1,EUR,07/12/2023 09:30
PL-000898,1403,8723,146,New York,12/09/2023,15/11/2023,,125000.0,18.3,USD,16/11/2023 09:10
PL-000899,1439,9044,211,Malaysia,12/09/2023,07/11/2023,,205800.0,17.9,MYR,09/11/2023 19:22
PL-000900,1323,8250,89,Brussels,13/09/2023,23/10/2023,,121500.0,18.7,EUR,23/10/2023 10:53
PL-000901,1455,6782,100,Madrid,13/09/2023,04/12/2023,,64400.0,17.3,EUR,06/12/2023 11:09
PL-000902,1469,9076,159,New York,13/09/2023,20/11/2023,,122500.0,23.2,USD,20/11/2023 10:04
PL-000903,1378,7892,207,Malaysia,14/09/2023,30/10/2023,,203800.0,22.0,MYR,31/10/2023 13:08
PL-000904,1380,8604,30,London,14/09/2023,21/11/2023,,114300.0,19.4,GBP,21/11/2023 13:53
PL-000905,1402,8881,65,Dublin,14/09/2023,16/11/2023,02/02/2024,70100.0,18.0,EUR,04/02/2024 10:15
PL-000906,1434,8848,92,Brussels,14/09/2023,29/11/2023,,119000.0,19.6,EUR,29/11/2023 17:00
PL-000907,1433,9117,37,London,16/09/2023,07/11/2023,,62400.0,15.4,GBP,08/11/2023 13:37
PL-000908,1435,6634,125,Paris,17/09/2023,21/10/2023,,79600.0,22.9,EUR,23/10/2023 09:40
PL-000909,1441,9126,152,New York,17/09/2023,07/12/2023,,139100.0,17.3,USD,10/12/2023 15:40
PL-000910,1467,7574,43,London,17/09/2023,07/11/2023,21/12/2023,90800.0,16.0,GBP,22/12/2023 17:13
PL-000911,1472,7356,187,Hong Kong,17/09/2023,06/11/2023,,627700.0,17.7,HKD,07/11/2023 17:43
PL-000912,1387,8644,68,Dublin,18/09/2023,09/11/2023,,90600.0,20.0,EUR,09/11/2023 09:14
PL-000913,1391,7575,73,Dublin,18/09/2023,01/11/2023,,72800.0,19.5,EUR,02/11/2023 17:38
PL-000914,1422,8933,99,Madrid,18/09/2023,29/10/2023,30/11/2023,63600.0,21.0,EUR,03/12/2023 14:42
PL-000915,1428,8865,148,New York,18/09/2023,18/11/2023,,130200.0,22.4,USD,21/11/2023 11:25
PL-000916,1452,8946,149,New York,19/09/2023,01/11/2023,,130800.0,21.7,USD,01/11/2023 13:27
PL-000917,1381,8765,38,London,20/09/2023,19/11/2023,,95500.0,18.8,GBP,20/11/2023 18:44
PL-000918,1414,8842,29,London,20/09/2023,12/11/2023,,126100.0,19.5,GBP,13/11/2023 11:18
PL-000919,1431,8936,124,Paris,20/09/2023,14/11/2023,,67100.0,17.8,EUR,15/11/2023 08:21
PL-000920,1457,6998,55,London,21/09/2023,08/12/2023,,80900.0,19.2,GBP,11/12/2023 07:48
PL-000921,1367,8570,2,Manchester,22/09/2023,17/11/2023,,83100.0,21.8,GBP,19/11/2023 11:27
PL-000922,1405,8752,22,Manchester,23/09/2023,07/11/2023,,61400.0,17.2,GBP,10/11/2023 13:15
PL-000923,1465,6330,143,Zurich,23/09/2023,25/11/2023,,123300.0,18.4,CHF,26/11/2023 12:04
PL-000924,1413,7942,175,Charlotte,24/09/2023,10/11/2023,,126300.0,22.8,USD,10/11/2023 09:43
PL-000925,1423,8908,134,Zurich,24/09/2023,24/10/2023,,145200.0,18.5,CHF,24/10/2023 18:48
PL-000926,1438,8893,208,Malaysia,24/09/2023,26/11/2023,,126700.0,19.4,MYR,28/11/2023 18:03
PL-000927,1368,8512,76,Dublin,25/09/2023,17/12/2023,,99500.0,20.2,EUR,17/12/2023 17:26
PL-000928,1431,8913,124,Paris,25/09/2023,25/10/2023,,64800.0,18.1,EUR,25/10/2023 14:37
PL-000929,1450,9067,126,Paris,25/09/2023,09/12/2023,,100700.0,21.5,EUR,09/12/2023 07:49
PL-000930,1459,9256,59,London,25/09/2023,15/11/2023,,104600.0,15.7,GBP,17/11/2023 07:46
PL-000931,1408,8836,136,Zurich,26/09/2023,07/11/2023,,135200.0,16.3,CHF,07/11/2023 11:04
PL-000932,1409,8949,139,Zurich,26/09/2023,26/10/2023,,124600.0,17.1,CHF,29/10/2023 09:21
PL-000933,1447,9046,160,New York,26/09/2023,06/11/2023,,145300.0,18.5,USD,08/11/2023 09:28
PL-000934,1448,9210,7,Manchester,26/09/2023,18/11/2023,,52800.0,18.1,GBP,20/11/2023 10:05
PL-000935,1454,9157,79,Amsterdam,26/09/2023,31/10/2023,,112200.0,20.4,EUR,31/10/2023 12:47
PL-000936,1458,9189,121,Paris,26/09/2023,18/11/2023,,63600.0,18.6,EUR,19/11/2023 11:31
PL-000937,1453,9097,24,Manchester,27/09/2023,30/11/2023,,71900.0,22.8,GBP,02/12/2023 19:17
PL-000938,1470,9198,183,Hong Kong,27/09/2023,01/12/2023,,646600.0,20.9,HKD,04/12/2023 07:20
PL-000939,1481,9311,146,New York,27/09/2023,25/10/2023,,98800.0,20.8,USD,27/10/2023 14:45
PL-000940,1489,7895,89,Brussels,28/09/2023,19/11/2023,,93400.0,18.7,EUR,22/11/2023 20:40
PL-000941,1511,9484,166,New York,28/09/2023,18/11/2023,,129500.0,22.5,USD,19/11/2023 11:20
PL-000942,1491,9338,185,Hong Kong,29/09/2023,27/11/2023,,681500.0,15.8,HKD,27/11/2023 07:41
PL-000943,1532,9412,126,Paris,29/09/2023,07/11/2023,,52300.0,18.4,EUR,10/11/2023 14:43
PL-000944,1506,9344,82,Amsterdam,30/09/2023,07/11/2023,,87600.0,20.9,EUR,08/11/2023 17:45
PL-000945,1473,9146,32,London,01/10/2023,30/11/2023,,86700.0,17.8,GBP,30/11/2023 15:16
PL-000946,1517,8418,57,London,01/10/2023,20/12/2023,,90600.0,19.9,GBP,20/12/2023 20:01
PL-000947,1531,8407,113,Paris,01/10/2023,29/10/2023,,99600.0,18.1,EUR,29/10/2023 09:01
PL-000948,1463,7011,41,London,03/10/2023,27/11/2023,,78100.0,22.0,GBP,30/11/2023 20:53
PL-000949,1557,7570,196,Singapore,04/10/2023,22/12/2023,,120000.0,18.3,SGD,25/12/2023 11:00
PL-000950,1491,9326,185,Hong Kong,05/10/2023,01/12/2023,,687400.0,16.3,HKD,01/12/2023 20:46
PL-000951,1471,9237,184,Hong Kong,06/10/2023,26/12/2023,,815200.0,17.8,HKD,28/12/2023 10:28
PL-000952,1494,9437,56,London,06/10/2023,16/12/2023,,122600.0,20.8,GBP,17/12/2023 14:50
PL-000953,1496,7409,76,Dublin,06/10/2023,24/12/2023,,86300.0,16.6,EUR,24/12/2023 19:30
PL-000954,1451,9029,147,New York,07/10/2023,07/12/2023,,141400.0,19.2,USD,08/12/2023 15:49
PL-000955,1517,9382,57,London,07/10/2023,28/11/2023,,106100.0,17.9,GBP,28/11/2023 17:00
PL-000956,1468,9235,83,Amsterdam,08/10/2023,22/11/2023,,106900.0,16.9,EUR,24/11/2023 12:02
PL-000957,1564,9537,150,New York,08/10/2023,29/11/2023,,148300.0,17.0,USD,02/12/2023 09:10
PL-000958,1518,9551,59,London,09/10/2023,02/12/2023,,91100.0,17.4,GBP,04/12/2023 13:55
PL-000959,1548,9474,99,Madrid,09/10/2023,11/11/2023,,69100.0,19.9,EUR,13/11/2023 15:53
PL-000960,1504,9541,3,Manchester,10/10/2023,01/12/2023,,93300.0,18.4,GBP,03/12/2023 08:36
PL-000961,1513,8091,43,London,10/10/2023,14/12/2023,,81300.0,22.2,GBP,16/12/2023 19:39
PL-000962,1524,9619,161,New York,11/10/2023,19/12/2023,,108800.0,18.6,USD,21/12/2023 11:08
PL-000963,1514,9485,56,London,12/10/2023,13/12/2023,,89300.0,22.2,GBP,16/12/2023 17:07
PL-000964,1495,9389,14,Manchester,14/10/2023,12/12/2023,,50000.0,15.9,GBP,14/12/2023 12:18
PL-000965,1498,9458,174,Charlotte,14/10/2023,12/11/2023,,78700.0,20.9,USD,15/11/2023 18:21
PL-000966,1533,9654,70,Dublin,14/10/2023,30/11/2023,,103300.0,15.2,EUR,03/12/2023 14:08
PL-000967,1612,9891,175,Charlotte,14/10/2023,25/12/2023,,74900.0,20.6,USD,28/12/2023 09:41
PL-000968,1493,9253,85,Amsterdam,15/10/2023,28/11/2023,11/01/2024,67300.0,19.4,EUR,13/01/2024 11:16
PL-000969,1536,8086,150,New York,16/10/2023,02/01/2024,,126500.0,18.3,USD,02/01/2024 18:01
PL-000970,1526,7012,12,Manchester,17/10/2023,21/12/2023,,50800.0,17.6,GBP,22/12/2023 14:21
PL-000971,1543,9681,183,Hong Kong,17/10/2023,10/12/2023,,717800.0,23.4,HKD,11/12/2023 10:59
PL-000972,1576,9698,39,London,17/10/2023,09/12/2023,,75200.0,18.4,GBP,10/12/2023 18:45
PL-000973,1518,9585,59,London,19/10/2023,04/12/2023,,89100.0,20.3,GBP,07/12/2023 19:49
PL-000974,1522,9710,134,Zurich,19/10/2023,23/12/2023,,96400.0,19.6,CHF,23/12/2023 07:25
PL-000975,1558,9807,38,London,19/10/2023,28/12/2023,,95900.0,19.9,GBP,31/12/2023 14:00
PL-000976,1620,46447,195,Singapore,19/10/2023,23/11/2023,,160600.0,19.4,SGD,25/11/2023 16:23
PL-000977,1657,10111,97,Madrid,19/10/2023,07/12/2023,,66300.0,16.5,EUR,07/12/2023 17:53
PL-000978,1500,9420,28,London,20/10/2023,30/11/2023,,122800.0,21.1,GBP,03/12/2023 14:28
PL-000979,1631,9975,124,Paris,20/10/2023,25/11/2023,,95300.0,17.9,EUR,26/11/2023 11:29
PL-000980,1525,9554,169,New York,21/10/2023,04/01/2024,,152800.0,20.4,USD,07/01/2024 09:18
PL-000981,1555,9567,73,Dublin,21/10/2023,26/11/2023,,90800.0,20.2,EUR,28/11/2023 12:34
PL-000982,1596,9938,49,London,21/10/2023,11/01/2024,,95400.0,21.9,GBP,12/01/2024 07:49
PL-000983,1556,9839,183,Hong Kong,22/10/2023,03/01/2024,,498300.0,23.9,HKD,03/01/2024 15:05
PL-000984,1567,9756,142,Zurich,22/10/2023,05/01/2024,,120800.0,18.1,CHF,06/01/2024 16:54
PL-000985,1583,9848,14,Manchester,22/10/2023,20/11/2023,,84800.0,18.3,GBP,23/11/2023 19:55
PL-000986,1597,9909,93,Brussels,22/10/2023,05/12/2023,,90800.0,18.2,EUR,08/12/2023 17:51
PL-000987,1658,10128,110,Paris,22/10/2023,30/12/2023,,107300.0,18.3,EUR,31/12/2023 13:54
PL-000988,1508,9399,195,Singapore,23/10/2023,30/11/2023,,117900.0,21.9,SGD,03/12/2023 13:39
PL-000989,1511,9443,166,New York,23/10/2023,02/12/2023,,127600.0,16.3,USD,02/12/2023 10:16
PL-000990,1592,9790,134,Zurich,23/10/2023,12/01/2024,,79200.0,19.3,CHF,15/01/2024 07:20
PL-000991,1610,9966,111,Paris,23/10/2023,24/11/2023,,70500.0,19.7,EUR,27/11/2023 19:59
PL-000992,1515,9424,80,Amsterdam,24/10/2023,27/11/2023,,102400.0,15.7,EUR,29/11/2023 08:27
PL-000993,1535,9521,89,Brussels,24/10/2023,21/12/2023,,109600.0,17.6,EUR,24/12/2023 10:22
PL-000994,1623,10154,65,Dublin,24/10/2023,06/12/2023,,83200.0,23.3,EUR,09/12/2023 16:03
PL-000995,1497,9306,107,Paris,25/10/2023,23/11/2023,,81200.0,23.1,EUR,26/11/2023 13:24
PL-000996,1501,9379,88,Brussels,25/10/2023,15/12/2023,,94500.0,16.4,EUR,15/12/2023 09:47
PL-000997,1547,9023,91,Brussels,25/10/2023,27/12/2023,,112700.0,18.5,EUR,29/12/2023 16:32
PL-000998,1613,10064,186,Hong Kong,26/10/2023,08/12/2023,,688400.0,18.0,HKD,11/12/2023 07:19
PL-000999,1723,10570,197,Singapore,26/10/2023,03/01/2024,,164300.0,18.6,SGD,03/01/2024 10:27
PL-001000,1520,9242,48,London,27/10/2023,11/01/2024,,92500.0,22.0,GBP,11/01/2024 12:49
PL-001001,1544,9597,2,Manchester,27/10/2023,12/01/2024,,97800.0,22.2,GBP,15/01/2024 11:44
PL-001002,1622,10026,31,London,27/10/2023,06/12/2023,,120700.0,19.8,GBP,07/12/2023 12:37
PL-001003,1634,7511,73,Dublin,27/10/2023,04/01/2024,,87500.0,20.5,EUR,05/01/2024 13:57
PL-001004,1563,9610,142,Zurich,28/10/2023,29/12/2023,,92600.0,17.7,CHF,31/12/2023 19:17
PL-001005,1589,9885,6,Manchester,28/10/2023,27/12/2023,,67600.0,16.1,GBP,29/12/2023 14:21
PL-001006,1666,7501,143,Zurich,28/10/2023,11/12/2023,,111900.0,19.1,CHF,12/12/2023 10:26
PL-001007,1666,10579,143,Zurich,28/10/2023,01/12/2023,15/01/2024,102900.0,20.5,CHF,18/01/2024 09:32
PL-001008,1539,9471,90,Brussels,29/10/2023,22/12/2023,,100200.0,17.9,EUR,25/12/2023 09:25
PL-001009,1565,9637,75,Dublin,29/10/2023,11/01/2024,,69800.0,23.8,EUR,14/01/2024 10:25
PL-001010,1655,10087,83,Amsterdam,29/10/2023,12/12/2023,,109000.0,17.2,EUR,12/12/2023 12:05
PL-001011,1561,8127,98,Madrid,30/10/2023,04/12/2023,,64200.0,21.1,EUR,05/12/2023 08:01
PL-001012,1562,7952,139,Zurich,30/10/2023,17/12/2023,,84600.0,18.1,CHF,20/12/2023 16:00
PL-001013,1609,10210,99,Madrid,30/10/2023,21/01/2024,,98100.0,22.2,EUR,22/01/2024 17:49
PL-001014,1615,9893,9,Manchester,30/10/2023,17/01/2024,06/04/2024,65000.0,19.2,GBP,08/04/2024 18:15
PL-001015,1649,10273,42,London,30/10/2023,17/01/2024,,86000.0,17.3,GBP,18/01/2024 11:56
PL-001016,1593,7006,3,Manchester,31/10/2023,13/01/2024,,96800.0,17.3,GBP,13/01/2024 09:46
PL-001017,1606,7214,29,London,01/11/2023,28/12/2023,,118700.0,20.6,GBP,29/12/2023 11:32
PL-001018,1618,9950,147,New York,01/11/2023,24/01/2024,,153800.0,20.2,USD,24/01/2024 08:06
PL-001019,1659,10370,125,Paris,01/11/2023,02/12/2023,,87800.0,18.1,EUR,04/12/2023 10:38
PL-001020,1603,9828,146,New York,02/11/2023,10/01/2024,,109600.0,22.6,USD,10/01/2024 15:12
PL-001021,1725,10483,122,Paris,02/11/2023,07/01/2024,,73800.0,22.9,EUR,08/01/2024 14:42
PL-001022,1534,9792,76,Dublin,03/11/2023,03/01/2024,10/02/2024,51700.0,17.5,EUR,11/02/2024 19:32
PL-001023,1593,10051,3,Manchester,03/11/2023,07/12/2023,,110400.0,19.1,GBP,09/12/2023 15:28
PL-001024,1677,10201,14,Manchester,03/11/2023,16/01/2024,,49800.0,22.3,GBP,16/01/2024 09:20
PL-001025,1679,10381,92,Brussels,03/11/2023,09/01/2024,,85100.0,20.8,EUR,10/01/2024 10:56
PL-001026,1700,10528,88,Brussels,03/11/2023,19/12/2023,29/01/2024,55800.0,19.0,EUR,30/01/2024 08:06
PL-001027,1538,9593,60,London,04/11/2023,24/01/2024,,100500.0,18.3,GBP,25/01/2024 13:11
PL-001028,1546,9772,88,Brussels,04/11/2023,18/12/2023,,131200.0,18.9,EUR,19/12/2023 14:45
PL-001029,1581,9731,165,New York,04/11/2023,09/12/2023,,140200.0,17.7,USD,12/12/2023 13:07
PL-001030,1645,10271,196,Singapore,04/11/2023,12/01/2024,,124900.0,22.0,SGD,15/01/2024 07:51
PL-001031,1523,9669,136,Zurich,05/11/2023,28/01/2024,,89800.0,18.2,CHF,29/01/2024 12:20
PL-001032,1573,9981,160,New York,05/11/2023,31/12/2023,,109000.0,20.1,USD,02/01/2024 13:12
PL-001033,1611,10252,158,New York,05/11/2023,02/01/2024,08/01/2024,164200.0,17.6,USD,10/01/2024 14:32
PL-001034,1625,10328,166,New York,05/11/2023,10/01/2024,,142900.0,16.8,USD,11/01/2024 18:19
PL-001035,1714,10604,13,Manchester,05/11/2023,09/12/2023,,78000.0,18.6,GBP,09/12/2023 15:37
PL-001036,1748,10761,198,Singapore,05/11/2023,08/12/2023,07/01/2024,163400.0,17.6,SGD,09/01/2024 10:29
PL-001037,1621,10071,8,Manchester,06/11/2023,05/01/2024,,62400.0,16.8,GBP,08/01/2024 09:14
PL-001038,1675,10198,209,Malaysia,06/11/2023,05/12/2023,,116100.0,18.9,MYR,08/12/2023 10:06
PL-001039,1702,10634,85,Amsterdam,07/11/2023,15/01/2024,,84800.0,20.4,EUR,16/01/2024 19:11
PL-001040,1663,10235,7,Manchester,08/11/2023,28/12/2023,,68100.0,19.3,GBP,29/12/2023 16:23
PL-001041,1585,7242,69,Dublin,09/11/2023,30/01/2024,,123600.0,19.3,EUR,01/02/2024 20:30
PL-001042,1672,8981,162,New York,09/11/2023,25/01/2024,,136200.0,21.5,USD,28/01/2024 18:07
PL-001043,1746,10726,150,New York,09/11/2023,20/01/2024,,145200.0,23.9,USD,22/01/2024 15:12
PL-001044,1607,10062,32,London,10/11/2023,25/01/2024,,144300.0,15.2,GBP,26/01/2024 07:38
PL-001045,1629,46441,84,Amsterdam,10/11/2023,26/01/2024,,98000.0,23.0,EUR,28/01/2024 11:12
PL-001046,1717,10540,108,Paris,10/11/2023,09/01/2024,,88700.0,18.9,EUR,10/01/2024 13:43
PL-001047,1580,9520,148,New York,11/11/2023,20/12/2023,,120800.0,19.2,USD,21/12/2023 09:00
PL-001048,1616,10292,24,Manchester,11/11/2023,14/01/2024,,59700.0,16.8,GBP,14/01/2024 10:15
PL-001049,1651,10335,122,Paris,11/11/2023,11/12/2023,,70100.0,18.2,EUR,14/12/2023 20:09
PL-001050,1669,10315,57,London,11/11/2023,09/12/2023,,83600.0,21.0,GBP,11/12/2023 14:32
PL-001051,1690,10386,187,Hong Kong,11/11/2023,12/12/2023,,799700.0,17.2,HKD,14/12/2023 20:13
PL-001052,1691,10595,23,Manchester,11/11/2023,10/01/2024,,62400.0,20.2,GBP,13/01/2024 12:58
PL-001053,1630,10002,100,Madrid,12/11/2023,01/01/2024,,61700.0,23.0,EUR,01/01/2024 11:46
PL-001054,1647,10039,23,Manchester,12/11/2023,25/01/2024,,69100.0,16.1,GBP,25/01/2024 08:51
PL-001055,1657,10229,97,Madrid,12/11/2023,18/01/2024,,63500.0,21.3,EUR,18/01/2024 19:24
PL-001056,1664,9754,11,Manchester,12/11/2023,11/12/2023,,48000.0,19.9,GBP,13/12/2023 14:19
PL-001057,1701,10847,82,Amsterdam,12/11/2023,11/12/2023,,75100.0,18.2,EUR,14/12/2023 10:04
PL-001058,1704,9642,97,Madrid,12/11/2023,10/01/2024,,66300.0,18.6,EUR,12/01/2024 09:20
PL-001059,1711,10678,121,Paris,12/11/2023,11/01/2024,,70100.0,20.4,EUR,13/01/2024 12:18
PL-001060,1720,10856,22,Manchester,13/11/2023,20/12/2023,,62900.0,22.2,GBP,22/12/2023 15:31
PL-001061,1685,10694,38,London,14/11/2023,12/12/2023,,61000.0,18.0,GBP,15/12/2023 20:21
PL-001062,1686,10086,42,London,14/11/2023,15/01/2024,,113700.0,18.1,GBP,16/01/2024 18:14
PL-001063,1729,10824,174,Charlotte,14/11/2023,25/12/2023,,91800.0,21.2,USD,25/12/2023 18:45
PL-001064,1775,11061,208,Malaysia,14/11/2023,18/01/2024,,154600.0,18.6,MYR,18/01/2024 13:51
PL-001065,1568,9811,148,New York,15/11/2023,30/12/2023,,128000.0,18.9,USD,02/01/2024 17:55
PL-001066,1571,9876,41,London,15/11/2023,29/01/2024,05/03/2024,86600.0,16.3,GBP,06/03/2024 16:30
PL-001067,1587,9189,108,Paris,15/11/2023,13/01/2024,21/01/2024,78200.0,21.4,EUR,23/01/2024 08:12
PL-001068,1591,9989,76,Dublin,15/11/2023,18/01/2024,,108400.0,18.5,EUR,20/01/2024 17:58
PL-001069,1617,9088,59,London,15/11/2023,26/01/2024,,74300.0,16.5,GBP,27/01/2024 17:52
PL-001070,1709,10912,89,Brussels,15/11/2023,06/01/2024,,110100.0,17.5,EUR,08/01/2024 13:20
PL-001071,1732,10717,29,London,15/11/2023,11/01/2024,,94100.0,15.1,GBP,13/01/2024 12:53
PL-001072,1682,9569,161,New York,16/11/2023,26/01/2024,,154600.0,19.4,USD,28/01/2024 20:47
PL-001073,1726,8828,135,Zurich,16/11/2023,20/01/2024,,136200.0,15.4,CHF,20/01/2024 10:55
PL-001074,1742,10660,55,London,16/11/2023,25/12/2023,,91000.0,16.9,GBP,27/12/2023 20:20
PL-001075,1756,9217,143,Zurich,16/11/2023,04/02/2024,,112000.0,18.4,CHF,07/02/2024 16:41
PL-001076,1585,9935,69,Dublin,17/11/2023,31/12/2023,,132700.0,15.8,EUR,01/01/2024 08:36
PL-001077,1678,10379,57,London,17/11/2023,21/01/2024,,91900.0,19.2,GBP,22/01/2024 09:50
PL-001078,1751,10869,67,Dublin,17/11/2023,05/01/2024,,80100.0,16.7,EUR,07/01/2024 16:10
PL-001079,1806,11183,112,Paris,17/11/2023,15/01/2024,,71200.0,22.4,EUR,15/01/2024 14:47
PL-001080,1652,10042,185,Hong Kong,18/11/2023,21/01/2024,,645900.0,18.0,HKD,21/01/2024 10:23
PL-001081,1737,10656,186,Hong Kong,18/11/2023,28/01/2024,,587600.0,20.8,HKD,28/01/2024 11:10
PL-001082,1745,11121,127,Paris,18/11/2023,29/12/2023,,55800.0,16.8,EUR,01/01/2024 20:57
PL-001083,1747,10664,198,Singapore,18/11/2023,24/01/2024,,131200.0,16.3,SGD,25/01/2024 18:56
PL-001084,1787,11140,41,London,18/11/2023,06/02/2024,,70600.0,18.8,GBP,08/02/2024 10:09
PL-001085,1641,7850,68,Dublin,19/11/2023,09/01/2024,16/02/2024,105200.0,17.7,EUR,19/02/2024 20:19
PL-001086,1650,10041,80,Amsterdam,19/11/2023,12/01/2024,,117200.0,21.4,EUR,12/01/2024 18:49
PL-001087,1749,10832,48,London,19/11/2023,20/01/2024,,84700.0,17.4,GBP,23/01/2024 20:47
PL-001088,1814,11244,182,Hong Kong,19/11/2023,30/01/2024,,448000.0,17.6,HKD,31/01/2024 16:47
PL-001089,1578,10013,13,Manchester,20/11/2023,12/01/2024,,61100.0,18.7,GBP,13/01/2024 09:40
PL-001090,1705,10494,147,New York,20/11/2023,09/01/2024,,120300.0,19.1,USD,10/01/2024 15:43
PL-001091,1708,10640,24,Manchester,20/11/2023,11/01/2024,,81900.0,18.0,GBP,12/01/2024 14:55
PL-001092,1768,10143,209,Malaysia,20/11/2023,18/01/2024,03/02/2024,145700.0,22.3,MYR,06/02/2024 15:09
PL-001093,1653,10502,15,Manchester,21/11/2023,03/02/2024,,69700.0,19.2,GBP,06/02/2024 17:24
PL-001094,1711,10536,121,Paris,21/11/2023,03/02/2024,07/02/2024,72500.0,16.1,EUR,09/02/2024 12:58
PL-001095,1751,9226,67,Dublin,21/11/2023,09/02/2024,,84500.0,19.0,EUR,09/02/2024 20:14
PL-001096,1835,11499,151,New York,21/11/2023,01/01/2024,23/01/2024,133800.0,16.2,USD,25/01/2024 12:26
PL-001097,1857,11537,7,Manchester,21/11/2023,03/02/2024,,64600.0,17.8,GBP,03/02/2024 17:23
PL-001098,1575,9958,4,Manchester,22/11/2023,26/01/2024,,80500.0,23.2,GBP,26/01/2024 16:25
PL-001099,1642,10009,100,Madrid,22/11/2023,02/02/2024,,81700.0,16.4,EUR,02/02/2024 20:39
PL-001100,1767,10767,136,Zurich,22/11/2023,04/01/2024,,93900.0,18.3,CHF,05/01/2024 09:13
PL-001101,1633,9485,38,London,23/11/2023,04/02/2024,,62600.0,17.4,GBP,06/02/2024 13:55
PL-001102,1665,10547,30,London,23/11/2023,20/01/2024,,80600.0,16.6,GBP,21/01/2024 10:27
PL-001103,1736,10655,178,Charlotte,23/11/2023,21/01/2024,,101100.0,21.4,USD,21/01/2024 18:42
PL-001104,1759,9130,167,New York,23/11/2023,20/01/2024,,124200.0,20.3,USD,20/01/2024 12:48
PL-001105,1813,11187,162,New York,23/11/2023,11/02/2024,,99700.0,16.6,USD,12/02/2024 18:28
PL-001106,1643,10404,136,Zurich,24/11/2023,22/01/2024,,141500.0,19.0,CHF,25/01/2024 20:18
PL-001107,1745,11016,127,Paris,24/11/2023,09/01/2024,,58500.0,22.2,EUR,11/01/2024 13:18
PL-001108,1724,46910,110,Paris,25/11/2023,09/01/2024,,80400.0,18.9,EUR,10/01/2024 14:23
PL-001109,1772,10878,102,Madrid,25/11/2023,04/01/2024,,69700.0,20.0,EUR,05/01/2024 07:34
PL-001110,1804,11269,42,London,25/11/2023,11/02/2024,,84800.0,18.3,GBP,12/02/2024 20:13
PL-001111,1673,9893,168,New York,26/11/2023,29/12/2023,,163500.0,24.7,USD,31/12/2023 17:49
PL-001112,1712,10709,123,Paris,26/11/2023,14/01/2024,,91800.0,23.4,EUR,16/01/2024 18:45
PL-001113,1754,10871,28,London,26/11/2023,29/12/2023,,127900.0,22.9,GBP,31/12/2023 07:32
PL-001114,1770,11099,65,Dublin,26/11/2023,30/12/2023,,73300.0,18.0,EUR,30/12/2023 10:44
PL-001115,1703,10562,90,Brussels,27/11/2023,11/02/2024,,116300.0,20.5,EUR,12/02/2024 20:38
PL-001116,1792,11399,49,London,27/11/2023,18/02/2024,,112700.0,19.2,GBP,19/02/2024 19:08
PL-001117,1731,8668,1,Manchester,28/11/2023,27/12/2023,30/01/2024,68700.0,17.5,GBP,30/01/2024 16:26
PL-001118,1755,11048,32,London,28/11/2023,15/01/2024,,112200.0,19.7,GBP,17/01/2024 09:57
PL-001119,1632,9978,28,London,29/11/2023,05/02/2024,,75500.0,16.2,GBP,06/02/2024 07:26
PL-001120,1671,9201,126,Paris,29/11/2023,03/02/2024,,101500.0,18.8,EUR,04/02/2024 09:11
PL-001121,1680,10592,99,Madrid,29/11/2023,21/02/2024,,76200.0,18.4,EUR,24/02/2024 14:41
PL-001122,1683,10457,12,Manchester,29/11/2023,28/12/2023,,74100.0,16.8,GBP,31/12/2023 09:06
PL-001123,1743,10863,84,Amsterdam,29/11/2023,14/02/2024,,100500.0,15.7,EUR,16/02/2024 15:58
PL-001124,1776,8258,125,Paris,29/11/2023,30/12/2023,,50100.0,19.5,EUR,02/01/2024 15:22
PL-001125,1728,10783,149,New York,30/11/2023,02/01/2024,,119900.0,20.9,USD,03/01/2024 12:43
PL-001126,1738,10722,208,Malaysia,30/11/2023,08/01/2024,,174900.0,18.4,MYR,10/01/2024 16:49
PL-001127,1744,10757,100,Madrid,30/11/2023,21/02/2024,,60900.0,21.0,EUR,24/02/2024 09:45
PL-001128,1760,10940,168,New York,30/11/2023,18/01/2024,,126500.0,21.4,USD,18/01/2024 17:37
PL-001129,1780,11202,110,Paris,30/11/2023,26/01/2024,,103900.0,23.0,EUR,29/01/2024 19:33
PL-001130,1684,10384,31,London,01/12/2023,01/01/2024,,112800.0,23.6,GBP,02/01/2024 11:41
PL-001131,1826,11304,186,Hong Kong,01/12/2023,30/12/2023,23/01/2024,508400.0,18.3,HKD,23/01/2024 17:21
PL-001132,1881,11759,80,Amsterdam,01/12/2023,09/01/2024,,97900.0,20.0,EUR,09/01/2024 10:10
PL-001133,1801,11330,126,Paris,02/12/2023,11/01/2024,,76100.0,17.0,EUR,13/01/2024 16:20
PL-001134,1828,10482,142,Zurich,02/12/2023,21/02/2024,18/03/2024,118300.0,20.0,CHF,20/03/2024 17:12
PL-001135,1834,11311,101,Madrid,02/12/2023,08/02/2024,,95000.0,17.5,EUR,11/02/2024 20:15
PL-001136,1846,11396,22,Manchester,02/12/2023,12/01/2024,,76400.0,18.0,GBP,13/01/2024 09:43
PL-001137,1783,10868,140,Zurich,03/12/2023,18/01/2024,19/01/2024,103100.0,17.1,CHF,22/01/2024 14:18
PL-001138,1807,11446,151,New York,04/12/2023,05/01/2024,,167500.0,20.5,USD,08/01/2024 07:00
PL-001139,1871,11701,148,New York,04/12/2023,21/01/2024,,151700.0,15.9,USD,23/01/2024 11:17
PL-001140,1890,10771,126,Paris,04/12/2023,14/02/2024,,71500.0,21.7,EUR,17/02/2024 14:46
PL-001141,1916,11967,51,London,04/12/2023,22/02/2024,,83000.0,22.3,GBP,23/02/2024 20:55
PL-001142,1713,10852,4,Manchester,05/12/2023,17/01/2024,10/03/2024,63700.0,23.7,GBP,12/03/2024 14:37
PL-001143,1779,11200,93,Brussels,05/12/2023,19/01/2024,,75900.0,19.6,EUR,19/01/2024 08:24
PL-001144,1810,11332,207,Malaysia,05/12/2023,07/02/2024,,227700.0,19.4,MYR,07/02/2024 20:41
PL-001145,1855,11438,177,Charlotte,05/12/2023,16/02/2024,24/02/2024,117800.0,17.4,USD,26/02/2024 09:16
PL-001146,1885,11798,208,Malaysia,05/12/2023,14/01/2024,,138200.0,21.1,MYR,16/01/2024 19:21
PL-001147,1724,10918,110,Paris,06/12/2023,03/02/2024,,88700.0,21.4,EUR,04/02/2024 15:33
PL-001148,1771,11056,66,Dublin,06/12/2023,25/02/2024,,50600.0,18.3,EUR,25/02/2024 16:14
PL-001149,1811,11186,3,Manchester,06/12/2023,14/01/2024,,84000.0,20.0,GBP,15/01/2024 18:29
PL-001150,1864,11727,147,New York,06/12/2023,27/02/2024,,120200.0,18.6,USD,27/02/2024 20:47
PL-001151,1722,10498,74,Dublin,07/12/2023,25/01/2024,,55000.0,18.5,EUR,27/01/2024 08:25
PL-001152,1782,10999,92,Brussels,07/12/2023,12/01/2024,,118600.0,16.3,EUR,15/01/2024 09:03
PL-001153,1828,11563,142,Zurich,07/12/2023,10/02/2024,07/04/2024,109200.0,16.1,CHF,07/04/2024 10:01
PL-001154,1831,11367,31,London,07/12/2023,05/01/2024,,116000.0,18.2,GBP,06/01/2024 08:09
PL-001155,1867,11580,38,London,07/12/2023,23/02/2024,,74200.0,18.5,GBP,23/02/2024 09:31
PL-001156,1872,11643,196,Singapore,07/12/2023,25/01/2024,,167400.0,19.8,SGD,25/01/2024 09:13
PL-001157,1654,10445,22,Manchester,08/12/2023,05/01/2024,,74000.0,17.1,GBP,08/01/2024 18:22
PL-001158,1840,11458,162,New York,08/12/2023,19/02/2024,,162600.0,17.9,USD,20/02/2024 09:47
PL-001159,1825,11525,135,Zurich,09/12/2023,08/01/2024,,111000.0,21.3,CHF,09/01/2024 09:05
PL-001160,1826,11339,186,Hong Kong,09/12/2023,11/02/2024,,475800.0,17.6,HKD,11/02/2024 18:20
PL-001161,1833,11567,98,Madrid,09/12/2023,03/02/2024,,59300.0,23.2,EUR,04/02/2024 14:05
PL-001162,1842,11656,182,Hong Kong,09/12/2023,18/02/2024,10/04/2024,509100.0,20.8,HKD,10/04/2024 16:14
PL-001163,1662,10448,197,Singapore,10/12/2023,17/02/2024,,183600.0,18.4,SGD,19/02/2024 09:35
PL-001164,1841,11368,168,New York,10/12/2023,07/02/2024,,117100.0,17.9,USD,09/02/2024 20:21
PL-001165,1849,11433,158,New York,10/12/2023,23/01/2024,,139500.0,16.4,USD,26/01/2024 13:09
PL-001166,1887,11708,106,Paris,10/12/2023,10/02/2024,,81000.0,19.7,EUR,10/02/2024 09:17
PL-001167,1865,11609,175,Charlotte,11/12/2023,10/01/2024,,76400.0,19.0,USD,12/01/2024 18:33
PL-001168,1894,12082,7,Manchester,11/12/2023,10/02/2024,,57200.0,19.6,GBP,13/02/2024 15:59
PL-001169,1830,11527,183,Hong Kong,12/12/2023,27/02/2024,,483300.0,19.6,HKD,27/02/2024 07:07
PL-001170,1852,11553,12,Manchester,12/12/2023,21/01/2024,,67100.0,19.7,GBP,22/01/2024 11:07
PL-001171,1857,11604,7,Manchester,12/12/2023,20/02/2024,,69200.0,16.6,GBP,22/02/2024 12:30
PL-001172,1898,11893,135,Zurich,12/12/2023,13/02/2024,,88600.0,18.1,CHF,14/02/2024 11:58
PL-001173,1802,11380,139,Zurich,13/12/2023,12/01/2024,,104100.0,19.6,CHF,14/01/2024 16:01
PL-001174,1769,11251,30,London,14/12/2023,29/02/2024,,97400.0,17.7,GBP,02/03/2024 07:41
PL-001175,1795,11237,167,New York,14/12/2023,09/02/2024,,116600.0,22.7,USD,12/02/2024 17:39
PL-001176,1800,11443,177,Charlotte,14/12/2023,18/01/2024,,76600.0,23.8,USD,20/01/2024 14:32
PL-001177,1832,11457,76,Dublin,14/12/2023,06/03/2024,,71900.0,20.6,EUR,07/03/2024 08:07
PL-001178,1851,11472,99,Madrid,14/12/2023,15/02/2024,,79400.0,19.8,EUR,17/02/2024 09:52
PL-001179,1933,11945,147,New York,14/12/2023,03/02/2024,,127900.0,17.0,USD,03/02/2024 18:14
PL-001180,1809,11447,184,Hong Kong,15/12/2023,11/02/2024,,455500.0,17.4,HKD,13/02/2024 15:10
PL-001181,1798,11295,73,Dublin,16/12/2023,13/01/2024,,82500.0,17.7,EUR,14/01/2024 17:41
PL-001182,1817,11388,122,Paris,16/12/2023,01/03/2024,,110200.0,17.5,EUR,03/03/2024 10:54
PL-001183,1879,46830,67,Dublin,16/12/2023,08/03/2024,,83500.0,20.6,EUR,08/03/2024 14:29
PL-001184,1884,11862,159,New York,16/12/2023,09/02/2024,,119900.0,19.3,USD,09/02/2024 13:10
PL-001185,1891,11956,140,Zurich,16/12/2023,25/01/2024,,96800.0,20.8,CHF,28/01/2024 14:01
PL-001186,1892,11737,142,Zurich,16/12/2023,23/01/2024,,135900.0,19.7,CHF,23/01/2024 18:13
PL-001187,1837,11395,160,New York,17/12/2023,26/02/2024,,165200.0,16.1,USD,29/02/2024 09:48
PL-001188,1798,11070,73,Dublin,18/12/2023,04/03/2024,,84600.0,21.2,EUR,06/03/2024 18:54
PL-001189,1820,11191,168,New York,18/12/2023,27/02/2024,,174300.0,21.0,USD,01/03/2024 19:27
PL-001190,1874,10342,15,Manchester,18/12/2023,23/02/2024,,66500.0,20.6,GBP,25/02/2024 14:48
PL-001191,1900,11739,161,New York,18/12/2023,04/03/2024,,101900.0,17.0,USD,07/03/2024 18:50
PL-001192,1902,12025,9,Manchester,18/12/2023,18/02/2024,,74100.0,20.5,GBP,18/02/2024 07:06
PL-001193,1903,11771,11,Manchester,18/12/2023,11/03/2024,22/04/2024,64800.0,18.0,GBP,23/04/2024 19:28
PL-001194,1821,11589,37,London,19/12/2023,19/02/2024,,74500.0,20.6,GBP,20/02/2024 10:04
PL-001195,1861,11695,13,Manchester,19/12/2023,04/03/2024,25/03/2024,62200.0,19.6,GBP,27/03/2024 10:18
PL-001196,1880,11887,73,Dublin,19/12/2023,03/03/2024,,71400.0,20.8,EUR,06/03/2024 10:13
PL-001197,1816,11542,75,Dublin,20/12/2023,06/02/2024,,50000.0,20.8,EUR,09/02/2024 07:25
PL-001198,1863,11750,101,Madrid,20/12/2023,10/03/2024,,71200.0,20.5,EUR,10/03/2024 09:27
PL-001199,1924,12104,69,Dublin,20/12/2023,23/01/2024,,67900.0,15.6,EUR,26/01/2024 12:31
PL-001200,1936,11979,123,Paris,20/12/2023,13/02/2024,,89000.0,17.9,EUR,15/02/2024 08:39
PL-001201,1955,12041,75,Dublin,20/12/2023,02/02/2024,,59900.0,19.1,EUR,03/02/2024 15:23
PL-001202,1893,11803,1,Manchester,21/12/2023,02/03/2024,,80800.0,21.0,GBP,04/03/2024 09:44
PL-001203,1914,11964,137,Zurich,21/12/2023,30/01/2024,,89300.0,21.4,CHF,30/01/2024 20:58
PL-001204,1819,11522,140,Zurich,22/12/2023,03/02/2024,,132100.0,17.1,CHF,06/02/2024 12:44
PL-001205,1904,11468,31,London,22/12/2023,20/01/2024,,95700.0,21.3,GBP,21/01/2024 08:24
PL-001206,1905,9916,37,London,22/12/2023,29/01/2024,,98800.0,19.2,GBP,01/02/2024 11:00
PL-001207,1928,10003,165,New York,23/12/2023,25/01/2024,,189400.0,19.0,USD,27/01/2024 13:42
PL-001208,1932,11977,139,Zurich,23/12/2023,25/02/2024,,97800.0,17.6,CHF,25/02/2024 20:43
PL-001209,1834,11335,101,Madrid,24/12/2023,10/02/2024,,95600.0,20.6,EUR,11/02/2024 07:46
PL-001210,1901,10388,2,Manchester,24/12/2023,15/03/2024,,74800.0,16.3,GBP,18/03/2024 13:12
PL-001211,1931,12031,110,Paris,24/12/2023,24/02/2024,,92900.0,20.6,EUR,26/02/2024 18:57
PL-001212,1933,12010,147,New York,24/12/2023,08/03/2024,,115600.0,22.9,USD,08/03/2024 09:58
PL-001213,1960,12255,81,Amsterdam,24/12/2023,05/02/2024,12/04/2024,113200.0,16.9,EUR,13/04/2024 11:15
PL-001214,1868,11753,39,London,25/12/2023,23/02/2024,,76600.0,19.8,GBP,25/02/2024 07:19
PL-001215,1923,12181,65,Dublin,25/12/2023,17/03/2024,,102200.0,17.4,EUR,20/03/2024 10:53
PL-001216,1877,11833,195,Singapore,26/12/2023,19/03/2024,,152500.0,18.7,SGD,20/03/2024 12:55
PL-001217,1911,11167,93,Brussels,26/12/2023,26/02/2024,,88300.0,22.1,EUR,29/02/2024 11:59
PL-001218,1915,11903,179,Charlotte,26/12/2023,28/01/2024,,148300.0,20.1,USD,30/01/2024 19:26
PL-001219,1866,11072,183,Hong Kong,27/12/2023,06/02/2024,05/04/2024,717000.0,21.7,HKD,07/04/2024 16:27
PL-001220,1927,12108,151,New York,28/12/2023,14/02/2024,,103700.0,21.4,USD,17/02/2024 17:28
PL-001221,1967,9378,132,Zurich,28/12/2023,01/02/2024,,119700.0,18.9,CHF,01/02/2024 19:05
PL-001222,2003,12465,196,Singapore,28/12/2023,15/02/2024,,106800.0,19.6,SGD,17/02/2024 18:34
PL-001223,1878,11645,2,Manchester,29/12/2023,27/02/2024,,59700.0,22.0,GBP,27/02/2024 20:11
PL-001224,1818,9465,132,Zurich,31/12/2023,11/03/2024,,143800.0,18.6,CHF,11/03/2024 09:11
PL-001225,1950,12251,91,Brussels,31/12/2023,13/03/2024,,76100.0,18.7,EUR,15/03/2024 17:39
PL-001226,1974,12376,98,Madrid,31/12/2023,12/03/2024,,50800.0,20.3,EUR,15/03/2024 14:03
PL-001227,1854,11745,174,Charlotte,01/01/2024,08/03/2024,06/04/2024,85500.0,17.8,USD,08/04/2024 14:12
PL-001228,1944,12273,82,Amsterdam,01/01/2024,13/02/2024,,92000.0,21.2,EUR,15/02/2024 16:32
PL-001229,1952,10005,197,Singapore,01/01/2024,05/03/2024,,154900.0,20.7,SGD,07/03/2024 11:22
PL-001230,1977,10768,23,Manchester,01/01/2024,31/01/2024,,88800.0,20.8,GBP,31/01/2024 16:34
PL-001231,1992,11917,70,Dublin,01/01/2024,11/02/2024,,58500.0,17.2,EUR,12/02/2024 19:13
PL-001232,1841,10981,168,New York,02/01/2024,26/02/2024,,142100.0,22.1,USD,28/02/2024 15:05
PL-001233,1940,11122,41,London,02/01/2024,03/02/2024,,73100.0,20.4,GBP,03/02/2024 19:52
PL-001234,2032,12631,48,London,02/01/2024,11/03/2024,,95500.0,19.3,GBP,12/03/2024 13:01
PL-001235,1897,11935,74,Dublin,03/01/2024,04/02/2024,12/04/2024,63600.0,17.8,EUR,13/04/2024 14:58
PL-001236,1969,10813,84,Amsterdam,04/01/2024,27/02/2024,,121100.0,17.1,EUR,29/02/2024 15:46
PL-001237,1976,12450,23,Manchester,04/01/2024,23/02/2024,,78200.0,18.8,GBP,24/02/2024 13:42
PL-001238,1941,11947,56,London,06/01/2024,04/02/2024,,91000.0,19.2,GBP,05/02/2024 12:48
PL-001239,1957,12370,66,Dublin,06/01/2024,04/03/2024,,65400.0,19.2,EUR,06/03/2024 20:34
PL-001240,1988,12501,81,Amsterdam,06/01/2024,09/02/2024,11/02/2024,103200.0,20.1,EUR,13/02/2024 13:05
PL-001241,1907,11718,97,Madrid,07/01/2024,24/02/2024,,58600.0,18.4,EUR,25/02/2024 18:45
PL-001242,1956,12155,194,Singapore,07/01/2024,04/03/2024,,131100.0,16.9,SGD,05/03/2024 12:33
PL-001243,1909,12001,185,Hong Kong,08/01/2024,21/02/2024,,469500.0,15.4,HKD,23/02/2024 16:18
PL-001244,1942,12168,64,Dublin,08/01/2024,11/03/2024,,96200.0,22.4,EUR,13/03/2024 08:22
PL-001245,1986,12398,198,Singapore,08/01/2024,04/03/2024,,94400.0,18.2,SGD,06/03/2024 12:52
PL-001246,2010,12474,136,Zurich,08/01/2024,21/02/2024,,114700.0,21.5,CHF,22/02/2024 17:27
PL-001247,1876,11885,90,Brussels,09/01/2024,15/02/2024,,102000.0,22.2,EUR,18/02/2024 09:04
PL-001248,1930,10000,100,Madrid,09/01/2024,03/03/2024,,57700.0,19.6,EUR,05/03/2024 16:59
PL-001249,1979,12536,51,London,09/01/2024,23/03/2024,,71500.0,18.9,GBP,23/03/2024 10:01
PL-001250,1945,12218,108,Paris,10/01/2024,19/03/2024,,69300.0,19.8,EUR,19/03/2024 11:09
PL-001251,1975,12495,150,New York,10/01/2024,18/02/2024,,111600.0,17.8,USD,20/02/2024 16:17
PL-001252,1989,12541,92,Brussels,10/01/2024,06/03/2024,,93200.0,17.3,EUR,07/03/2024 19:31
PL-001253,1885,11925,208,Malaysia,11/01/2024,27/02/2024,,136100.0,20.1,MYR,29/02/2024 13:12
PL-001254,1907,12128,97,Madrid,11/01/2024,13/02/2024,,65100.0,20.7,EUR,15/02/2024 11:03
PL-001255,1980,12454,55,London,11/01/2024,26/03/2024,,70800.0,18.1,GBP,29/03/2024 16:38
PL-001256,2019,12624,165,New York,11/01/2024,20/02/2024,,166600.0,20.8,USD,23/02/2024 07:13
PL-001257,1951,9898,136,Zurich,12/01/2024,21/02/2024,,94700.0,21.6,CHF,23/02/2024 12:02
PL-001258,1948,11287,59,London,13/01/2024,11/02/2024,,83800.0,19.0,GBP,13/02/2024 08:23
PL-001259,2024,12598,8,Manchester,14/01/2024,31/03/2024,,50000.0,23.5,GBP,31/03/2024 10:17
PL-001260,1925,11973,75,Dublin,15/01/2024,22/03/2024,,61800.0,20.5,EUR,25/03/2024 15:27
PL-001261,1929,12239,48,London,15/01/2024,12/02/2024,,93000.0,18.6,GBP,13/02/2024 10:37
PL-001262,1964,12261,122,Paris,15/01/2024,17/03/2024,,120900.0,18.1,EUR,18/03/2024 14:19
PL-001263,1968,12228,209,Malaysia,15/01/2024,12/02/2024,,141500.0,21.4,MYR,12/02/2024 14:51
PL-001264,1993,12525,76,Dublin,15/01/2024,03/04/2024,,62900.0,20.8,EUR,05/04/2024 08:52
PL-001265,2005,12445,83,Amsterdam,15/01/2024,19/03/2024,,92900.0,17.0,EUR,20/03/2024 13:07
PL-001266,1920,12100,32,London,16/01/2024,06/04/2024,,97900.0,20.0,GBP,09/04/2024 19:28
PL-001267,1954,12368,74,Dublin,16/01/2024,20/03/2024,,80100.0,18.9,EUR,20/03/2024 20:00
PL-001268,1972,12263,4,Manchester,16/01/2024,02/03/2024,,86700.0,18.5,GBP,04/03/2024 14:31
PL-001269,1979,12452,51,London,16/01/2024,19/03/2024,,68800.0,18.4,GBP,19/03/2024 18:47
PL-001270,1943,12150,79,Amsterdam,17/01/2024,02/03/2024,,97700.0,17.7,EUR,05/03/2024 09:54
PL-001271,1962,12280,185,Hong Kong,17/01/2024,29/03/2024,29/05/2024,658000.0,21.6,HKD,01/06/2024 13:54
PL-001272,2022,46524,106,Paris,17/01/2024,20/02/2024,,90900.0,21.1,EUR,20/02/2024 19:57
PL-001273,2001,12403,91,Brussels,18/01/2024,11/03/2024,,97000.0,19.1,EUR,11/03/2024 18:34
PL-001274,2055,12323,175,Charlotte,18/01/2024,08/04/2024,,92400.0,17.7,USD,09/04/2024 07:05
PL-001275,1917,12162,57,London,19/01/2024,06/04/2024,13/05/2024,90800.0,21.2,GBP,15/05/2024 10:26
PL-001276,1996,12569,4,Manchester,19/01/2024,21/02/2024,,76400.0,22.7,GBP,23/02/2024 18:20
PL-001277,2012,12552,59,London,19/01/2024,10/03/2024,,90800.0,19.3,GBP,13/03/2024 20:20
PL-001278,2036,12634,147,New York,19/01/2024,14/03/2024,,145800.0,19.0,USD,15/03/2024 11:44
PL-001279,1959,12391,76,Dublin,21/01/2024,08/03/2024,26/03/2024,80200.0,19.2,EUR,27/03/2024 14:24
PL-001280,2026,12659,25,Manchester,21/01/2024,24/02/2024,,59300.0,17.8,GBP,26/02/2024 17:47
PL-001281,2066,12918,210,Malaysia,21/01/2024,01/04/2024,,164800.0,17.5,MYR,02/04/2024 18:54
PL-001282,1973,12206,55,London,22/01/2024,21/03/2024,,135800.0,18.5,GBP,23/03/2024 14:40
PL-001283,1995,10756,184,Hong Kong,22/01/2024,06/03/2024,,559300.0,22.9,HKD,08/03/2024 08:56
PL-001284,2007,12641,24,Manchester,22/01/2024,18/03/2024,,75000.0,16.8,GBP,20/03/2024 20:12
PL-001285,2051,12428,31,London,22/01/2024,01/03/2024,,108300.0,18.7,GBP,04/03/2024 07:09
PL-001286,1982,12431,44,London,24/01/2024,13/04/2024,24/06/2024,69900.0,18.3,GBP,27/06/2024 07:47
PL-001287,1985,12413,183,Hong Kong,24/01/2024,11/03/2024,,632700.0,19.0,HKD,11/03/2024 17:26
PL-001288,2046,12876,134,Zurich,24/01/2024,12/04/2024,,132900.0,17.8,CHF,12/04/2024 07:33
PL-001289,2057,12894,121,Paris,25/01/2024,14/04/2024,,68100.0,16.6,EUR,15/04/2024 09:50
PL-001290,2004,12507,79,Amsterdam,26/01/2024,13/04/2024,,85000.0,23.4,EUR,14/04/2024 20:50
PL-001291,2034,12661,112,Paris,26/01/2024,24/02/2024,,68100.0,17.2,EUR,26/02/2024 20:47
PL-001292,2037,12750,199,Singapore,27/01/2024,06/03/2024,,132700.0,20.9,SGD,09/03/2024 20:26
PL-001293,2039,10364,108,Paris,27/01/2024,18/04/2024,,71200.0,21.6,EUR,18/04/2024 09:57
PL-001294,1978,12517,187,Hong Kong,28/01/2024,25/02/2024,,770600.0,20.1,HKD,28/02/2024 18:10
PL-001295,2017,12646,3,Manchester,29/01/2024,24/03/2024,,95700.0,20.3,GBP,25/03/2024 10:50
PL-001296,2021,12611,82,Amsterdam,29/01/2024,07/04/2024,,81700.0,19.7,EUR,10/04/2024 13:08
PL-001297,2053,12958,159,New York,29/01/2024,06/04/2024,,116900.0,16.8,USD,09/04/2024 08:50
PL-001298,1997,12635,135,Zurich,30/01/2024,26/03/2024,23/05/2024,94200.0,23.1,CHF,25/05/2024 11:12
PL-001299,2016,12577,39,London,30/01/2024,18/04/2024,,82500.0,19.4,GBP,20/04/2024 09:36
PL-001300,2047,11852,149,New York,30/01/2024,09/03/2024,28/03/2024,116500.0,20.6,USD,28/03/2024 17:31
PL-001301,2058,11553,167,New York,31/01/2024,23/04/2024,,104900.0,22.6,USD,23/04/2024 11:39
PL-001302,2114,13042,99,Madrid,31/01/2024,22/04/2024,,60300.0,21.4,EUR,23/04/2024 12:05
PL-001303,2044,12733,194,Singapore,01/02/2024,08/03/2024,,148800.0,19.2,SGD,08/03/2024 18:08
PL-001304,2095,12974,158,New York,01/02/2024,16/03/2024,,134300.0,24.4,USD,19/03/2024 11:26
PL-001305,2020,12595,209,Malaysia,02/02/2024,14/04/2024,,170600.0,18.7,MYR,17/04/2024 16:55
PL-001306,2068,46905,43,London,02/02/2024,18/03/2024,,69600.0,23.0,GBP,21/03/2024 11:22
PL-001307,2094,12954,139,Zurich,02/02/2024,31/03/2024,,144000.0,21.2,CHF,03/04/2024 18:29
PL-001308,2078,13007,8,Manchester,03/02/2024,07/03/2024,,78600.0,21.2,GBP,10/03/2024 07:43
PL-001309,2116,11889,85,Amsterdam,04/02/2024,06/03/2024,26/03/2024,77400.0,23.2,EUR,27/03/2024 14:25
PL-001310,2120,13067,175,Charlotte,04/02/2024,09/04/2024,,66300.0,16.4,USD,09/04/2024 20:42
PL-001311,2125,13113,88,Brussels,04/02/2024,15/04/2024,,69300.0,16.7,EUR,16/04/2024 20:02
PL-001312,2014,10160,75,Dublin,05/02/2024,01/04/2024,04/05/2024,109300.0,18.7,EUR,04/05/2024 08:18
PL-001313,2018,12593,49,London,07/02/2024,01/04/2024,,66000.0,18.7,GBP,03/04/2024 07:59
PL-001314,2023,12658,126,Paris,07/02/2024,01/05/2024,,90500.0,18.4,EUR,01/05/2024 20:16
PL-001315,2029,12630,197,Singapore,08/02/2024,11/03/2024,,153100.0,21.8,SGD,12/03/2024 10:05
PL-001316,2111,13065,167,New York,08/02/2024,14/03/2024,,128700.0,17.7,USD,14/03/2024 14:44
PL-001317,2061,12853,101,Madrid,09/02/2024,01/04/2024,,68600.0,18.3,EUR,04/04/2024 13:38
PL-001318,2070,12997,148,New York,09/02/2024,11/03/2024,,132800.0,16.0,USD,14/03/2024 10:34
PL-001319,2071,13044,150,New York,09/02/2024,15/03/2024,,135200.0,23.8,USD,18/03/2024 16:02
PL-001320,2000,12545,57,London,10/02/2024,28/04/2024,,112800.0,21.6,GBP,01/05/2024 19:03
PL-001321,2181,13495,111,Paris,10/02/2024,07/04/2024,,89300.0,20.0,EUR,07/04/2024 19:40
PL-001322,2025,12743,22,Manchester,11/02/2024,01/04/2024,,65900.0,16.3,GBP,02/04/2024 08:08
PL-001323,2104,10934,159,New York,11/02/2024,07/04/2024,,155300.0,18.0,USD,07/04/2024 16:03
PL-001324,2110,13064,60,London,11/02/2024,23/03/2024,,71800.0,19.9,GBP,26/03/2024 11:56
PL-001325,2114,13173,99,Madrid,11/02/2024,04/04/2024,,61500.0,19.4,EUR,07/04/2024 18:56
PL-001326,2132,13329,57,London,11/02/2024,03/04/2024,,121800.0,15.5,GBP,04/04/2024 11:45
PL-001327,2089,13201,41,London,13/02/2024,12/03/2024,,96900.0,17.9,GBP,13/03/2024 15:38
PL-001328,2112,13172,11,Manchester,13/02/2024,13/03/2024,,51800.0,20.5,GBP,14/03/2024 20:36
PL-001329,2135,13179,100,Madrid,13/02/2024,18/04/2024,,75400.0,18.2,EUR,21/04/2024 20:32
PL-001330,2137,13473,14,Manchester,13/02/2024,21/04/2024,,59900.0,21.0,GBP,23/04/2024 20:02
PL-001331,2028,12711,169,New York,14/02/2024,15/04/2024,,166800.0,17.5,USD,18/04/2024 13:50
PL-001332,2073,12943,161,New York,14/02/2024,28/04/2024,,150800.0,16.0,USD,28/04/2024 20:07
PL-001333,2082,13158,187,Hong Kong,14/02/2024,27/04/2024,08/06/2024,724600.0,21.7,HKD,08/06/2024 18:41
PL-001334,2085,12984,76,Dublin,14/02/2024,11/04/2024,,92400.0,19.2,EUR,14/04/2024 19:40
PL-001335,2093,12973,84,Amsterdam,14/02/2024,14/03/2024,29/03/2024,90700.0,22.9,EUR,01/04/2024 20:26
PL-001336,2124,13284,66,Dublin,14/02/2024,30/03/2024,,95900.0,19.4,EUR,02/04/2024 17:32
PL-001337,2049,12878,107,Paris,15/02/2024,19/03/2024,,91700.0,19.3,EUR,22/03/2024 09:45
PL-001338,2115,13174,122,Paris,15/02/2024,18/03/2024,,79100.0,20.1,EUR,20/03/2024 08:43
PL-001339,2127,13143,147,New York,15/02/2024,10/04/2024,,138700.0,20.1,USD,10/04/2024 16:58
PL-001340,2062,12794,9,Manchester,16/02/2024,08/05/2024,,70200.0,21.4,GBP,09/05/2024 10:48
PL-001341,2137,11262,14,Manchester,16/02/2024,05/04/2024,,58400.0,19.8,GBP,06/04/2024 20:02
PL-001342,2161,13612,178,Charlotte,16/02/2024,31/03/2024,02/06/2024,68200.0,17.5,USD,02/06/2024 11:27
PL-001343,2065,12898,182,Hong Kong,17/02/2024,17/03/2024,,908900.0,22.3,HKD,19/03/2024 08:48
PL-001344,2080,13008,31,London,17/02/2024,28/03/2024,,102600.0,19.8,GBP,29/03/2024 20:30
PL-001345,2098,13103,121,Paris,17/02/2024,22/04/2024,,54500.0,22.8,EUR,25/04/2024 15:09
PL-001346,2144,13574,102,Madrid,17/02/2024,19/03/2024,03/04/2024,86500.0,21.9,EUR,06/04/2024 08:26
PL-001347,2154,13415,12,Manchester,17/02/2024,06/05/2024,,85800.0,18.2,GBP,07/05/2024 09:01
PL-001348,2170,13619,198,Singapore,17/02/2024,23/03/2024,,110800.0,17.3,SGD,24/03/2024 10:37
PL-001349,2181,13701,111,Paris,17/02/2024,09/04/2024,,97900.0,20.6,EUR,10/04/2024 07:59
PL-001350,2190,13465,149,New York,17/02/2024,03/05/2024,,149300.0,18.5,USD,03/05/2024 14:39
PL-001351,2093,13162,84,Amsterdam,18/02/2024,14/04/2024,,95100.0,19.5,EUR,16/04/2024 14:43
PL-001352,2152,13336,137,Zurich,18/02/2024,11/04/2024,,108400.0,21.1,CHF,12/04/2024 17:36
PL-001353,2162,13343,208,Malaysia,18/02/2024,29/04/2024,08/07/2024,236900.0,18.8,MYR,09/07/2024 10:37
PL-001354,2063,12868,100,Madrid,19/02/2024,06/04/2024,,98900.0,17.4,EUR,06/04/2024 20:24
PL-001355,2103,13035,20,Manchester,20/02/2024,19/04/2024,04/05/2024,65400.0,15.8,GBP,05/05/2024 18:00
PL-001356,2113,13209,82,Amsterdam,20/02/2024,04/05/2024,,69500.0,16.6,EUR,07/05/2024 08:18
PL-001357,2151,13173,43,London,20/02/2024,19/03/2024,,94300.0,18.8,GBP,19/03/2024 14:39
PL-001358,2163,13613,210,Malaysia,20/02/2024,22/04/2024,,202500.0,22.0,MYR,24/04/2024 19:57
PL-001359,2132,13437,57,London,21/02/2024,21/03/2024,,134200.0,20.0,GBP,24/03/2024 19:25
PL-001360,2158,13295,73,Dublin,21/02/2024,17/04/2024,,61000.0,22.7,EUR,20/04/2024 08:59
PL-001361,2178,13591,93,Brussels,21/02/2024,30/04/2024,08/07/2024,130900.0,23.4,EUR,08/07/2024 07:55
PL-001362,2185,11747,147,New York,21/02/2024,20/03/2024,,104000.0,20.6,USD,22/03/2024 20:59
PL-001363,2067,12831,29,London,22/02/2024,14/05/2024,,90400.0,19.5,GBP,15/05/2024 20:12
PL-001364,2210,13711,67,Dublin,22/02/2024,06/05/2024,,79600.0,19.0,EUR,08/05/2024 10:13
PL-001365,2087,12952,168,New York,23/02/2024,28/03/2024,06/05/2024,112800.0,19.8,USD,07/05/2024 16:28
PL-001366,2090,13304,42,London,23/02/2024,23/03/2024,13/04/2024,99000.0,16.1,GBP,15/04/2024 09:42
PL-001367,2147,13256,151,New York,23/02/2024,09/04/2024,,144800.0,18.6,USD,10/04/2024 18:09
PL-001368,2160,13418,134,Zurich,23/02/2024,06/04/2024,,139900.0,21.5,CHF,06/04/2024 16:22
PL-001369,2186,12201,161,New York,23/02/2024,06/05/2024,,110400.0,16.7,USD,06/05/2024 08:15
PL-001370,2239,13877,110,Paris,23/02/2024,07/05/2024,,87100.0,19.7,EUR,09/05/2024 16:35
PL-001371,2088,13265,28,London,24/02/2024,24/03/2024,,134200.0,20.4,GBP,26/03/2024 14:29
PL-001372,2109,13038,56,London,24/02/2024,02/05/2024,,102700.0,17.5,GBP,05/05/2024 09:40
PL-001373,2223,13827,29,London,24/02/2024,25/04/2024,,107500.0,22.4,GBP,28/04/2024 14:16
PL-001374,2227,13830,150,New York,24/02/2024,09/04/2024,,116300.0,18.6,USD,10/04/2024 09:59
PL-001375,2056,12791,28,London,25/02/2024,02/05/2024,,123500.0,21.1,GBP,04/05/2024 17:57
PL-001376,2081,13124,91,Brussels,26/02/2024,19/04/2024,,98100.0,19.7,EUR,20/04/2024 07:27
PL-001377,2133,13511,80,Amsterdam,26/02/2024,13/05/2024,,93200.0,21.0,EUR,15/05/2024 17:09
PL-001378,2142,13411,43,London,26/02/2024,09/04/2024,,81700.0,18.2,GBP,12/04/2024 09:24
PL-001379,2139,13255,197,Singapore,27/02/2024,30/03/2024,,156700.0,16.4,SGD,02/04/2024 19:39
PL-001380,2146,10835,136,Zurich,27/02/2024,15/04/2024,,114400.0,20.2,CHF,17/04/2024 16:37
PL-001381,2166,13300,101,Madrid,27/02/2024,01/04/2024,,58400.0,19.3,EUR,02/04/2024 12:05
PL-001382,2173,13770,67,Dublin,27/02/2024,13/05/2024,,87500.0,21.4,EUR,15/05/2024 07:33
PL-001383,2090,13267,42,London,28/02/2024,14/05/2024,,103800.0,18.6,GBP,17/05/2024 09:25
PL-001384,2175,13732,85,Amsterdam,28/02/2024,30/04/2024,,98700.0,20.7,EUR,02/05/2024 11:47
PL-001385,2183,13702,135,Zurich,28/02/2024,17/05/2024,08/07/2024,112700.0,16.2,CHF,09/07/2024 09:50
PL-001386,2252,14082,134,Zurich,28/02/2024,21/05/2024,,150200.0,23.9,CHF,21/05/2024 08:07
PL-001387,2258,13517,195,Singapore,28/02/2024,26/04/2024,,157900.0,17.0,SGD,28/04/2024 18:15
PL-001388,2196,13676,51,London,29/02/2024,04/05/2024,,74700.0,18.4,GBP,07/05/2024 14:06
PL-001389,2224,13758,90,Brussels,29/02/2024,06/04/2024,,106200.0,18.2,EUR,08/04/2024 19:09
PL-001390,2293,14129,67,Dublin,29/02/2024,23/05/2024,,62400.0,16.3,EUR,25/05/2024 16:11
PL-001391,2249,13975,194,Singapore,01/03/2024,06/04/2024,29/04/2024,115600.0,16.9,SGD,01/05/2024 11:37
PL-001392,2251,13839,6,Manchester,01/03/2024,13/05/2024,,50000.0,20.8,GBP,15/05/2024 18:43
PL-001393,2172,12794,59,London,02/03/2024,12/04/2024,,86600.0,21.9,GBP,12/04/2024 19:41
PL-001394,2314,13590,20,Manchester,02/03/2024,16/04/2024,,88900.0,22.0,GBP,18/04/2024 12:41
PL-001395,2197,13743,61,London,03/03/2024,20/05/2024,,96000.0,16.2,GBP,20/05/2024 13:55
PL-001396,2260,14251,134,Zurich,03/03/2024,27/04/2024,,114600.0,16.6,CHF,28/04/2024 16:31
PL-001397,2157,13727,64,Dublin,05/03/2024,24/04/2024,,91900.0,21.7,EUR,25/04/2024 10:24
PL-001398,2156,13658,59,London,06/03/2024,16/05/2024,,82600.0,19.3,GBP,16/05/2024 08:30
PL-001399,2240,11799,148,New York,06/03/2024,27/04/2024,,113500.0,20.4,USD,30/04/2024 07:37
PL-001400,2241,13969,169,New York,06/03/2024,23/05/2024,,159700.0,16.0,USD,25/05/2024 13:31
PL-001401,2295,12046,169,New York,06/03/2024,11/04/2024,,207800.0,21.8,USD,13/04/2024 07:13
PL-001402,2188,11818,15,Manchester,07/03/2024,10/05/2024,,91300.0,18.9,GBP,13/05/2024 09:32
PL-001403,2199,13680,107,Paris,07/03/2024,10/04/2024,,70100.0,17.2,EUR,11/04/2024 12:58
PL-001404,2253,13976,135,Zurich,07/03/2024,30/05/2024,,123700.0,18.7,CHF,31/05/2024 07:29
PL-001405,2254,14216,136,Zurich,07/03/2024,19/05/2024,,133700.0,21.4,CHF,22/05/2024 19:48
PL-001406,2288,14127,183,Hong Kong,07/03/2024,28/04/2024,,624300.0,20.2,HKD,28/04/2024 16:28
PL-001407,2325,14498,161,New York,07/03/2024,24/04/2024,,140000.0,20.2,USD,27/04/2024 17:29
PL-001408,2117,13398,91,Brussels,08/03/2024,27/05/2024,,83100.0,19.7,EUR,27/05/2024 18:59
PL-001409,2143,13225,93,Brussels,08/03/2024,07/04/2024,,137000.0,19.6,EUR,08/04/2024 08:17
PL-001410,2179,13699,101,Madrid,08/03/2024,28/05/2024,,97000.0,20.7,EUR,30/05/2024 10:12
PL-001411,2189,13780,24,Manchester,08/03/2024,06/05/2024,,71100.0,16.1,GBP,09/05/2024 20:16
PL-001412,2376,14561,185,Hong Kong,08/03/2024,25/04/2024,,601400.0,17.1,HKD,27/04/2024 20:15
PL-001413,2229,13917,1,Manchester,09/03/2024,06/04/2024,30/04/2024,101600.0,20.3,GBP,03/05/2024 08:05
PL-001414,2232,14171,98,Madrid,09/03/2024,27/04/2024,,73000.0,19.0,EUR,29/04/2024 20:45
PL-001415,2288,14355,183,Hong Kong,09/03/2024,26/05/2024,,718700.0,20.8,HKD,27/05/2024 18:51
PL-001416,2292,12921,57,London,09/03/2024,23/04/2024,,112100.0,24.0,GBP,24/04/2024 17:47
PL-001417,2311,13369,126,Paris,09/03/2024,11/04/2024,,100100.0,18.4,EUR,14/04/2024 10:10
PL-001418,2193,11854,151,New York,10/03/2024,16/05/2024,,160500.0,20.4,USD,19/05/2024 07:42
PL-001419,2221,14098,13,Manchester,10/03/2024,07/05/2024,,77200.0,21.5,GBP,09/05/2024 13:54
PL-001420,2247,14010,64,Dublin,10/03/2024,09/04/2024,05/05/2024,84400.0,17.3,EUR,05/05/2024 09:06
PL-001421,2256,14218,52,London,10/03/2024,08/04/2024,,72900.0,18.7,GBP,08/04/2024 15:16
PL-001422,2263,14283,98,Madrid,10/03/2024,17/05/2024,,78700.0,18.2,EUR,19/05/2024 09:05
PL-001423,2344,14421,101,Madrid,10/03/2024,27/05/2024,,91200.0,21.9,EUR,28/05/2024 17:23
PL-001424,2117,13429,91,Brussels,11/03/2024,24/05/2024,,81800.0,20.0,EUR,25/05/2024 09:18
PL-001425,2244,13924,209,Malaysia,11/03/2024,31/05/2024,,165500.0,19.4,MYR,02/06/2024 15:05
PL-001426,2246,13802,23,Manchester,11/03/2024,03/05/2024,,63300.0,22.6,GBP,04/05/2024 09:22
PL-001427,2341,14511,22,Manchester,11/03/2024,02/06/2024,01/07/2024,87800.0,18.8,GBP,03/07/2024 19:05
PL-001428,2169,13301,144,Zurich,12/03/2024,18/05/2024,,168700.0,20.6,CHF,20/05/2024 11:30
PL-001429,2209,13936,65,Dublin,12/03/2024,16/04/2024,,77400.0,18.2,EUR,16/04/2024 19:33
PL-001430,2250,14110,3,Manchester,12/03/2024,21/04/2024,,64800.0,19.9,GBP,23/04/2024 10:12
PL-001431,2266,14309,42,London,13/03/2024,05/06/2024,20/08/2024,74500.0,16.6,GBP,21/08/2024 15:45
PL-001432,2299,14437,14,Manchester,13/03/2024,09/05/2024,24/05/2024,81500.0,22.4,GBP,24/05/2024 16:22
PL-001433,2210,46478,67,Dublin,14/03/2024,27/04/2024,,72000.0,18.2,EUR,28/04/2024 07:05
PL-001434,2216,13912,92,Brussels,14/03/2024,03/05/2024,,79700.0,17.0,EUR,06/05/2024 10:19
PL-001435,2235,13948,184,Hong Kong,14/03/2024,06/06/2024,,661900.0,17.3,HKD,07/06/2024 20:24
PL-001436,2279,12535,152,New York,14/03/2024,15/05/2024,,142700.0,17.8,USD,16/05/2024 07:16
PL-001437,2318,11803,174,Charlotte,14/03/2024,27/05/2024,,129400.0,15.6,USD,29/05/2024 14:09
PL-001438,2153,13654,146,New York,15/03/2024,05/05/2024,,164100.0,19.3,USD,08/05/2024 19:42
PL-001439,2182,13776,132,Zurich,15/03/2024,04/05/2024,,125900.0,19.7,CHF,05/05/2024 17:21
PL-001440,2155,13524,52,London,16/03/2024,20/04/2024,,73600.0,18.7,GBP,22/04/2024 10:56
PL-001441,2257,14047,83,Amsterdam,16/03/2024,26/05/2024,,104800.0,17.5,EUR,26/05/2024 17:57
PL-001442,2271,46644,66,Dublin,16/03/2024,30/04/2024,,94200.0,19.1,EUR,02/05/2024 17:04
PL-001443,2274,14348,137,Zurich,16/03/2024,05/05/2024,,122600.0,22.7,CHF,07/05/2024 11:12
PL-001444,2296,14196,185,Hong Kong,16/03/2024,27/05/2024,,763300.0,19.3,HKD,27/05/2024 14:19
PL-001445,2371,14595,93,Brussels,16/03/2024,21/04/2024,,71900.0,17.4,EUR,23/04/2024 13:39
PL-001446,2201,13906,209,Malaysia,17/03/2024,23/04/2024,,217200.0,18.2,MYR,24/04/2024 16:47
PL-001447,2238,14006,97,Madrid,17/03/2024,10/05/2024,,87100.0,18.4,EUR,10/05/2024 17:46
PL-001448,2255,13957,49,London,17/03/2024,21/04/2024,,106300.0,17.7,GBP,22/04/2024 12:30
PL-001449,2276,14256,42,London,17/03/2024,14/04/2024,,121800.0,20.7,GBP,15/04/2024 09:56
PL-001450,2278,14521,139,Zurich,17/03/2024,09/05/2024,13/07/2024,95400.0,19.0,CHF,15/07/2024 14:48
PL-001451,2284,14316,31,London,17/03/2024,16/04/2024,,111500.0,19.7,GBP,18/04/2024 20:55
PL-001452,2297,14321,7,Manchester,18/03/2024,15/05/2024,,58300.0,21.7,GBP,16/05/2024 15:13
PL-001453,2333,13133,1,Manchester,18/03/2024,12/05/2024,,97600.0,19.4,GBP,14/05/2024 20:05
PL-001454,2370,14739,84,Amsterdam,18/03/2024,22/04/2024,,104700.0,20.3,EUR,22/04/2024 18:19
PL-001455,2378,14803,184,Hong Kong,18/03/2024,16/04/2024,,737400.0,20.1,HKD,16/04/2024 14:17
PL-001456,2383,14691,183,Hong Kong,18/03/2024,15/05/2024,,608300.0,18.3,HKD,15/05/2024 07:24
PL-001457,2285,14156,47,London,19/03/2024,29/04/2024,,106300.0,18.4,GBP,02/05/2024 19:26
PL-001458,2317,14661,160,New York,19/03/2024,30/05/2024,06/08/2024,100300.0,17.8,USD,07/08/2024 19:42
PL-001459,2338,14339,136,Zurich,19/03/2024,01/06/2024,,105400.0,22.3,CHF,01/06/2024 11:56
PL-001460,2177,13843,207,Malaysia,20/03/2024,28/05/2024,,141700.0,19.9,MYR,30/05/2024 08:25
PL-001461,2384,14895,79,Amsterdam,20/03/2024,18/05/2024,,87700.0,17.6,EUR,20/05/2024 14:46
PL-001462,2231,12206,15,Manchester,21/03/2024,23/05/2024,,71500.0,19.3,GBP,24/05/2024 17:39
PL-001463,2265,13362,13,Manchester,21/03/2024,12/05/2024,,60600.0,19.5,GBP,13/05/2024 15:54
PL-001464,2277,14354,76,Dublin,21/03/2024,30/04/2024,10/06/2024,104000.0,20.1,EUR,12/06/2024 11:38
PL-001465,2370,12299,84,Amsterdam,21/03/2024,09/05/2024,,106400.0,19.5,EUR,10/05/2024 17:35
PL-001466,2215,13942,57,London,22/03/2024,10/06/2024,,98400.0,20.1,GBP,13/06/2024 17:16
PL-001467,2287,14194,139,Zurich,22/03/2024,11/05/2024,,167900.0,20.1,CHF,14/05/2024 20:58
PL-001468,2264,11708,11,Manchester,24/03/2024,15/06/2024,02/08/2024,49000.0,20.7,GBP,04/08/2024 14:37
PL-001469,2267,13387,43,London,24/03/2024,23/04/2024,,84800.0,16.0,GBP,24/04/2024 18:42
PL-001470,2315,14577,24,Manchester,24/03/2024,28/04/2024,22/05/2024,104200.0,16.4,GBP,25/05/2024 20:22
PL-001471,2320,14275,2,Manchester,24/03/2024,19/05/2024,,83300.0,16.7,GBP,19/05/2024 14:17
PL-001472,2334,14455,73,Dublin,24/03/2024,04/05/2024,,87500.0,18.7,EUR,06/05/2024 10:07
PL-001473,2417,15029,65,Dublin,24/03/2024,10/06/2024,,107700.0,20.3,EUR,11/06/2024 20:44
PL-001474,2345,14546,107,Paris,25/03/2024,09/05/2024,,121900.0,17.0,EUR,11/05/2024 18:57
PL-001475,2358,14153,75,Dublin,25/03/2024,18/05/2024,,82700.0,19.6,EUR,20/05/2024 13:29
PL-001476,2426,14999,32,London,25/03/2024,17/05/2024,,91800.0,17.4,GBP,18/05/2024 13:36
PL-001477,2176,13533,100,Madrid,26/03/2024,28/04/2024,,83800.0,16.7,EUR,29/04/2024 19:24
PL-001478,2219,13789,185,Hong Kong,26/03/2024,25/05/2024,,840700.0,22.4,HKD,26/05/2024 08:25
PL-001479,2291,14234,15,Manchester,26/03/2024,04/05/2024,08/07/2024,60800.0,23.0,GBP,09/07/2024 13:00
PL-001480,2301,14574,80,Amsterdam,26/03/2024,30/04/2024,,61600.0,19.5,EUR,02/05/2024 13:09
PL-001481,2354,14469,199,Singapore,26/03/2024,09/05/2024,,119000.0,17.1,SGD,12/05/2024 16:27
PL-001482,2356,14748,52,London,26/03/2024,14/05/2024,,95000.0,19.8,GBP,14/05/2024 16:41
PL-001483,2306,14652,150,New York,27/03/2024,30/04/2024,,152500.0,22.2,USD,03/05/2024 10:17
PL-001484,2329,14304,9,Manchester,27/03/2024,15/05/2024,,100400.0,17.5,GBP,15/05/2024 13:26
PL-001485,2397,15050,48,London,27/03/2024,01/05/2024,,108800.0,20.3,GBP,01/05/2024 09:55
PL-001486,2282,13044,178,Charlotte,28/03/2024,05/05/2024,,94700.0,17.2,USD,07/05/2024 12:07
PL-001487,2289,14566,208,Malaysia,28/03/2024,12/06/2024,,262200.0,20.3,MYR,12/06/2024 20:16
PL-001488,2380,14987,59,London,28/03/2024,08/06/2024,,90000.0,18.8,GBP,08/06/2024 10:45
PL-001489,2313,14271,168,New York,29/03/2024,20/05/2024,19/06/2024,122900.0,18.5,USD,20/06/2024 16:46
PL-001490,2433,15005,151,New York,29/03/2024,14/06/2024,,85100.0,22.8,USD,14/06/2024 13:01
PL-001491,2460,15377,41,London,29/03/2024,14/05/2024,,92900.0,21.2,GBP,16/05/2024 12:54
PL-001492,2302,14398,83,Amsterdam,30/03/2024,20/05/2024,,89500.0,18.3,EUR,20/05/2024 14:16
PL-001493,2339,14778,187,Hong Kong,30/03/2024,12/05/2024,,833900.0,18.5,HKD,13/05/2024 20:27
PL-001494,2357,14471,57,London,30/03/2024,12/05/2024,,104000.0,23.6,GBP,15/05/2024 11:11
PL-001495,2363,14943,194,Singapore,30/03/2024,18/06/2024,,113900.0,17.7,SGD,18/06/2024 20:09
PL-001496,2401,14815,60,London,30/03/2024,10/06/2024,,106600.0,18.9,GBP,11/06/2024 19:58
PL-001497,2408,15136,149,New York,30/03/2024,21/06/2024,,120100.0,18.1,USD,24/06/2024 12:27
PL-001498,2268,14119,93,Brussels,31/03/2024,30/04/2024,,119000.0,20.2,EUR,01/05/2024 13:26
PL-001499,2304,13410,107,Paris,31/03/2024,23/06/2024,21/08/2024,61700.0,18.1,EUR,21/08/2024 20:40
PL-001500,2337,11738,101,Madrid,31/03/2024,13/06/2024,,78600.0,20.1,EUR,16/06/2024 11:25
PL-001501,2343,14782,32,London,31/03/2024,12/06/2024,,97500.0,15.9,GBP,13/06/2024 12:31
PL-001502,2351,14746,94,Brussels,31/03/2024,05/05/2024,,91900.0,19.0,EUR,08/05/2024 19:15
PL-001503,2352,14552,126,Paris,31/03/2024,14/06/2024,,88700.0,17.7,EUR,16/06/2024 19:38
PL-001504,2364,14944,70,Dublin,31/03/2024,03/05/2024,,72000.0,21.8,EUR,06/05/2024 16:54
PL-001505,2374,14891,162,New York,31/03/2024,31/05/2024,,140300.0,22.1,USD,01/06/2024 13:58
PL-001506,2394,46531,182,Hong Kong,31/03/2024,12/05/2024,,590900.0,18.9,HKD,13/05/2024 13:06
PL-001507,2294,14266,91,Brussels,01/04/2024,07/05/2024,,96000.0,17.6,EUR,09/05/2024 07:24
PL-001508,2312,14611,142,Zurich,01/04/2024,03/05/2024,,137300.0,17.4,CHF,05/05/2024 13:31
PL-001509,2335,12206,82,Amsterdam,01/04/2024,06/06/2024,,66500.0,20.9,EUR,08/06/2024 10:03
PL-001510,2373,14799,143,Zurich,01/04/2024,28/05/2024,,124200.0,22.0,CHF,31/05/2024 08:34
PL-001511,2440,13741,79,Amsterdam,01/04/2024,17/05/2024,,95300.0,22.0,EUR,17/05/2024 19:43
PL-001512,2261,12238,146,New York,02/04/2024,09/06/2024,13/06/2024,110700.0,20.5,USD,14/06/2024 07:30
PL-001513,2310,14655,122,Paris,02/04/2024,22/05/2024,,70700.0,18.5,EUR,24/05/2024 10:18
PL-001514,2321,14299,12,Manchester,02/04/2024,26/05/2024,,74400.0,18.9,GBP,29/05/2024 15:59
PL-001515,2391,14955,64,Dublin,02/04/2024,15/05/2024,,92700.0,19.7,EUR,16/05/2024 18:15
PL-001516,2400,14962,51,London,04/04/2024,25/05/2024,,69500.0,22.2,GBP,28/05/2024 15:38
PL-001517,2425,15189,4,Manchester,04/04/2024,20/05/2024,,68000.0,19.1,GBP,21/05/2024 10:15
PL-001518,2262,12542,38,London,05/04/2024,21/06/2024,,98300.0,19.7,GBP,23/06/2024 11:00
PL-001519,2332,12844,112,Paris,05/04/2024,13/06/2024,,83700.0,18.5,EUR,13/06/2024 16:12
PL-001520,2398,12820,55,London,05/04/2024,30/05/2024,,73200.0,17.0,GBP,30/05/2024 10:43
PL-001521,2472,15413,64,Dublin,05/04/2024,24/05/2024,,78600.0,16.1,EUR,24/05/2024 08:18
PL-001522,2298,14392,8,Manchester,06/04/2024,14/06/2024,,74300.0,15.9,GBP,16/06/2024 09:54
PL-001523,2450,15343,60,London,06/04/2024,12/05/2024,,64600.0,18.0,GBP,12/05/2024 19:14
PL-001524,2340,14670,3,Manchester,07/04/2024,24/06/2024,,80400.0,20.0,GBP,25/06/2024 10:24
PL-001525,2357,14790,57,London,07/04/2024,14/06/2024,,99400.0,20.6,GBP,17/06/2024 07:08
PL-001526,2374,14985,162,New York,07/04/2024,02/06/2024,,136900.0,17.7,USD,03/06/2024 10:34
PL-001527,2389,14990,198,Singapore,07/04/2024,17/06/2024,,127600.0,20.3,SGD,17/06/2024 14:47
PL-001528,2423,15249,148,New York,07/04/2024,27/05/2024,,96600.0,20.4,USD,27/05/2024 17:43
PL-001529,2466,15381,183,Hong Kong,07/04/2024,06/05/2024,,639900.0,20.7,HKD,07/05/2024 19:23
PL-001530,2474,13205,144,Zurich,07/04/2024,16/06/2024,,124500.0,23.4,CHF,17/06/2024 17:12
PL-001531,2347,14852,167,New York,08/04/2024,26/05/2024,,147000.0,21.7,USD,27/05/2024 13:58
PL-001532,2365,12417,98,Madrid,08/04/2024,29/05/2024,06/07/2024,84700.0,18.4,EUR,08/07/2024 10:50
PL-001533,2405,15024,25,Manchester,08/04/2024,13/05/2024,,64200.0,19.2,GBP,16/05/2024 12:57
PL-001534,2407,15134,90,Brussels,08/04/2024,14/06/2024,,111300.0,21.2,EUR,16/06/2024 09:30
PL-001535,2424,15140,209,Malaysia,08/04/2024,31/05/2024,,193000.0,16.7,MYR,03/06/2024 17:12
PL-001536,2442,15036,147,New York,08/04/2024,22/06/2024,,130800.0,21.3,USD,24/06/2024 08:58
PL-001537,2482,15460,52,London,08/04/2024,11/06/2024,,72900.0,19.6,GBP,12/06/2024 12:12
PL-001538,2349,14717,88,Brussels,09/04/2024,20/05/2024,,111200.0,18.3,EUR,23/05/2024 08:59
PL-001539,2399,13225,76,Dublin,09/04/2024,03/06/2024,,51600.0,18.3,EUR,03/06/2024 12:43
PL-001540,2346,14823,123,Paris,10/04/2024,10/05/2024,,76900.0,22.6,EUR,12/05/2024 09:01
PL-001541,2395,15018,4,Manchester,10/04/2024,14/05/2024,,66400.0,18.3,GBP,17/05/2024 15:06
PL-001542,2463,15406,125,Paris,10/04/2024,13/05/2024,,60900.0,18.4,EUR,16/05/2024 09:39
PL-001543,2520,13300,67,Dublin,10/04/2024,05/06/2024,,97200.0,18.7,EUR,06/06/2024 09:10
PL-001544,2368,14594,29,London,11/04/2024,14/06/2024,,135000.0,18.8,GBP,14/06/2024 12:15
PL-001545,2390,15048,28,London,11/04/2024,24/05/2024,,85600.0,22.5,GBP,25/05/2024 11:10
PL-001546,2414,15267,6,Manchester,11/04/2024,24/05/2024,,54500.0,21.0,GBP,27/05/2024 09:00
PL-001547,2419,15247,132,Zurich,11/04/2024,27/05/2024,,119100.0,22.1,CHF,28/05/2024 20:49
PL-001548,2441,15115,125,Paris,11/04/2024,01/07/2024,08/07/2024,62000.0,19.6,EUR,09/07/2024 13:50
PL-001549,2342,14850,30,London,12/04/2024,14/05/2024,,97700.0,20.7,GBP,15/05/2024 17:40
PL-001550,2393,14731,148,New York,12/04/2024,25/05/2024,,127100.0,20.4,USD,28/05/2024 19:01
PL-001551,2359,14677,106,Paris,13/04/2024,12/06/2024,23/08/2024,81600.0,18.8,EUR,24/08/2024 12:37
PL-001552,2342,14671,30,London,15/04/2024,27/06/2024,04/08/2024,104600.0,19.3,GBP,06/08/2024 20:57
PL-001553,2436,14499,39,London,15/04/2024,15/06/2024,,83900.0,17.8,GBP,17/06/2024 08:04
PL-001554,2437,15396,59,London,15/04/2024,14/06/2024,,107300.0,22.5,GBP,14/06/2024 17:29
PL-001555,2452,15259,166,New York,15/04/2024,16/06/2024,,155000.0,19.5,USD,18/06/2024 20:33
PL-001556,2454,15176,56,London,15/04/2024,03/07/2024,,105300.0,21.2,GBP,04/07/2024 18:21
PL-001557,2489,15442,8,Manchester,15/04/2024,21/06/2024,,59300.0,23.1,GBP,24/06/2024 10:37
PL-001558,2418,15246,111,Paris,16/04/2024,24/06/2024,,69600.0,20.4,EUR,27/06/2024 17:13
PL-001559,2422,15139,110,Paris,16/04/2024,20/05/2024,,96900.0,22.1,EUR,21/05/2024 16:36
PL-001560,2435,15280,23,Manchester,16/04/2024,19/06/2024,,58100.0,20.3,GBP,20/06/2024 08:55
PL-001561,2446,13417,69,Dublin,16/04/2024,30/06/2024,,89500.0,17.5,EUR,30/06/2024 10:47
PL-001562,2456,15262,194,Singapore,16/04/2024,28/06/2024,,119900.0,19.5,SGD,29/06/2024 09:02
PL-001563,2388,14694,149,New York,17/04/2024,15/06/2024,,172500.0,17.9,USD,18/06/2024 08:17
PL-001564,2427,15222,59,London,17/04/2024,25/05/2024,29/05/2024,102200.0,17.1,GBP,01/06/2024 08:53
PL-001565,2477,15529,65,Dublin,17/04/2024,15/05/2024,,69300.0,22.7,EUR,15/05/2024 15:03
PL-001566,2503,14448,201,Singapore,17/04/2024,28/06/2024,,131000.0,18.2,SGD,01/07/2024 07:59
PL-001567,2372,14830,125,Paris,18/04/2024,30/06/2024,,71400.0,19.9,EUR,02/07/2024 08:36
PL-001568,2469,14619,165,New York,18/04/2024,17/05/2024,,123600.0,21.4,USD,18/05/2024 15:37
PL-001569,2428,15277,151,New York,19/04/2024,29/05/2024,,188900.0,17.4,USD,31/05/2024 13:08
PL-001570,2473,15406,89,Brussels,19/04/2024,23/05/2024,,96300.0,17.7,EUR,26/05/2024 18:01
PL-001571,2413,15188,195,Singapore,20/04/2024,09/07/2024,,127100.0,22.1,SGD,09/07/2024 15:45
PL-001572,2476,14722,212,Malaysia,20/04/2024,09/06/2024,,111900.0,20.1,MYR,10/06/2024 09:49
PL-001573,2488,15439,6,Manchester,20/04/2024,02/07/2024,,65700.0,20.9,GBP,02/07/2024 19:47
PL-001574,2528,15654,137,Zurich,20/04/2024,06/07/2024,,103600.0,19.8,CHF,09/07/2024 07:23
PL-001575,2420,15030,31,London,21/04/2024,15/06/2024,,91700.0,18.6,GBP,15/06/2024 12:00
PL-001576,2442,13251,147,New York,21/04/2024,13/07/2024,,142600.0,17.3,USD,16/07/2024 13:19
PL-001577,2493,15445,108,Paris,21/04/2024,07/07/2024,,68600.0,18.9,EUR,08/07/2024 08:59
PL-001578,2507,15710,134,Zurich,21/04/2024,21/06/2024,,106700.0,15.8,CHF,21/06/2024 19:28
PL-001579,2534,15840,149,New York,21/04/2024,27/05/2024,,109400.0,22.4,USD,29/05/2024 08:04
PL-001580,2410,15185,123,Paris,22/04/2024,02/07/2024,,78200.0,22.8,EUR,04/07/2024 18:23
PL-001581,2443,15424,149,New York,22/04/2024,02/06/2024,,116500.0,18.1,USD,05/06/2024 07:50
PL-001582,2490,14970,43,London,22/04/2024,14/07/2024,,82400.0,19.9,GBP,16/07/2024 16:47
PL-001583,2534,15680,149,New York,22/04/2024,06/07/2024,,117600.0,18.3,USD,08/07/2024 17:29
PL-001584,2448,15401,7,Manchester,23/04/2024,12/06/2024,,57700.0,23.7,GBP,12/06/2024 07:56
PL-001585,2451,13342,142,Zurich,23/04/2024,14/06/2024,,122900.0,23.2,CHF,14/06/2024 10:00
PL-001586,2491,15593,66,Dublin,23/04/2024,31/05/2024,,56900.0,17.3,EUR,01/06/2024 20:56
PL-001587,2535,14225,182,Hong Kong,23/04/2024,26/06/2024,,886100.0,21.8,HKD,27/06/2024 18:16
PL-001588,2543,15985,175,Charlotte,23/04/2024,02/07/2024,,90600.0,18.5,USD,05/07/2024 11:29
PL-001589,2377,14385,74,Dublin,24/04/2024,30/06/2024,,59400.0,21.3,EUR,03/07/2024 13:00
PL-001590,2449,15403,167,New York,24/04/2024,06/06/2024,,166200.0,21.5,USD,06/06/2024 13:38
PL-001591,2470,13587,22,Manchester,24/04/2024,29/06/2024,,63700.0,20.6,GBP,30/06/2024 14:15
PL-001592,2492,15419,101,Madrid,24/04/2024,01/07/2024,,67400.0,18.3,EUR,04/07/2024 19:41
PL-001593,2547,15780,98,Madrid,24/04/2024,23/05/2024,,58300.0,21.5,EUR,24/05/2024 15:22
PL-001594,2406,13420,56,London,25/04/2024,03/06/2024,,88900.0,17.9,GBP,05/06/2024 14:02
PL-001595,2501,15466,111,Paris,25/04/2024,29/05/2024,,64100.0,17.3,EUR,30/05/2024 12:38
PL-001596,2438,14874,75,Dublin,26/04/2024,20/06/2024,,78100.0,17.1,EUR,23/06/2024 08:30
PL-001597,2483,14358,168,New York,26/04/2024,29/06/2024,,118300.0,20.6,USD,02/07/2024 15:13
PL-001598,2486,15391,134,Zurich,26/04/2024,15/07/2024,,139400.0,18.3,CHF,18/07/2024 16:12
PL-001599,2511,15355,90,Brussels,26/04/2024,16/06/2024,,103400.0,18.6,EUR,19/06/2024 08:46
PL-001600,2490,15534,43,London,27/04/2024,03/06/2024,,92800.0,16.7,GBP,04/06/2024 09:20
PL-001601,2511,15346,90,Brussels,27/04/2024,06/06/2024,,103800.0,20.1,EUR,09/06/2024 17:06
PL-001602,2512,15545,92,Brussels,27/04/2024,16/07/2024,08/08/2024,107100.0,22.1,EUR,11/08/2024 11:19
PL-001603,2532,15892,32,London,27/04/2024,21/06/2024,16/07/2024,145700.0,20.6,GBP,17/07/2024 20:11
PL-001604,2549,15750,195,Singapore,27/04/2024,04/06/2024,,151700.0,17.4,SGD,07/06/2024 16:58
PL-001605,2475,12699,160,New York,28/04/2024,06/06/2024,,110500.0,20.6,USD,06/06/2024 09:44
PL-001606,2484,13860,3,Manchester,28/04/2024,10/06/2024,,86700.0,17.8,GBP,12/06/2024 17:50
PL-001607,2500,15511,37,London,28/04/2024,10/06/2024,14/08/2024,95900.0,15.3,GBP,16/08/2024 13:03
PL-001608,2518,14206,186,Hong Kong,28/04/2024,11/07/2024,,735900.0,19.1,HKD,13/07/2024 09:00
PL-001609,2584,16084,80,Amsterdam,28/04/2024,18/07/2024,,103400.0,18.1,EUR,19/07/2024 10:23
PL-001610,2434,15168,159,New York,29/04/2024,29/05/2024,,198000.0,23.2,USD,01/06/2024 11:25
PL-001611,2515,15575,147,New York,29/04/2024,30/05/2024,,158600.0,19.1,USD,02/06/2024 14:11
PL-001612,2589,13834,24,Manchester,29/04/2024,08/07/2024,,96600.0,19.3,GBP,11/07/2024 17:46
PL-001613,2430,15278,186,Hong Kong,30/04/2024,10/07/2024,,504400.0,23.0,HKD,12/07/2024 10:26
PL-001614,2431,15196,97,Madrid,30/04/2024,09/07/2024,,88600.0,18.5,EUR,11/07/2024 08:43
PL-001615,2487,13232,139,Zurich,30/04/2024,08/07/2024,,110700.0,21.7,CHF,09/07/2024 07:22
PL-001616,2567,15876,30,London,30/04/2024,12/07/2024,16/08/2024,86800.0,17.9,GBP,19/08/2024 19:01
PL-001617,2605,16422,177,Charlotte,30/04/2024,06/06/2024,,118200.0,15.7,USD,06/06/2024 18:28
PL-001618,2538,15682,51,London,01/05/2024,12/06/2024,,89600.0,16.8,GBP,15/06/2024 14:10
PL-001619,2560,16071,88,Brussels,01/05/2024,23/06/2024,,125200.0,16.0,EUR,25/06/2024 18:20
PL-001620,2569,15967,158,New York,01/05/2024,09/06/2024,,150900.0,17.2,USD,11/06/2024 20:23
PL-001621,2573,15910,12,Manchester,01/05/2024,21/07/2024,,73700.0,18.8,GBP,22/07/2024 20:40
PL-001622,2602,13329,101,Madrid,01/05/2024,16/07/2024,,98600.0,18.6,EUR,18/07/2024 14:42
PL-001623,2494,15640,136,Zurich,02/05/2024,11/07/2024,,121000.0,19.5,CHF,13/07/2024 09:02
PL-001624,2533,15893,142,Zurich,02/05/2024,26/06/2024,,120700.0,19.9,CHF,27/06/2024 11:22
PL-001625,2587,16054,59,London,02/05/2024,31/05/2024,,117100.0,17.3,GBP,31/05/2024 20:54
PL-001626,2517,15736,57,London,03/05/2024,23/06/2024,,96100.0,20.4,GBP,26/06/2024 14:52
PL-001627,2557,16069,29,London,03/05/2024,09/07/2024,,122900.0,18.3,GBP,12/07/2024 11:10
PL-001628,2564,15855,161,New York,03/05/2024,08/07/2024,,140200.0,19.1,USD,08/07/2024 09:06
PL-001629,2576,16197,99,Madrid,03/05/2024,06/07/2024,,65100.0,19.9,EUR,09/07/2024 12:16
PL-001630,2457,15350,15,Manchester,04/05/2024,09/06/2024,,61100.0,18.1,GBP,11/06/2024 11:05
PL-001631,2510,15698,75,Dublin,04/05/2024,10/07/2024,,92600.0,17.6,EUR,13/07/2024 08:51
PL-001632,2540,15683,121,Paris,04/05/2024,08/07/2024,,92400.0,19.5,EUR,08/07/2024 16:54
PL-001633,2590,15649,32,London,04/05/2024,11/06/2024,,100500.0,20.1,GBP,14/06/2024 11:04
PL-001634,2633,16256,106,Paris,04/05/2024,14/07/2024,,66300.0,16.4,EUR,14/07/2024 12:56
PL-001635,2499,15787,31,London,05/05/2024,03/07/2024,,105200.0,17.6,GBP,05/07/2024 10:47
PL-001636,2509,15829,47,London,05/05/2024,09/06/2024,,70700.0,21.4,GBP,10/06/2024 13:37
PL-001637,2539,15869,100,Madrid,05/05/2024,23/06/2024,21/08/2024,60800.0,19.2,EUR,24/08/2024 08:18
PL-001638,2604,16274,162,New York,05/05/2024,17/06/2024,,159400.0,19.8,USD,19/06/2024 07:28
PL-001639,2432,15363,132,Zurich,06/05/2024,23/07/2024,,129600.0,19.9,CHF,24/07/2024 14:39
PL-001640,2619,16283,83,Amsterdam,06/05/2024,05/07/2024,,86400.0,23.8,EUR,08/07/2024 11:55
PL-001641,2536,13365,185,Hong Kong,07/05/2024,21/07/2024,,703300.0,24.0,HKD,21/07/2024 07:34
PL-001642,2506,15696,74,Dublin,08/05/2024,23/07/2024,,75700.0,22.1,EUR,23/07/2024 18:07
PL-001643,2519,15767,11,Manchester,08/05/2024,01/07/2024,,59100.0,16.5,GBP,03/07/2024 11:25
PL-001644,2524,15890,99,Madrid,08/05/2024,06/06/2024,,57100.0,16.8,EUR,06/06/2024 13:30
PL-001645,2577,15974,135,Zurich,08/05/2024,26/06/2024,,99600.0,21.7,CHF,29/06/2024 19:15
PL-001646,2546,16035,93,Brussels,09/05/2024,11/07/2024,,107400.0,21.2,EUR,11/07/2024 08:06
PL-001647,2570,15970,207,Malaysia,09/05/2024,13/07/2024,,129800.0,17.1,MYR,15/07/2024 11:52
PL-001648,2574,16049,49,London,09/05/2024,17/07/2024,,82400.0,18.0,GBP,17/07/2024 07:20
PL-001649,2545,16059,162,New York,10/05/2024,22/07/2024,,152100.0,18.2,USD,23/07/2024 11:21
PL-001650,2550,16037,210,Malaysia,10/05/2024,16/06/2024,,145100.0,17.6,MYR,18/06/2024 14:25
PL-001651,2596,16091,65,Dublin,10/05/2024,21/06/2024,,63400.0,19.6,EUR,21/06/2024 17:52
PL-001652,2635,16432,194,Singapore,10/05/2024,24/07/2024,,189800.0,17.8,SGD,25/07/2024 07:56
PL-001653,2541,15896,122,Paris,11/05/2024,19/06/2024,,68000.0,19.3,EUR,20/06/2024 15:07
PL-001654,2551,16063,80,Amsterdam,11/05/2024,14/07/2024,,71500.0,16.9,EUR,14/07/2024 19:05
PL-001655,2562,16044,135,Zurich,11/05/2024,23/07/2024,,96600.0,20.7,CHF,23/07/2024 18:12
PL-001656,2594,15263,165,New York,11/05/2024,18/06/2024,,130900.0,20.2,USD,18/06/2024 17:56
PL-001657,2572,16021,179,Charlotte,12/05/2024,12/07/2024,,68100.0,17.0,USD,13/07/2024 12:17
PL-001658,2603,16207,150,New York,12/05/2024,25/07/2024,,149300.0,20.9,USD,27/07/2024 11:32
PL-001659,2471,15525,24,Manchester,13/05/2024,18/06/2024,,94100.0,22.0,GBP,21/06/2024 14:34
PL-001660,2621,15870,136,Zurich,13/05/2024,08/07/2024,,140700.0,22.7,CHF,11/07/2024 16:22
PL-001661,2695,16677,183,Hong Kong,13/05/2024,21/06/2024,01/07/2024,631100.0,17.9,HKD,01/07/2024 12:23
PL-001662,2480,14420,2,Manchester,14/05/2024,19/07/2024,,88800.0,16.3,GBP,20/07/2024 12:36
PL-001663,2563,14582,152,New York,14/05/2024,29/07/2024,,136800.0,17.2,USD,29/07/2024 11:58
PL-001664,2608,16095,186,Hong Kong,14/05/2024,25/06/2024,,751100.0,19.2,HKD,28/06/2024 14:57
PL-001665,2468,15454,143,Zurich,15/05/2024,06/07/2024,,101100.0,18.5,CHF,06/07/2024 08:34
PL-001666,2597,16269,99,Madrid,15/05/2024,19/07/2024,,75600.0,21.5,EUR,21/07/2024 11:08
PL-001667,2614,16243,88,Brussels,15/05/2024,21/07/2024,,144300.0,15.9,EUR,21/07/2024 07:01
PL-001668,2565,16074,175,Charlotte,16/05/2024,27/06/2024,,162400.0,18.2,USD,30/06/2024 20:55
PL-001669,2575,15912,83,Amsterdam,16/05/2024,14/07/2024,,72300.0,21.9,EUR,15/07/2024 16:04
PL-001670,2627,16458,108,Paris,16/05/2024,14/07/2024,,89900.0,17.1,EUR,17/07/2024 16:10
PL-001671,2678,15062,209,Malaysia,16/05/2024,24/07/2024,10/10/2024,200300.0,15.6,MYR,11/10/2024 13:24
PL-001672,2554,15823,177,Charlotte,17/05/2024,14/07/2024,,67200.0,17.9,USD,15/07/2024 13:52
PL-001673,2588,16026,98,Madrid,17/05/2024,01/08/2024,,58700.0,17.8,EUR,01/08/2024 08:23
PL-001674,2682,46674,122,Paris,17/05/2024,09/08/2024,,73200.0,21.7,EUR,11/08/2024 19:23
PL-001675,2583,15229,55,London,19/05/2024,26/06/2024,,83900.0,17.0,GBP,26/06/2024 20:54
PL-001676,2645,16435,41,London,19/05/2024,01/08/2024,,89600.0,23.8,GBP,02/08/2024 09:14
PL-001677,2571,16117,91,Brussels,20/05/2024,21/06/2024,,93400.0,22.3,EUR,23/06/2024 19:11
PL-001678,2581,16003,75,Dublin,20/05/2024,03/08/2024,,67500.0,16.9,EUR,06/08/2024 12:07
PL-001679,2502,15788,123,Paris,21/05/2024,10/08/2024,,70200.0,19.6,EUR,13/08/2024 18:23
PL-001680,2555,13658,1,Manchester,21/05/2024,04/07/2024,,83000.0,19.6,GBP,07/07/2024 08:12
PL-001681,2631,14957,82,Amsterdam,21/05/2024,07/07/2024,11/07/2024,98800.0,15.4,EUR,11/07/2024 13:24
PL-001682,2657,16575,195,Singapore,22/05/2024,10/08/2024,,118600.0,17.1,SGD,11/08/2024 20:18
PL-001683,2695,16647,183,Hong Kong,22/05/2024,27/07/2024,,646700.0,23.9,HKD,28/07/2024 08:43
PL-001684,2595,13365,3,Manchester,23/05/2024,08/07/2024,,66000.0,22.9,GBP,11/07/2024 11:47
PL-001685,2630,14429,57,London,23/05/2024,09/07/2024,,127400.0,21.6,GBP,09/07/2024 15:59
PL-001686,2637,16383,93,Brussels,23/05/2024,28/07/2024,,70300.0,19.2,EUR,31/07/2024 20:18
PL-001687,2653,16627,92,Brussels,23/05/2024,21/06/2024,,93000.0,16.4,EUR,24/06/2024 20:06
PL-001688,2685,16706,90,Brussels,23/05/2024,27/06/2024,,131200.0,17.0,EUR,30/06/2024 13:27
PL-001689,2626,16315,43,London,25/05/2024,21/07/2024,,99300.0,23.9,GBP,24/07/2024 15:47
PL-001690,2628,16405,115,Paris,26/05/2024,30/06/2024,,101500.0,16.8,EUR,02/07/2024 18:33
PL-001691,2634,14547,112,Paris,26/05/2024,02/08/2024,,76400.0,22.2,EUR,02/08/2024 11:19
PL-001692,2715,17055,210,Malaysia,26/05/2024,17/08/2024,,175800.0,19.7,MYR,17/08/2024 15:07
PL-001693,2723,16792,210,Malaysia,26/05/2024,12/08/2024,,141300.0,22.8,MYR,12/08/2024 17:52
PL-001694,2732,16628,179,Charlotte,26/05/2024,21/07/2024,,70300.0,21.6,USD,23/07/2024 17:26
PL-001695,2651,16412,187,Hong Kong,27/05/2024,14/08/2024,,958200.0,16.7,HKD,15/08/2024 18:05
PL-001696,2745,16647,8,Manchester,27/05/2024,10/08/2024,13/09/2024,59900.0,19.7,GBP,13/09/2024 18:32
PL-001697,2592,14290,66,Dublin,28/05/2024,07/08/2024,,106400.0,17.9,EUR,10/08/2024 15:10
PL-001698,2616,16452,47,London,28/05/2024,08/08/2024,,87200.0,16.1,GBP,11/08/2024 20:58
PL-001699,2684,16932,4,Manchester,28/05/2024,27/07/2024,,75400.0,16.7,GBP,28/07/2024 11:21
PL-001700,2687,14585,28,London,28/05/2024,26/07/2024,,114300.0,18.4,GBP,27/07/2024 18:27
PL-001701,2727,16889,43,London,28/05/2024,07/07/2024,11/07/2024,83400.0,19.7,GBP,13/07/2024 12:48
PL-001702,2600,16234,20,Manchester,29/05/2024,12/07/2024,,73000.0,17.9,GBP,15/07/2024 07:55
PL-001703,2759,14738,107,Paris,29/05/2024,02/07/2024,,99200.0,23.4,EUR,04/07/2024 14:01
PL-001704,2666,16605,51,London,30/05/2024,26/07/2024,10/10/2024,88800.0,17.0,GBP,13/10/2024 15:41
PL-001705,2675,16670,60,London,30/05/2024,21/07/2024,,113900.0,23.7,GBP,22/07/2024 13:28
PL-001706,2705,13793,160,New York,30/05/2024,23/07/2024,,106500.0,21.5,USD,26/07/2024 10:07
PL-001707,2716,16672,12,Manchester,30/05/2024,08/08/2024,,66000.0,15.5,GBP,11/08/2024 19:45
PL-001708,2669,15469,25,Manchester,31/05/2024,08/08/2024,,86700.0,17.6,GBP,11/08/2024 07:10
PL-001709,2648,16656,79,Amsterdam,01/06/2024,30/06/2024,,106100.0,17.1,EUR,01/07/2024 14:10
PL-001710,2652,14344,24,Manchester,01/06/2024,14/07/2024,21/08/2024,74100.0,20.0,GBP,22/08/2024 08:24
PL-001711,2682,16927,122,Paris,01/06/2024,07/08/2024,,85700.0,19.8,EUR,10/08/2024 13:16
PL-001712,2689,16902,42,London,01/06/2024,27/07/2024,,68400.0,17.8,GBP,29/07/2024 14:36
PL-001713,2711,16746,57,London,01/06/2024,21/07/2024,,93600.0,19.7,GBP,24/07/2024 07:36
PL-001714,2578,13503,136,Zurich,02/06/2024,10/07/2024,,131800.0,18.7,CHF,12/07/2024 16:20
PL-001715,2674,13527,30,London,02/06/2024,23/08/2024,,95200.0,17.7,GBP,25/08/2024 16:33
PL-001716,2692,16645,140,Zurich,02/06/2024,09/08/2024,20/08/2024,156000.0,21.4,CHF,23/08/2024 14:18
PL-001717,2719,16275,94,Brussels,02/06/2024,26/07/2024,,76100.0,18.4,EUR,27/07/2024 08:46
PL-001718,2508,15790,29,London,03/06/2024,17/07/2024,,139500.0,21.7,GBP,17/07/2024 12:09
PL-001719,2624,16313,23,Manchester,03/06/2024,04/08/2024,,81800.0,24.5,GBP,04/08/2024 17:06
PL-001720,2690,15570,84,Amsterdam,03/06/2024,12/08/2024,,83000.0,20.3,EUR,15/08/2024 13:22
PL-001721,2641,16650,161,New York,04/06/2024,06/07/2024,,156000.0,15.6,USD,09/07/2024 16:55
PL-001722,2661,16546,146,New York,04/06/2024,26/07/2024,,149300.0,20.1,USD,26/07/2024 08:43
PL-001723,2671,15464,74,Dublin,04/06/2024,05/08/2024,,81300.0,24.9,EUR,05/08/2024 10:54
PL-001724,2733,17091,81,Amsterdam,04/06/2024,14/07/2024,,99800.0,20.0,EUR,16/07/2024 19:12
PL-001725,2559,16155,82,Amsterdam,05/06/2024,06/07/2024,26/07/2024,55700.0,16.6,EUR,26/07/2024 08:34
PL-001726,2651,16596,187,Hong Kong,05/06/2024,27/07/2024,,913500.0,19.4,HKD,27/07/2024 09:34
PL-001727,2662,16665,186,Hong Kong,05/06/2024,27/08/2024,,767600.0,21.0,HKD,28/08/2024 12:43
PL-001728,2717,16885,42,London,05/06/2024,05/08/2024,,92200.0,16.2,GBP,06/08/2024 20:15
PL-001729,2768,17214,125,Paris,05/06/2024,22/07/2024,,97600.0,18.6,EUR,22/07/2024 17:14
PL-001730,2731,16924,167,New York,06/06/2024,31/07/2024,,205300.0,17.3,USD,31/07/2024 17:25
PL-001731,2622,15255,137,Zurich,07/06/2024,21/08/2024,,125200.0,21.6,CHF,24/08/2024 17:55
PL-001732,2708,16999,67,Dublin,07/06/2024,30/07/2024,,59600.0,20.9,EUR,31/07/2024 17:48
PL-001733,2754,17234,82,Amsterdam,07/06/2024,21/08/2024,,110600.0,17.5,EUR,22/08/2024 17:27
PL-001734,2680,16583,151,New York,08/06/2024,30/08/2024,,127700.0,18.3,USD,30/08/2024 13:44
PL-001735,2710,16950,14,Manchester,08/06/2024,20/07/2024,,82500.0,17.2,GBP,22/07/2024 07:03
PL-001736,2714,16815,207,Malaysia,08/06/2024,17/07/2024,21/09/2024,175400.0,21.8,MYR,22/09/2024 10:10
PL-001737,2811,17475,132,Zurich,08/06/2024,13/08/2024,,116100.0,18.4,CHF,16/08/2024 14:25
PL-001738,2824,15933,147,New York,09/06/2024,27/08/2024,,138500.0,17.7,USD,28/08/2024 09:03
PL-001739,2665,16632,49,London,10/06/2024,15/07/2024,,106700.0,21.7,GBP,17/07/2024 10:50
PL-001740,2710,16857,14,Manchester,10/06/2024,20/07/2024,,86800.0,18.5,GBP,22/07/2024 16:28
PL-001741,2679,16898,33,London,11/06/2024,27/08/2024,,77300.0,23.6,GBP,27/08/2024 19:50
PL-001742,2748,17041,57,London,11/06/2024,23/07/2024,,103400.0,22.4,GBP,24/07/2024 18:52
PL-001743,2659,16434,1,Manchester,12/06/2024,06/08/2024,,99600.0,20.5,GBP,09/08/2024 09:44
PL-001744,2713,17054,158,New York,12/06/2024,12/07/2024,,112700.0,17.2,USD,15/07/2024 08:48
PL-001745,2729,17060,126,Paris,12/06/2024,27/08/2024,,76400.0,18.8,EUR,27/08/2024 10:50
PL-001746,2747,16175,42,London,12/06/2024,14/07/2024,,82000.0,21.0,GBP,14/07/2024 07:22
PL-001747,2777,17221,198,Singapore,12/06/2024,04/08/2024,,144300.0,18.8,SGD,07/08/2024 09:33
PL-001748,2664,16758,48,London,13/06/2024,15/08/2024,,101100.0,16.8,GBP,16/08/2024 16:37
PL-001749,2755,17123,4,Manchester,13/06/2024,18/08/2024,,90100.0,22.5,GBP,20/08/2024 13:56
PL-001750,2787,17355,76,Dublin,13/06/2024,17/07/2024,,70800.0,17.8,EUR,19/07/2024 17:10
PL-001751,2837,17577,179,Charlotte,13/06/2024,15/07/2024,,106100.0,18.4,USD,18/07/2024 17:24
PL-001752,2691,16904,125,Paris,14/06/2024,13/07/2024,,65700.0,20.7,EUR,14/07/2024 11:34
PL-001753,2704,16713,147,New York,14/06/2024,19/07/2024,,134600.0,20.3,USD,21/07/2024 14:55
PL-001754,2725,16819,70,Dublin,14/06/2024,05/09/2024,,78700.0,18.4,EUR,05/09/2024 19:07
PL-001755,2707,16946,2,Manchester,15/06/2024,21/07/2024,,105400.0,22.2,GBP,24/07/2024 20:20
PL-001756,2708,15423,67,Dublin,15/06/2024,26/08/2024,,64700.0,24.4,EUR,29/08/2024 18:57
PL-001757,2752,17043,99,Madrid,15/06/2024,09/08/2024,,83700.0,23.0,EUR,09/08/2024 10:03
PL-001758,2766,14515,82,Amsterdam,15/06/2024,03/09/2024,24/10/2024,70700.0,21.2,EUR,27/10/2024 12:08
PL-001759,2681,16899,74,Dublin,16/06/2024,26/08/2024,,96900.0,18.9,EUR,29/08/2024 15:02
PL-001760,2709,17053,212,Malaysia,16/06/2024,23/07/2024,,265500.0,18.5,MYR,24/07/2024 10:35
PL-001761,2742,17138,15,Manchester,16/06/2024,24/07/2024,,52800.0,18.7,GBP,24/07/2024 15:04
PL-001762,2744,17140,51,London,16/06/2024,04/08/2024,,91300.0,17.6,GBP,06/08/2024 13:33
PL-001763,2697,15536,22,Manchester,17/06/2024,23/07/2024,,102200.0,23.3,GBP,25/07/2024 17:17
PL-001764,2755,17255,4,Manchester,17/06/2024,06/08/2024,,87100.0,19.4,GBP,06/08/2024 16:23
PL-001765,2765,17285,52,London,17/06/2024,16/07/2024,,90600.0,19.6,GBP,17/07/2024 14:45
PL-001766,2792,17360,38,London,17/06/2024,08/08/2024,,73500.0,17.1,GBP,09/08/2024 19:12
PL-001767,2853,17640,111,Paris,17/06/2024,08/08/2024,,90100.0,18.9,EUR,10/08/2024 10:47
PL-001768,2658,16496,198,Singapore,18/06/2024,29/07/2024,,135700.0,20.1,SGD,29/07/2024 12:34
PL-001769,2809,17393,43,London,18/06/2024,02/09/2024,,101600.0,20.8,GBP,04/09/2024 11:38
PL-001770,2823,15756,142,Zurich,18/06/2024,21/07/2024,,121500.0,20.0,CHF,22/07/2024 17:43
PL-001771,2791,16902,208,Malaysia,19/06/2024,14/08/2024,,197300.0,17.3,MYR,17/08/2024 20:45
PL-001772,2814,17545,49,London,19/06/2024,27/07/2024,,83700.0,18.3,GBP,28/07/2024 15:08
PL-001773,2699,16942,85,Amsterdam,20/06/2024,20/07/2024,,134000.0,17.7,EUR,20/07/2024 16:04
PL-001774,2739,17226,183,Hong Kong,20/06/2024,19/07/2024,,524300.0,20.0,HKD,20/07/2024 16:21
PL-001775,2778,17439,52,London,20/06/2024,22/08/2024,,71900.0,18.0,GBP,24/08/2024 14:09
PL-001776,2842,17669,37,London,20/06/2024,24/07/2024,,75900.0,19.4,GBP,26/07/2024 08:15
PL-001777,2774,17403,75,Dublin,21/06/2024,28/08/2024,29/08/2024,74300.0,20.3,EUR,30/08/2024 18:56
PL-001778,2810,17423,97,Madrid,21/06/2024,28/08/2024,,96100.0,16.3,EUR,28/08/2024 10:52
PL-001779,2647,16624,69,Dublin,22/06/2024,18/08/2024,,64700.0,18.6,EUR,18/08/2024 17:55
PL-001780,2775,15944,150,New York,22/06/2024,22/08/2024,,111300.0,23.6,USD,23/08/2024 17:23
PL-001781,2815,17427,98,Madrid,22/06/2024,21/07/2024,,88000.0,17.9,EUR,24/07/2024 11:34
PL-001782,2816,17776,128,Paris,22/06/2024,06/08/2024,,78200.0,16.4,EUR,06/08/2024 12:41
PL-001783,2820,17690,66,Dublin,22/06/2024,25/07/2024,,71200.0,19.3,EUR,26/07/2024 20:01
PL-001784,2848,17790,152,New York,22/06/2024,03/08/2024,,110900.0,19.3,USD,04/08/2024 07:48
PL-001785,2746,16182,41,London,23/06/2024,24/07/2024,,90300.0,17.5,GBP,27/07/2024 17:40
PL-001786,2770,17156,126,Paris,23/06/2024,13/09/2024,04/10/2024,94800.0,20.0,EUR,04/10/2024 19:50
PL-001787,2784,17560,31,London,23/06/2024,29/07/2024,,106800.0,18.5,GBP,29/07/2024 08:13
PL-001788,2799,17418,22,Manchester,23/06/2024,30/07/2024,,82200.0,21.6,GBP,30/07/2024 09:54
PL-001789,2812,16816,146,New York,24/06/2024,09/09/2024,,137800.0,21.6,USD,11/09/2024 08:29
PL-001790,2736,17193,70,Dublin,25/06/2024,24/08/2024,,90900.0,20.3,EUR,25/08/2024 11:21
PL-001791,2789,17529,161,New York,25/06/2024,24/07/2024,,147600.0,19.1,USD,24/07/2024 07:39
PL-001792,2886,15716,57,London,25/06/2024,08/09/2024,,142000.0,16.8,GBP,11/09/2024 20:50
PL-001793,2734,16962,93,Brussels,26/06/2024,31/07/2024,,91000.0,22.7,EUR,02/08/2024 13:46
PL-001794,2769,16967,167,New York,26/06/2024,15/08/2024,21/09/2024,199700.0,18.2,USD,21/09/2024 18:16
PL-001795,2826,17500,44,London,26/06/2024,01/08/2024,30/09/2024,70000.0,21.1,GBP,01/10/2024 14:18
PL-001796,2795,14705,183,Hong Kong,27/06/2024,12/09/2024,,463900.0,19.5,HKD,14/09/2024 13:05
PL-001797,2852,15774,99,Madrid,27/06/2024,05/09/2024,,90400.0,16.9,EUR,06/09/2024 16:26
PL-001798,2893,18013,160,New York,27/06/2024,13/08/2024,,126300.0,20.5,USD,13/08/2024 13:07
PL-001799,2833,17517,12,Manchester,28/06/2024,30/07/2024,,70300.0,19.7,GBP,01/08/2024 10:24
PL-001800,2720,17029,100,Madrid,29/06/2024,04/09/2024,,85600.0,19.0,EUR,07/09/2024 16:27
PL-001801,2803,17390,90,Brussels,29/06/2024,02/09/2024,,77600.0,21.1,EUR,03/09/2024 11:12
PL-001802,2804,14876,125,Paris,29/06/2024,29/07/2024,,69800.0,18.7,EUR,30/07/2024 18:32
PL-001803,2860,17766,30,London,29/06/2024,13/09/2024,,79900.0,17.5,GBP,15/09/2024 16:26
PL-001804,2741,14847,14,Manchester,30/06/2024,23/08/2024,,87300.0,17.8,GBP,23/08/2024 18:51
PL-001805,2781,17382,123,Paris,30/06/2024,09/08/2024,,69200.0,18.0,EUR,09/08/2024 16:33
PL-001806,2794,17641,142,Zurich,30/06/2024,12/08/2024,,133800.0,17.6,CHF,13/08/2024 16:24
PL-001807,2918,18054,9,Manchester,30/06/2024,10/08/2024,,42800.0,18.7,GBP,10/08/2024 17:53
PL-001808,2800,17645,84,Amsterdam,01/07/2024,05/09/2024,,84400.0,19.3,EUR,07/09/2024 07:06
PL-001809,2721,14100,150,New York,02/07/2024,23/09/2024,,137500.0,19.0,USD,23/09/2024 17:10
PL-001810,2821,15729,92,Brussels,02/07/2024,02/08/2024,,106800.0,18.4,EUR,02/08/2024 12:13
PL-001811,2834,17781,59,London,02/07/2024,21/09/2024,,83000.0,19.0,GBP,23/09/2024 18:39
PL-001812,2849,17732,174,Charlotte,02/07/2024,09/08/2024,,86000.0,17.4,USD,12/08/2024 20:06
PL-001813,2866,18062,112,Paris,02/07/2024,11/09/2024,,74000.0,21.7,EUR,12/09/2024 08:42
PL-001814,2869,17869,194,Singapore,02/07/2024,29/08/2024,23/09/2024,122500.0,18.6,SGD,23/09/2024 08:50
PL-001815,2808,17542,39,London,03/07/2024,02/08/2024,,90400.0,16.9,GBP,05/08/2024 11:28
PL-001816,2840,17579,178,Charlotte,03/07/2024,16/08/2024,,80500.0,19.5,USD,16/08/2024 09:58
PL-001817,2893,18012,160,New York,03/07/2024,22/09/2024,,110800.0,18.6,USD,24/09/2024 19:39
PL-001818,2761,17310,159,New York,04/07/2024,09/08/2024,,111000.0,16.9,USD,10/08/2024 12:28
PL-001819,2762,17344,210,Malaysia,04/07/2024,07/09/2024,,215000.0,20.6,MYR,08/09/2024 15:07
PL-001820,2783,14831,212,Malaysia,04/07/2024,20/08/2024,,199000.0,20.5,MYR,20/08/2024 19:16
PL-001821,2785,15124,64,Dublin,04/07/2024,09/09/2024,,92200.0,22.3,EUR,09/09/2024 13:18
PL-001822,2864,17867,47,London,04/07/2024,01/08/2024,03/08/2024,82900.0,20.2,GBP,06/08/2024 19:00
PL-001823,2875,17980,84,Amsterdam,04/07/2024,25/09/2024,,111000.0,21.1,EUR,25/09/2024 15:02
PL-001824,2955,18347,22,Manchester,04/07/2024,15/08/2024,,71600.0,19.2,GBP,16/08/2024 07:27
PL-001825,2851,15080,61,London,05/07/2024,17/09/2024,,119700.0,22.0,GBP,18/09/2024 19:45
PL-001826,2953,18425,135,Zurich,05/07/2024,11/08/2024,,139700.0,20.8,CHF,14/08/2024 11:58
PL-001827,2893,16890,160,New York,06/07/2024,09/08/2024,,116500.0,18.4,USD,12/08/2024 18:13
PL-001828,2949,18172,198,Singapore,06/07/2024,20/08/2024,,113900.0,22.1,SGD,22/08/2024 12:55
PL-001829,2850,17733,2,Manchester,07/07/2024,31/08/2024,,68900.0,19.5,GBP,31/08/2024 18:34
PL-001830,2888,17883,94,Brussels,07/07/2024,18/08/2024,,124200.0,18.4,EUR,19/08/2024 20:29
PL-001831,2945,18420,152,New York,07/07/2024,08/08/2024,,124600.0,19.7,USD,11/08/2024 11:51
PL-001832,2786,17609,73,Dublin,08/07/2024,26/08/2024,,64700.0,20.8,EUR,27/08/2024 14:03
PL-001833,2827,17826,151,New York,08/07/2024,08/08/2024,,114600.0,16.6,USD,10/08/2024 16:05
PL-001834,2773,17242,67,Dublin,09/07/2024,11/08/2024,,79700.0,20.5,EUR,14/08/2024 08:09
PL-001835,2778,16021,52,London,09/07/2024,13/09/2024,,74200.0,17.5,GBP,16/09/2024 13:10
PL-001836,2854,17998,114,Paris,09/07/2024,28/08/2024,,86600.0,23.1,EUR,30/08/2024 11:22
PL-001837,2865,17799,69,Dublin,09/07/2024,18/09/2024,,105900.0,20.1,EUR,20/09/2024 11:21
PL-001838,2798,17644,106,Paris,10/07/2024,10/08/2024,,99500.0,19.5,EUR,13/08/2024 18:12
PL-001839,2802,17708,89,Brussels,10/07/2024,29/08/2024,,73400.0,19.5,EUR,29/08/2024 20:26
PL-001840,2901,18112,83,Amsterdam,10/07/2024,26/09/2024,,66800.0,16.5,EUR,26/09/2024 12:31
PL-001841,2835,17887,102,Madrid,11/07/2024,25/08/2024,,75600.0,19.1,EUR,25/08/2024 11:19
PL-001842,2841,16820,11,Manchester,11/07/2024,23/09/2024,,57100.0,16.5,GBP,24/09/2024 09:18
PL-001843,2881,15611,28,London,11/07/2024,26/09/2024,,100500.0,18.0,GBP,28/09/2024 08:39
PL-001844,2911,18022,29,London,11/07/2024,05/09/2024,15/10/2024,103800.0,19.9,GBP,15/10/2024 10:09
PL-001845,2925,18122,166,New York,11/07/2024,25/08/2024,28/08/2024,174500.0,18.0,USD,31/08/2024 11:55
PL-001846,2868,18065,177,Charlotte,12/07/2024,14/08/2024,,65800.0,19.0,USD,15/08/2024 08:07
PL-001847,2896,16282,90,Brussels,12/07/2024,29/08/2024,,118100.0,20.1,EUR,30/08/2024 11:53
PL-001848,2904,18288,59,London,13/07/2024,13/09/2024,01/12/2024,131500.0,24.3,GBP,01/12/2024 10:12
PL-001849,2915,18120,93,Brussels,13/07/2024,16/09/2024,,120400.0,21.0,EUR,17/09/2024 19:35
PL-001850,2880,17853,12,Manchester,14/07/2024,17/08/2024,,77300.0,21.5,GBP,19/08/2024 15:47
PL-001851,2970,17284,37,London,14/07/2024,24/09/2024,,103300.0,19.9,GBP,25/09/2024 07:12
PL-001852,2988,16970,136,Zurich,14/07/2024,23/08/2024,,139000.0,20.7,CHF,25/08/2024 07:28
PL-001853,2902,16940,152,New York,15/07/2024,22/08/2024,,107400.0,18.2,USD,25/08/2024 13:40
PL-001854,2928,18094,201,Singapore,15/07/2024,16/09/2024,,166900.0,20.6,SGD,17/09/2024 11:49
PL-001855,2920,18192,70,Dublin,16/07/2024,21/08/2024,,95400.0,18.7,EUR,24/08/2024 20:24
PL-001856,2871,17823,55,London,17/07/2024,23/08/2024,,78900.0,21.2,GBP,23/08/2024 07:35
PL-001857,2883,17985,143,Zurich,18/07/2024,11/09/2024,,187400.0,15.7,CHF,14/09/2024 14:46
PL-001858,2901,18218,83,Amsterdam,18/07/2024,27/08/2024,,75800.0,17.0,EUR,30/08/2024 14:58
PL-001859,3020,18788,207,Malaysia,18/07/2024,02/10/2024,,147700.0,19.5,MYR,03/10/2024 16:10
PL-001860,2832,17663,182,Hong Kong,19/07/2024,02/09/2024,,820600.0,19.9,HKD,05/09/2024 17:08
PL-001861,2882,16414,115,Paris,19/07/2024,07/09/2024,,79600.0,18.0,EUR,07/09/2024 09:51
PL-001862,2903,18050,183,Hong Kong,19/07/2024,26/08/2024,,933200.0,17.7,HKD,27/08/2024 18:19
PL-001863,2908,18151,2,Manchester,19/07/2024,13/09/2024,,78900.0,19.8,GBP,16/09/2024 15:23
PL-001864,2909,17131,9,Manchester,19/07/2024,05/10/2024,,77400.0,19.2,GBP,05/10/2024 10:37
PL-001865,2998,18584,165,New York,19/07/2024,23/09/2024,07/11/2024,138900.0,20.3,USD,08/11/2024 10:07
PL-001866,2863,17741,134,Zurich,20/07/2024,13/09/2024,,131400.0,16.8,CHF,13/09/2024 13:54
PL-001867,2939,18232,106,Paris,20/07/2024,23/09/2024,,90700.0,19.9,EUR,26/09/2024 16:45
PL-001868,2961,16499,52,London,20/07/2024,14/09/2024,,85600.0,18.1,GBP,17/09/2024 10:53
PL-001869,2846,17945,65,Dublin,21/07/2024,24/08/2024,31/10/2024,67800.0,22.6,EUR,31/10/2024 13:41
PL-001870,2858,17919,3,Manchester,21/07/2024,06/09/2024,,68900.0,19.5,GBP,07/09/2024 12:37
PL-001871,2885,18105,15,Manchester,21/07/2024,30/08/2024,,57200.0,16.6,GBP,01/09/2024 11:54
PL-001872,2895,18284,61,London,21/07/2024,28/09/2024,16/12/2024,98400.0,23.2,GBP,18/12/2024 09:09
PL-001873,2912,18023,43,London,21/07/2024,18/08/2024,,92500.0,15.7,GBP,20/08/2024 12:47
PL-001874,3007,18621,73,Dublin,21/07/2024,15/09/2024,,88800.0,18.7,EUR,17/09/2024 10:46
PL-001875,2857,17794,2,Manchester,22/07/2024,28/09/2024,08/10/2024,85700.0,19.7,GBP,11/10/2024 08:06
PL-001876,2876,17450,136,Zurich,22/07/2024,29/08/2024,,112400.0,18.1,CHF,30/08/2024 20:32
PL-001877,2952,18391,122,Paris,22/07/2024,22/09/2024,,50200.0,21.5,EUR,22/09/2024 18:24
PL-001878,2919,17052,66,Dublin,23/07/2024,27/09/2024,,86200.0,17.2,EUR,30/09/2024 12:16
PL-001879,2958,18539,210,Malaysia,24/07/2024,30/09/2024,,228400.0,20.7,MYR,30/09/2024 12:15
PL-001880,2992,17156,161,New York,24/07/2024,10/09/2024,,110000.0,17.3,USD,12/09/2024 19:38
PL-001881,3022,18742,49,London,24/07/2024,06/10/2024,,95000.0,20.4,GBP,06/10/2024 11:29
PL-001882,2913,15172,57,London,25/07/2024,11/09/2024,,80800.0,,GBP,11/09/2024 09:28
PL-001883,2946,18385,158,New York,25/07/2024,28/08/2024,,132100.0,16.1,USD,31/08/2024 16:06
PL-001884,2979,18668,132,Zurich,25/07/2024,24/09/2024,,140300.0,17.7,CHF,26/09/2024 07:55
PL-001885,3002,18586,85,Amsterdam,25/07/2024,26/09/2024,,97900.0,20.4,EUR,26/09/2024 15:24
PL-001886,2907,18019,168,New York,26/07/2024,01/09/2024,,144000.0,23.0,USD,02/09/2024 12:33
PL-001887,2923,17851,148,New York,26/07/2024,03/09/2024,,140400.0,18.3,USD,06/09/2024 20:54
PL-001888,2941,18302,25,Manchester,26/07/2024,29/08/2024,,84500.0,22.6,GBP,01/09/2024 18:26
PL-001889,2950,16440,212,Malaysia,26/07/2024,09/09/2024,,216000.0,18.3,MYR,12/09/2024 13:28
PL-001890,3005,18587,146,New York,26/07/2024,15/10/2024,15/11/2024,111000.0,17.2,USD,17/11/2024 20:35
PL-001891,3006,18588,39,London,26/07/2024,13/10/2024,,90900.0,22.9,GBP,16/10/2024 17:00
PL-001892,2899,17991,60,London,27/07/2024,07/09/2024,,98800.0,17.1,GBP,09/09/2024 12:04
PL-001893,3008,18803,81,Amsterdam,27/07/2024,11/10/2024,04/11/2024,105800.0,18.7,EUR,07/11/2024 16:31
PL-001894,2867,17953,143,Zurich,28/07/2024,22/09/2024,,146100.0,20.4,CHF,22/09/2024 19:30
PL-001895,2934,15776,159,New York,28/07/2024,16/10/2024,15/12/2024,109600.0,19.1,USD,17/12/2024 11:51
PL-001896,2947,18534,162,New York,28/07/2024,28/08/2024,,111200.0,21.5,USD,31/08/2024 14:32
PL-001897,2959,18632,7,Manchester,28/07/2024,22/09/2024,,76700.0,20.7,GBP,22/09/2024 12:09
PL-001898,2962,16365,56,London,28/07/2024,13/10/2024,,90400.0,17.0,GBP,14/10/2024 10:00
PL-001899,2986,17891,30,London,28/07/2024,05/10/2024,,115600.0,19.4,GBP,06/10/2024 18:20
PL-001900,2927,18377,195,Singapore,29/07/2024,08/09/2024,,115200.0,20.6,SGD,08/09/2024 15:36
PL-001901,2999,17867,167,New York,29/07/2024,10/10/2024,,172800.0,19.4,USD,12/10/2024 10:45
PL-001902,2921,18086,89,Brussels,30/07/2024,17/09/2024,,144100.0,19.8,EUR,18/09/2024 17:48
PL-001903,2971,18397,64,Dublin,30/07/2024,29/08/2024,31/08/2024,103100.0,20.8,EUR,03/09/2024 19:35
PL-001904,2976,18641,8,Manchester,30/07/2024,27/09/2024,,82200.0,16.3,GBP,27/09/2024 07:18
PL-001905,3040,18835,132,Zurich,30/07/2024,13/09/2024,,90300.0,16.7,CHF,15/09/2024 16:50
PL-001906,2879,15050,209,Malaysia,31/07/2024,02/10/2024,,164200.0,23.7,MYR,04/10/2024 20:16
PL-001907,2904,18289,59,London,31/07/2024,10/10/2024,,121300.0,16.0,GBP,11/10/2024 14:05
PL-001908,2916,18370,99,Madrid,31/07/2024,25/09/2024,,79500.0,22.6,EUR,28/09/2024 14:22
PL-001909,2990,18440,51,London,31/07/2024,30/08/2024,,95000.0,17.6,GBP,01/09/2024 17:42
PL-001910,2993,17364,179,Charlotte,31/07/2024,30/09/2024,,110400.0,18.8,USD,02/10/2024 08:29
PL-001911,3045,18935,41,London,31/07/2024,29/09/2024,,68500.0,17.6,GBP,01/10/2024 11:50
PL-001912,2952,18344,122,Paris,01/08/2024,20/09/2024,,52600.0,17.2,EUR,20/09/2024 20:39
PL-001913,3039,18834,83,Amsterdam,01/08/2024,31/08/2024,,79400.0,21.1,EUR,03/09/2024 12:43
PL-001914,2936,18378,184,Hong Kong,02/08/2024,05/10/2024,,923900.0,24.2,HKD,06/10/2024 19:34
PL-001915,2972,18354,75,Dublin,02/08/2024,09/09/2024,,89300.0,19.4,EUR,10/09/2024 08:50
PL-001916,2917,18371,100,Madrid,03/08/2024,04/10/2024,,88200.0,20.3,EUR,04/10/2024 14:54
PL-001917,2966,18688,166,New York,03/08/2024,12/09/2024,,178400.0,18.9,USD,13/09/2024 13:25
PL-001918,2971,18396,64,Dublin,03/08/2024,12/10/2024,,102400.0,20.6,EUR,15/10/2024 11:50
PL-001919,2989,18490,3,Manchester,03/08/2024,15/09/2024,,85100.0,20.1,GBP,18/09/2024 12:08
PL-001920,3050,18937,65,Dublin,03/08/2024,23/09/2024,,103200.0,17.8,EUR,24/09/2024 09:26
PL-001921,2910,18448,24,Manchester,04/08/2024,25/10/2024,,86600.0,20.2,GBP,26/10/2024 13:27
PL-001922,2921,15655,89,Brussels,04/08/2024,11/10/2024,,137800.0,21.3,EUR,13/10/2024 16:43
PL-001923,2930,15690,41,London,04/08/2024,26/10/2024,,86100.0,24.4,GBP,27/10/2024 12:06
PL-001924,2984,18108,6,Manchester,04/08/2024,09/09/2024,15/09/2024,46200.0,19.6,GBP,18/09/2024 12:42
PL-001925,3003,18561,140,Zurich,04/08/2024,09/10/2024,,147800.0,22.3,CHF,12/10/2024 12:33
PL-001926,3044,18953,195,Singapore,04/08/2024,25/09/2024,,156200.0,19.9,SGD,25/09/2024 12:41
PL-001927,3044,19033,195,Singapore,04/08/2024,01/10/2024,,151600.0,21.0,SGD,03/10/2024 08:37
PL-001928,3074,18842,151,New York,04/08/2024,16/09/2024,,128100.0,19.8,USD,16/09/2024 19:50
PL-001929,2951,18345,108,Paris,05/08/2024,18/09/2024,,74600.0,21.5,EUR,21/09/2024 07:05
PL-001930,3011,18681,144,Zurich,05/08/2024,17/09/2024,,102100.0,20.6,CHF,17/09/2024 08:27
PL-001931,2924,18160,149,New York,06/08/2024,21/10/2024,,107100.0,21.0,USD,22/10/2024 18:46
PL-001932,2960,18603,47,London,06/08/2024,18/09/2024,,111700.0,22.2,GBP,19/09/2024 07:46
PL-001933,3019,18809,134,Zurich,06/08/2024,21/10/2024,,108600.0,17.4,CHF,24/10/2024 13:44
PL-001934,2934,18338,159,New York,07/08/2024,20/10/2024,,101800.0,21.4,USD,20/10/2024 20:19
PL-001935,2983,18724,147,New York,07/08/2024,23/10/2024,,114600.0,19.7,USD,25/10/2024 15:27
PL-001936,3037,18894,52,London,08/08/2024,22/10/2024,,74700.0,17.2,GBP,22/10/2024 08:29
PL-001937,3043,18952,166,New York,08/08/2024,15/09/2024,,135800.0,24.1,USD,15/09/2024 12:10
PL-001938,3063,18149,139,Zurich,08/08/2024,16/09/2024,,114700.0,19.6,CHF,18/09/2024 13:42
PL-001939,2954,18468,208,Malaysia,09/08/2024,20/10/2024,27/12/2024,166000.0,18.1,MYR,30/12/2024 19:11
PL-001940,3076,19195,160,New York,10/08/2024,12/09/2024,,164500.0,18.5,USD,13/09/2024 09:50
PL-001941,3004,18710,140,Zurich,11/08/2024,16/10/2024,,151000.0,17.9,CHF,16/10/2024 19:53
PL-001942,3093,19224,150,New York,11/08/2024,27/09/2024,,129900.0,18.1,USD,29/09/2024 19:45
PL-001943,2948,18464,177,Charlotte,12/08/2024,13/10/2024,30/10/2024,132000.0,17.1,USD,31/10/2024 15:09
PL-001944,3018,18740,92,Brussels,12/08/2024,06/10/2024,,85000.0,18.0,EUR,07/10/2024 08:26
PL-001945,3026,18761,199,Singapore,12/08/2024,29/10/2024,,99900.0,22.3,SGD,01/11/2024 13:19
PL-001946,3053,18918,186,Hong Kong,12/08/2024,03/10/2024,,1083000.0,16.7,HKD,04/10/2024 17:35
PL-001947,3055,19003,75,Dublin,12/08/2024,14/09/2024,,90000.0,16.2,EUR,17/09/2024 20:07
PL-001948,3086,19167,30,London,12/08/2024,16/09/2024,,91800.0,16.8,GBP,18/09/2024 14:19
PL-001949,3001,17923,38,London,13/08/2024,23/09/2024,20/10/2024,81600.0,18.6,GBP,21/10/2024 10:00
PL-001950,3021,18848,4,Manchester,13/08/2024,03/11/2024,,96500.0,18.3,GBP,06/11/2024 15:47
PL-001951,3133,19543,9,Manchester,13/08/2024,04/10/2024,,61300.0,16.2,GBP,05/10/2024 07:58
PL-001952,3083,19305,48,London,14/08/2024,07/10/2024,,100000.0,18.6,GBP,07/10/2024 17:53
PL-001953,3012,18785,149,New York,15/08/2024,24/10/2024,,140900.0,21.2,USD,27/10/2024 18:17
PL-001954,3067,19007,159,New York,15/08/2024,03/11/2024,,171300.0,20.6,USD,04/11/2024 09:59
PL-001955,3106,19284,152,New York,15/08/2024,09/10/2024,,134500.0,22.5,USD,09/10/2024 07:01
PL-001956,3012,18887,149,New York,16/08/2024,25/09/2024,,128100.0,18.1,USD,28/09/2024 12:53
PL-001957,3027,18988,3,Manchester,16/08/2024,02/10/2024,,78700.0,21.6,GBP,05/10/2024 13:46
PL-001958,3099,19344,147,New York,16/08/2024,17/10/2024,,126000.0,19.5,USD,17/10/2024 09:11
PL-001959,2983,18646,147,New York,17/08/2024,03/10/2024,,131500.0,16.7,USD,04/10/2024 14:54
PL-001960,3097,19280,29,London,17/08/2024,03/10/2024,,101300.0,22.9,GBP,04/10/2024 20:46
PL-001961,3066,19104,84,Amsterdam,18/08/2024,26/09/2024,,108500.0,22.8,EUR,28/09/2024 20:50
PL-001962,3014,18736,102,Madrid,19/08/2024,07/10/2024,,92000.0,19.4,EUR,09/10/2024 14:14
PL-001963,3107,19230,12,Manchester,19/08/2024,15/10/2024,,107100.0,18.3,GBP,16/10/2024 10:09
PL-001964,3101,19251,43,London,20/08/2024,30/10/2024,,89900.0,19.0,GBP,02/11/2024 12:21
PL-001965,3108,19231,15,Manchester,20/08/2024,11/11/2024,,70300.0,18.7,GBP,14/11/2024 13:45
PL-001966,3115,19379,100,Madrid,20/08/2024,28/09/2024,,102700.0,19.5,EUR,29/09/2024 17:39
PL-001967,3105,17055,143,Zurich,21/08/2024,14/10/2024,,149500.0,19.0,CHF,14/10/2024 13:21
PL-001968,3151,19494,175,Charlotte,21/08/2024,11/11/2024,,132300.0,18.4,USD,12/11/2024 13:06
PL-001969,2974,18716,100,Madrid,22/08/2024,10/10/2024,,59500.0,17.4,EUR,13/10/2024 18:54
PL-001970,3077,19133,187,Hong Kong,22/08/2024,21/09/2024,,560900.0,17.1,HKD,23/09/2024 09:21
PL-001971,3042,17594,91,Brussels,23/08/2024,14/11/2024,,83000.0,22.1,EUR,14/11/2024 09:02
PL-001972,3036,18970,114,Paris,24/08/2024,15/11/2024,,71600.0,17.2,EUR,17/11/2024 08:39
PL-001973,3047,18999,101,Madrid,24/08/2024,28/10/2024,,59600.0,17.8,EUR,30/10/2024 20:52
PL-001974,3084,19367,64,Dublin,24/08/2024,27/10/2024,,95200.0,24.2,EUR,28/10/2024 12:34
PL-001975,3072,19324,136,Zurich,25/08/2024,31/10/2024,,95100.0,22.9,CHF,02/11/2024 17:22
PL-001976,3144,19676,148,New York,25/08/2024,09/10/2024,,96800.0,20.0,USD,12/10/2024 11:38
PL-001977,3028,18791,20,Manchester,26/08/2024,20/10/2024,03/12/2024,66100.0,18.9,GBP,04/12/2024 19:35
PL-001978,3051,19064,88,Brussels,26/08/2024,13/10/2024,,83900.0,17.6,EUR,14/10/2024 11:22
PL-001979,3059,19101,81,Amsterdam,26/08/2024,13/10/2024,,76200.0,19.1,EUR,14/10/2024 11:06
PL-001980,3089,19139,13,Manchester,26/08/2024,31/10/2024,,78100.0,16.2,GBP,03/11/2024 13:40
PL-001981,3155,19697,70,Dublin,26/08/2024,12/10/2024,,83600.0,17.8,EUR,13/10/2024 07:30
PL-001982,3029,18891,92,Brussels,27/08/2024,27/09/2024,,113900.0,20.3,EUR,30/09/2024 17:54
PL-001983,3054,18919,7,Manchester,27/08/2024,25/10/2024,,75100.0,22.3,GBP,25/10/2024 19:22
PL-001984,3061,19102,194,Singapore,27/08/2024,30/09/2024,,137500.0,21.7,SGD,30/09/2024 17:49
PL-001985,3090,19196,14,Manchester,27/08/2024,16/11/2024,,95300.0,22.2,GBP,19/11/2024 18:37
PL-001986,3153,18472,39,London,27/08/2024,28/10/2024,,89800.0,17.0,GBP,31/10/2024 10:29
PL-001987,3156,19549,79,Amsterdam,27/08/2024,28/09/2024,,98200.0,21.1,EUR,01/10/2024 19:40
PL-001988,3186,17993,49,London,27/08/2024,18/10/2024,,87100.0,21.7,GBP,20/10/2024 07:26
PL-001989,3023,46502,66,Dublin,28/08/2024,09/10/2024,,71000.0,20.2,EUR,12/10/2024 19:55
PL-001990,3069,19357,30,London,28/08/2024,17/11/2024,,105400.0,20.7,GBP,18/11/2024 20:02
PL-001991,3111,19535,183,Hong Kong,28/08/2024,16/11/2024,,531800.0,22.6,HKD,19/11/2024 16:51
PL-001992,3112,19235,200,Singapore,28/08/2024,19/11/2024,,120700.0,18.1,SGD,19/11/2024 14:22
PL-001993,3127,19573,85,Amsterdam,28/08/2024,13/10/2024,,103400.0,17.8,EUR,16/10/2024 15:02
PL-001994,3042,18996,91,Brussels,29/08/2024,26/10/2024,,82700.0,18.1,EUR,29/10/2024 19:14
PL-001995,3048,19123,121,Paris,29/08/2024,19/10/2024,,83500.0,17.9,EUR,21/10/2024 09:48
PL-001996,3102,19253,73,Dublin,29/08/2024,06/10/2024,,72000.0,16.0,EUR,07/10/2024 12:47
PL-001997,3128,19514,126,Paris,29/08/2024,27/10/2024,,97800.0,20.9,EUR,27/10/2024 14:31
PL-001998,3062,19040,4,Manchester,30/08/2024,15/11/2024,,98400.0,20.4,GBP,17/11/2024 18:55
PL-001999,3080,19268,135,Zurich,30/08/2024,04/11/2024,,112900.0,19.3,CHF,05/11/2024 20:29
PL-002000,3104,18073,94,Brussels,30/08/2024,08/10/2024,,77600.0,16.0,EUR,10/10/2024 13:00
PL-002001,3010,18886,93,Brussels,31/08/2024,29/09/2024,,87400.0,18.3,EUR,01/10/2024 14:15
PL-002002,3081,16358,199,Singapore,31/08/2024,30/10/2024,16/11/2024,145800.0,22.3,SGD,19/11/2024 14:18
PL-002003,3113,19506,49,London,31/08/2024,16/10/2024,,80600.0,21.4,GBP,17/10/2024 15:54
PL-002004,3144,19490,148,New York,31/08/2024,30/10/2024,,98800.0,18.4,USD,30/10/2024 11:43
PL-002005,3051,16868,88,Brussels,01/09/2024,10/10/2024,,77100.0,18.6,EUR,11/10/2024 09:18
PL-002006,3100,19345,24,Manchester,01/09/2024,17/11/2024,,102000.0,19.2,GBP,18/11/2024 08:09
PL-002007,3133,19414,9,Manchester,01/09/2024,13/10/2024,,67900.0,22.3,GBP,14/10/2024 07:47
PL-002008,3179,17288,111,Paris,01/09/2024,10/11/2024,,60600.0,19.2,EUR,12/11/2024 08:50
PL-002009,3031,19114,28,London,02/09/2024,02/11/2024,22/01/2025,114800.0,17.6,GBP,24/01/2025 20:26
PL-002010,3152,19658,209,Malaysia,02/09/2024,10/11/2024,,209300.0,22.6,MYR,10/11/2024 16:49
PL-002011,3015,16166,187,Hong Kong,03/09/2024,20/10/2024,,877800.0,17.9,HKD,23/10/2024 14:39
PL-002012,3073,19194,150,New York,03/09/2024,03/11/2024,,144200.0,19.1,USD,05/11/2024 16:07
PL-002013,3097,19202,29,London,03/09/2024,03/11/2024,07/11/2024,104600.0,22.0,GBP,08/11/2024 16:31
PL-002014,3124,17367,162,New York,03/09/2024,03/10/2024,,116100.0,19.1,USD,06/10/2024 17:28
PL-002015,3140,19457,184,Hong Kong,03/09/2024,16/11/2024,,685200.0,15.7,HKD,19/11/2024 08:01
PL-002016,3154,19548,13,Manchester,03/09/2024,15/11/2024,,58300.0,18.9,GBP,15/11/2024 10:28
PL-002017,3189,18972,199,Singapore,04/09/2024,29/10/2024,,138100.0,17.1,SGD,01/11/2024 07:58
PL-002018,3198,19939,126,Paris,04/09/2024,19/11/2024,,51600.0,19.3,EUR,20/11/2024 14:02
PL-002019,3081,19076,199,Singapore,05/09/2024,06/10/2024,,147100.0,18.2,SGD,06/10/2024 13:58
PL-002020,3095,16836,169,New York,05/09/2024,25/11/2024,,123200.0,19.1,USD,28/11/2024 20:48
PL-002021,3058,17019,76,Dublin,07/09/2024,31/10/2024,,94700.0,19.1,EUR,02/11/2024 15:21
PL-002022,3125,19481,185,Hong Kong,08/09/2024,19/10/2024,,833700.0,17.9,HKD,22/10/2024 17:36
PL-002023,3174,18735,82,Amsterdam,08/09/2024,25/11/2024,,110800.0,19.6,EUR,27/11/2024 18:45
PL-002024,3178,19785,83,Amsterdam,08/09/2024,16/11/2024,,129400.0,20.4,EUR,16/11/2024 14:58
PL-002025,3185,17046,44,London,08/09/2024,25/11/2024,,89600.0,19.7,GBP,27/11/2024 17:27
PL-002026,3073,19046,150,New York,09/09/2024,20/10/2024,,127900.0,17.4,USD,21/10/2024 12:09
PL-002027,3118,19594,174,Charlotte,09/09/2024,12/10/2024,,81800.0,23.1,USD,12/10/2024 20:45
PL-002028,3125,19569,185,Hong Kong,09/09/2024,19/10/2024,,803100.0,20.5,HKD,19/10/2024 12:07
PL-002029,3150,19693,122,Paris,09/09/2024,22/11/2024,,85800.0,17.9,EUR,23/11/2024 08:37
PL-002030,3145,19692,149,New York,10/09/2024,16/11/2024,,117700.0,16.4,USD,17/11/2024 17:53
PL-002031,3195,17600,159,New York,10/09/2024,11/11/2024,,170300.0,17.0,USD,13/11/2024 10:58
PL-002032,3110,18078,125,Paris,11/09/2024,02/12/2024,,62300.0,20.7,EUR,04/12/2024 12:43
PL-002033,3157,17193,89,Brussels,11/09/2024,30/10/2024,,84000.0,19.1,EUR,01/11/2024 19:48
PL-002034,3161,19795,69,Dublin,11/09/2024,01/11/2024,,87600.0,19.4,EUR,04/11/2024 10:57
PL-002035,3188,19972,134,Zurich,11/09/2024,01/12/2024,,129800.0,17.7,CHF,01/12/2024 12:33
PL-002036,3212,19913,101,Madrid,12/09/2024,21/11/2024,,94400.0,16.3,EUR,23/11/2024 07:50
PL-002037,3222,20024,43,London,12/09/2024,30/11/2024,,64000.0,17.8,GBP,30/11/2024 08:11
PL-002038,3146,18409,161,New York,13/09/2024,03/11/2024,,140700.0,19.3,USD,04/11/2024 17:37
PL-002039,3112,19227,200,Singapore,14/09/2024,06/12/2024,,120300.0,17.9,SGD,06/12/2024 10:45
PL-002040,3130,19670,75,Dublin,14/09/2024,16/10/2024,08/11/2024,105300.0,17.9,EUR,08/11/2024 15:17
PL-002041,3145,19677,149,New York,14/09/2024,25/11/2024,,131500.0,21.7,USD,25/11/2024 10:51
PL-002042,3122,19356,42,London,16/09/2024,15/11/2024,,94600.0,18.8,GBP,15/11/2024 14:55
PL-002043,3134,19367,42,London,16/09/2024,23/10/2024,,85300.0,16.0,GBP,23/10/2024 20:49
PL-002044,3135,19689,93,Brussels,16/09/2024,10/11/2024,,90300.0,18.7,EUR,10/11/2024 20:29
PL-002045,3137,17245,107,Paris,16/09/2024,20/10/2024,,96800.0,17.1,EUR,23/10/2024 12:43
PL-002046,3137,19735,107,Paris,16/09/2024,05/12/2024,,95200.0,21.8,EUR,08/12/2024 19:04
PL-002047,3177,19770,177,Charlotte,16/09/2024,15/10/2024,,64000.0,18.4,USD,18/10/2024 18:22
PL-002048,3141,19307,210,Malaysia,17/09/2024,07/11/2024,,202400.0,20.4,MYR,08/11/2024 11:41
PL-002049,3169,18235,178,Charlotte,17/09/2024,10/12/2024,,135000.0,20.2,USD,13/12/2024 17:20
PL-002050,3145,17156,149,New York,19/09/2024,02/12/2024,,123400.0,19.6,USD,02/12/2024 16:36
PL-002051,3170,46811,186,Hong Kong,19/09/2024,12/12/2024,,874000.0,16.5,HKD,15/12/2024 14:11
PL-002052,3208,18812,161,New York,19/09/2024,03/11/2024,15/11/2024,111600.0,21.8,USD,15/11/2024 16:44
PL-002053,3232,20134,108,Paris,19/09/2024,27/10/2024,,94700.0,21.1,EUR,30/10/2024 20:18
PL-002054,3112,19437,200,Singapore,20/09/2024,15/11/2024,02/02/2025,120800.0,18.1,SGD,05/02/2025 13:41
PL-002055,3194,19904,151,New York,20/09/2024,07/12/2024,,114200.0,19.1,USD,10/12/2024 12:03
PL-002056,3205,19941,26,Manchester,20/09/2024,29/11/2024,,70200.0,17.0,GBP,29/11/2024 09:58
PL-002057,3222,20130,43,London,20/09/2024,01/11/2024,,75700.0,18.3,GBP,03/11/2024 08:15
PL-002058,3252,20199,114,Paris,20/09/2024,02/11/2024,,105200.0,17.4,EUR,02/11/2024 18:03
PL-002059,3266,17523,178,Charlotte,20/09/2024,24/10/2024,,89500.0,19.2,USD,25/10/2024 20:34
PL-002060,3192,19991,208,Malaysia,21/09/2024,14/11/2024,,172800.0,22.5,MYR,17/11/2024 11:11
PL-002061,3201,18629,184,Hong Kong,21/09/2024,26/10/2024,,848600.0,21.9,HKD,29/10/2024 09:13
PL-002062,3210,19897,80,Amsterdam,21/09/2024,26/11/2024,,101500.0,20.2,EUR,27/11/2024 08:40
PL-002063,3181,19440,64,Dublin,22/09/2024,31/10/2024,,52100.0,24.0,EUR,02/11/2024 09:21
PL-002064,3193,19920,37,London,22/09/2024,11/12/2024,,105100.0,17.4,GBP,14/12/2024 18:53
PL-002065,3165,19762,140,Zurich,23/09/2024,04/12/2024,,145100.0,17.6,CHF,07/12/2024 19:35
PL-002066,3219,20082,65,Dublin,23/09/2024,25/10/2024,,95500.0,20.0,EUR,27/10/2024 11:59
PL-002067,3207,19879,69,Dublin,24/09/2024,21/11/2024,,64500.0,20.5,EUR,23/11/2024 17:15
PL-002068,3215,20004,187,Hong Kong,24/09/2024,30/10/2024,,535700.0,24.5,HKD,31/10/2024 12:07
PL-002069,3245,20291,179,Charlotte,24/09/2024,08/11/2024,,83700.0,21.6,USD,08/11/2024 16:58
PL-002070,3176,19884,139,Zurich,25/09/2024,10/12/2024,,128900.0,19.5,CHF,12/12/2024 09:42
PL-002071,3218,20156,166,New York,25/09/2024,05/11/2024,,131100.0,18.1,USD,05/11/2024 15:55
PL-002072,3244,19589,148,New York,25/09/2024,23/11/2024,,139600.0,18.2,USD,25/11/2024 18:15
PL-002073,3166,19703,165,New York,26/09/2024,10/11/2024,,135700.0,22.0,USD,12/11/2024 16:19
PL-002074,3187,19869,121,Paris,26/09/2024,17/11/2024,18/01/2025,102900.0,18.4,EUR,20/01/2025 18:49
PL-002075,3209,17204,60,London,26/09/2024,30/11/2024,,133100.0,19.0,GBP,03/12/2024 11:12
PL-002076,3248,20195,15,Manchester,26/09/2024,07/12/2024,,69800.0,24.2,GBP,07/12/2024 18:34
PL-002077,3271,20464,209,Malaysia,26/09/2024,13/12/2024,,179500.0,20.0,MYR,13/12/2024 15:48
PL-002078,3228,20111,195,Singapore,27/09/2024,11/11/2024,21/01/2025,165200.0,16.9,SGD,24/01/2025 08:00
PL-002079,3279,20402,56,London,27/09/2024,29/11/2024,,90200.0,19.1,GBP,29/11/2024 16:48
PL-002080,3213,19926,152,New York,28/09/2024,13/11/2024,,125500.0,20.7,USD,14/11/2024 09:41
PL-002081,3236,20237,91,Brussels,28/09/2024,28/11/2024,,109300.0,20.4,EUR,30/11/2024 15:20
PL-002082,3239,20276,4,Manchester,28/09/2024,11/12/2024,,58500.0,19.1,GBP,13/12/2024 07:15
PL-002083,3272,20174,75,Dublin,28/09/2024,05/12/2024,,93500.0,23.5,EUR,06/12/2024 15:44
PL-002084,3286,20368,137,Zurich,28/09/2024,16/11/2024,,103700.0,22.3,CHF,19/11/2024 15:45
PL-002085,3303,20379,39,London,28/09/2024,11/11/2024,,100300.0,21.0,GBP,14/11/2024 14:08
PL-002086,3253,20200,144,Zurich,29/09/2024,02/12/2024,,121600.0,16.1,CHF,05/12/2024 08:54
PL-002087,3256,20280,51,London,29/09/2024,18/11/2024,,88100.0,18.0,GBP,20/11/2024 10:15
PL-002088,3158,19723,89,Brussels,30/09/2024,10/12/2024,,133600.0,17.7,EUR,10/12/2024 17:30
PL-002089,3184,19948,29,London,30/09/2024,21/12/2024,,96900.0,18.3,GBP,22/12/2024 15:40
PL-002090,3224,20158,207,Malaysia,30/09/2024,04/12/2024,,133100.0,20.9,MYR,05/12/2024 08:56
PL-002091,3235,18568,136,Zurich,30/09/2024,14/11/2024,,95200.0,16.3,CHF,17/11/2024 15:25
PL-002092,3297,20412,91,Brussels,30/09/2024,02/11/2024,,93700.0,18.8,EUR,05/11/2024 20:49
PL-002093,3247,20168,8,Manchester,02/10/2024,16/12/2024,,65400.0,19.3,GBP,16/12/2024 12:54
PL-002094,3259,20151,122,Paris,02/10/2024,31/10/2024,,81200.0,22.1,EUR,03/11/2024 18:14
PL-002095,3274,20307,14,Manchester,02/10/2024,12/11/2024,,69400.0,23.3,GBP,12/11/2024 20:32
PL-002096,3230,20028,79,Amsterdam,03/10/2024,10/12/2024,,88100.0,17.8,EUR,13/12/2024 14:28
PL-002097,3234,20189,81,Amsterdam,03/10/2024,05/11/2024,,77700.0,19.3,EUR,07/11/2024 07:13
PL-002098,3351,20722,144,Zurich,04/10/2024,23/11/2024,,162300.0,18.4,CHF,23/11/2024 07:07
PL-002099,3249,17515,59,London,05/10/2024,02/12/2024,,106500.0,17.2,GBP,04/12/2024 16:20
PL-002100,3312,20543,162,New York,05/10/2024,07/11/2024,27/01/2025,130300.0,23.4,USD,29/01/2025 14:42
PL-002101,3273,20364,99,Madrid,06/10/2024,15/11/2024,,66500.0,18.8,EUR,18/11/2024 08:42
PL-002102,3257,20296,85,Amsterdam,07/10/2024,19/12/2024,,78600.0,22.5,EUR,21/12/2024 09:47
PL-002103,3275,20439,143,Zurich,07/10/2024,11/12/2024,,127800.0,18.5,CHF,14/12/2024 08:24
PL-002104,3280,19705,137,Zurich,07/10/2024,05/12/2024,,130400.0,17.7,CHF,07/12/2024 12:05
PL-002105,3288,20410,161,New York,07/10/2024,06/12/2024,,110400.0,17.6,USD,09/12/2024 11:56
PL-002106,3305,20729,64,Dublin,07/10/2024,08/12/2024,,77600.0,18.2,EUR,11/12/2024 07:46
PL-002107,3227,20089,179,Charlotte,08/10/2024,22/11/2024,,108700.0,21.3,USD,25/11/2024 14:06
PL-002108,3299,20483,150,New York,08/10/2024,23/12/2024,,147300.0,19.5,USD,26/12/2024 10:55
PL-002109,3348,20650,185,Hong Kong,08/10/2024,14/12/2024,,524000.0,23.0,HKD,15/12/2024 12:35
PL-002110,3352,20682,4,Manchester,08/10/2024,17/12/2024,05/02/2025,66100.0,19.7,GBP,06/02/2025 20:57
PL-002111,3349,19894,8,Manchester,09/10/2024,12/11/2024,,83700.0,19.9,GBP,13/11/2024 18:01
PL-002112,3386,20950,14,Manchester,09/10/2024,21/12/2024,,77500.0,15.3,GBP,23/12/2024 16:38
PL-002113,3258,20225,94,Brussels,10/10/2024,26/12/2024,,132200.0,21.3,EUR,29/12/2024 17:17
PL-002114,3268,20227,76,Dublin,10/10/2024,27/11/2024,,87100.0,17.9,EUR,29/11/2024 14:15
PL-002115,3300,20632,175,Charlotte,10/10/2024,29/12/2024,,81400.0,20.1,USD,30/12/2024 17:17
PL-002116,3354,20683,93,Brussels,10/10/2024,02/12/2024,,117200.0,23.2,EUR,04/12/2024 09:34
PL-002117,3364,20803,183,Hong Kong,10/10/2024,27/12/2024,27/02/2025,674900.0,21.9,HKD,02/03/2025 20:38
PL-002118,3216,20128,31,London,11/10/2024,19/12/2024,03/03/2025,89300.0,20.5,GBP,04/03/2025 07:05
PL-002119,3264,17950,135,Zurich,11/10/2024,27/11/2024,,101300.0,19.6,CHF,29/11/2024 15:20
PL-002120,3331,20855,147,New York,11/10/2024,05/12/2024,,104900.0,22.3,USD,05/12/2024 08:12
PL-002121,3342,20862,67,Dublin,11/10/2024,11/11/2024,,103000.0,21.6,EUR,14/11/2024 13:41
PL-002122,3388,20951,42,London,11/10/2024,29/11/2024,18/12/2024,78700.0,19.8,GBP,21/12/2024 20:20
PL-002123,3220,20206,98,Madrid,12/10/2024,18/12/2024,,110200.0,18.0,EUR,18/12/2024 15:04
PL-002124,3270,19334,123,Paris,12/10/2024,23/12/2024,,94100.0,21.1,EUR,23/12/2024 17:02
PL-002125,3372,20874,146,New York,12/10/2024,07/12/2024,,123500.0,17.9,USD,09/12/2024 11:07
PL-002126,3287,20566,148,New York,15/10/2024,19/12/2024,,94700.0,19.9,USD,21/12/2024 14:35
PL-002127,3362,20870,142,Zurich,15/10/2024,15/11/2024,,126200.0,24.1,CHF,15/11/2024 18:52
PL-002128,3241,18552,183,Hong Kong,16/10/2024,17/11/2024,,607500.0,17.3,HKD,18/11/2024 15:30
PL-002129,3254,20321,149,New York,16/10/2024,07/12/2024,08/12/2024,99000.0,15.5,USD,10/12/2024 11:47
PL-002130,3327,20612,30,London,16/10/2024,21/12/2024,,111000.0,19.2,GBP,24/12/2024 11:27
PL-002131,3184,19843,29,London,17/10/2024,29/12/2024,,98200.0,17.7,GBP,31/12/2024 11:40
PL-002132,3269,20362,90,Brussels,17/10/2024,20/11/2024,,127700.0,19.6,EUR,22/11/2024 15:08
PL-002133,3281,20470,165,New York,17/10/2024,18/12/2024,,130100.0,19.0,USD,19/12/2024 14:22
PL-002134,3313,20703,169,New York,17/10/2024,15/12/2024,22/01/2025,132200.0,16.6,USD,24/01/2025 13:18
PL-002135,3336,20582,149,New York,17/10/2024,26/11/2024,,120000.0,18.5,USD,27/11/2024 16:25
PL-002136,3343,20677,73,Dublin,17/10/2024,06/12/2024,,86700.0,20.2,EUR,09/12/2024 15:51
PL-002137,3329,20744,94,Brussels,18/10/2024,16/11/2024,,106600.0,18.3,EUR,18/11/2024 12:31
PL-002138,3290,20657,201,Singapore,19/10/2024,23/12/2024,,110400.0,19.1,SGD,26/12/2024 10:45
PL-002139,3332,19784,170,New York,19/10/2024,20/12/2024,,156300.0,17.4,USD,20/12/2024 11:06
PL-002140,3333,17953,178,Charlotte,19/10/2024,09/01/2025,,99500.0,18.0,USD,12/01/2025 20:32
PL-002141,3338,18716,186,Hong Kong,19/10/2024,03/01/2025,,714700.0,21.6,HKD,06/01/2025 11:57
PL-002142,3408,21099,108,Paris,19/10/2024,15/12/2024,,80100.0,22.1,EUR,17/12/2024 10:27
PL-002143,3409,21002,174,Charlotte,19/10/2024,10/12/2024,,91100.0,22.3,USD,13/12/2024 12:04
PL-002144,3374,21122,160,New York,20/10/2024,06/12/2024,22/01/2025,118700.0,20.9,USD,25/01/2025 20:11
PL-002145,3376,20988,93,Brussels,20/10/2024,24/11/2024,,95600.0,22.3,EUR,25/11/2024 19:07
PL-002146,3429,18513,194,Singapore,20/10/2024,10/01/2025,,149000.0,16.5,SGD,13/01/2025 20:54
PL-002147,3339,19758,198,Singapore,21/10/2024,28/11/2024,,156300.0,16.2,SGD,28/11/2024 10:11
PL-002148,3325,46634,126,Paris,22/10/2024,22/12/2024,,83100.0,20.0,EUR,23/12/2024 13:24
PL-002149,3350,20895,51,London,22/10/2024,17/12/2024,,78100.0,22.7,GBP,19/12/2024 17:54
PL-002150,3385,20907,148,New York,22/10/2024,22/12/2024,,142000.0,17.9,USD,23/12/2024 18:51
PL-002151,3294,20659,49,London,23/10/2024,26/12/2024,05/01/2025,92500.0,19.5,GBP,08/01/2025 20:17
PL-002152,3240,20277,95,Brussels,24/10/2024,01/12/2024,,132300.0,22.3,EUR,01/12/2024 08:34
PL-002153,3318,19555,98,Madrid,24/10/2024,13/01/2025,,70400.0,21.7,EUR,14/01/2025 16:00
PL-002154,3328,20551,70,Dublin,25/10/2024,05/01/2025,,97700.0,20.2,EUR,08/01/2025 12:07
PL-002155,3373,20982,147,New York,25/10/2024,15/01/2025,,113800.0,17.2,USD,15/01/2025 12:51
PL-002156,3380,20837,210,Malaysia,25/10/2024,23/12/2024,,316300.0,18.3,MYR,26/12/2024 12:45
PL-002157,3381,20944,15,Manchester,25/10/2024,02/12/2024,,53600.0,21.1,GBP,05/12/2024 09:58
PL-002158,3384,21028,102,Madrid,25/10/2024,24/11/2024,24/01/2025,106100.0,16.1,EUR,24/01/2025 15:19
PL-002159,3400,21093,67,Dublin,25/10/2024,02/12/2024,,64500.0,18.5,EUR,02/12/2024 11:26
PL-002160,3304,20380,41,London,26/10/2024,22/12/2024,18/01/2025,77400.0,20.6,GBP,18/01/2025 15:26
PL-002161,3318,20489,98,Madrid,26/10/2024,06/01/2025,,74300.0,20.5,EUR,07/01/2025 07:59
PL-002162,3341,20892,24,Manchester,26/10/2024,31/12/2024,,79800.0,21.4,GBP,03/01/2025 17:47
PL-002163,3370,18607,108,Paris,26/10/2024,28/11/2024,,92000.0,19.0,EUR,01/12/2024 17:45
PL-002164,3379,21204,210,Malaysia,26/10/2024,22/12/2024,,172600.0,19.3,MYR,25/12/2024 20:05
PL-002165,3403,21133,165,New York,26/10/2024,07/12/2024,,152700.0,18.9,USD,10/12/2024 20:18
PL-002166,3418,21355,9,Manchester,26/10/2024,27/11/2024,,77100.0,21.3,GBP,28/11/2024 09:35
PL-002167,3277,20589,1,Manchester,27/10/2024,03/01/2025,,96900.0,19.0,GBP,04/01/2025 17:45
PL-002168,3308,20839,3,Manchester,27/10/2024,23/12/2024,,81400.0,20.8,GBP,24/12/2024 20:15
PL-002169,3378,20875,111,Paris,27/10/2024,30/12/2024,,79700.0,17.2,EUR,01/01/2025 12:08
PL-002170,3396,20955,143,Zurich,27/10/2024,04/01/2025,,148600.0,16.3,CHF,06/01/2025 15:47
PL-002171,3417,21135,159,New York,27/10/2024,08/12/2024,,134700.0,22.7,USD,11/12/2024 20:01
PL-002172,3293,20568,31,London,28/10/2024,31/12/2024,,110600.0,17.1,GBP,03/01/2025 15:38
PL-002173,3301,20772,182,Hong Kong,28/10/2024,02/01/2025,,742400.0,19.7,HKD,05/01/2025 08:27
PL-002174,3434,21253,20,Manchester,28/10/2024,15/12/2024,,67900.0,16.3,GBP,15/12/2024 13:13
PL-002175,3447,21541,112,Paris,28/10/2024,11/12/2024,,104300.0,19.6,EUR,14/12/2024 15:09
PL-002176,3360,21149,80,Amsterdam,29/10/2024,02/01/2025,,89400.0,17.4,EUR,04/01/2025 20:33
PL-002177,3387,18356,22,Manchester,29/10/2024,13/01/2025,,99300.0,20.1,GBP,15/01/2025 19:59
PL-002178,3395,21070,140,Zurich,29/10/2024,05/12/2024,,141700.0,21.9,CHF,05/12/2024 11:48
PL-002179,3432,21224,150,New York,29/10/2024,07/12/2024,,119800.0,18.7,USD,09/12/2024 15:23
PL-002180,3439,21372,106,Paris,29/10/2024,22/12/2024,,72800.0,19.6,EUR,22/12/2024 14:46
PL-002181,3448,21406,39,London,29/10/2024,30/11/2024,,69200.0,21.5,GBP,02/12/2024 07:51
PL-002182,3453,21578,140,Zurich,29/10/2024,30/12/2024,,140800.0,17.7,CHF,01/01/2025 20:27
PL-002183,3464,21717,137,Zurich,29/10/2024,29/12/2024,,112400.0,20.9,CHF,31/12/2024 08:20
PL-002184,3302,20601,186,Hong Kong,30/10/2024,28/11/2024,,726600.0,20.7,HKD,29/11/2024 14:16
PL-002185,3314,20544,184,Hong Kong,30/10/2024,16/12/2024,,853900.0,20.6,HKD,16/12/2024 17:53
PL-002186,3382,21127,28,London,30/10/2024,27/11/2024,,134200.0,21.5,GBP,30/11/2024 08:39
PL-002187,3414,21318,212,Malaysia,30/10/2024,05/01/2025,,203100.0,17.4,MYR,07/01/2025 15:06
PL-002188,3419,21320,37,London,31/10/2024,20/01/2025,04/03/2025,88800.0,19.6,GBP,06/03/2025 15:43
PL-002189,3452,19704,134,Zurich,31/10/2024,23/01/2025,,110200.0,20.2,CHF,24/01/2025 14:49
PL-002190,3283,20686,55,London,01/11/2024,02/01/2025,,132800.0,21.1,GBP,05/01/2025 16:25
PL-002191,3337,20750,183,Hong Kong,01/11/2024,11/01/2025,,808500.0,19.7,HKD,12/01/2025 20:00
PL-002192,3359,21081,52,London,01/11/2024,09/01/2025,,85400.0,17.1,GBP,11/01/2025 11:36
PL-002193,3399,21131,22,Manchester,01/11/2024,07/01/2025,,83600.0,23.8,GBP,10/01/2025 08:15
PL-002194,3401,21191,85,Amsterdam,01/11/2024,06/12/2024,07/12/2024,69900.0,21.1,EUR,07/12/2024 19:12
PL-002195,3466,20187,31,London,01/11/2024,12/01/2025,,135500.0,17.0,GBP,15/01/2025 12:27
PL-002196,3343,20893,73,Dublin,02/11/2024,20/01/2025,,84800.0,19.7,EUR,20/01/2025 16:20
PL-002197,3398,20560,11,Manchester,02/11/2024,03/12/2024,,60500.0,17.6,GBP,03/12/2024 13:44
PL-002198,3431,21176,84,Amsterdam,02/11/2024,02/01/2025,,97200.0,24.2,EUR,04/01/2025 11:17
PL-002199,3489,21695,101,Madrid,03/11/2024,09/12/2024,10/12/2024,59000.0,21.3,EUR,12/12/2024 07:22
PL-002200,3309,20809,8,Manchester,04/11/2024,16/12/2024,,54300.0,21.0,GBP,17/12/2024 19:40
PL-002201,3514,21887,142,Zurich,04/11/2024,11/01/2025,,108100.0,16.9,CHF,11/01/2025 13:59
PL-002202,3319,20606,200,Singapore,05/11/2024,25/12/2024,,128100.0,16.3,SGD,28/12/2024 16:00
PL-002203,3390,21210,59,London,05/11/2024,01/01/2025,,131400.0,20.5,GBP,02/01/2025 11:21
PL-002204,3417,21218,159,New York,05/11/2024,22/01/2025,30/03/2025,140200.0,19.0,USD,02/04/2025 14:23
PL-002205,3472,21146,161,New York,05/11/2024,31/12/2024,,134100.0,16.2,USD,02/01/2025 17:57
PL-002206,3476,20189,13,Manchester,05/11/2024,13/01/2025,15/03/2025,56900.0,21.5,GBP,15/03/2025 08:38
PL-002207,3516,22060,208,Malaysia,05/11/2024,26/01/2025,,209000.0,18.5,MYR,29/01/2025 12:19
PL-002208,3371,21231,137,Zurich,06/11/2024,25/12/2024,,97300.0,18.3,CHF,27/12/2024 09:05
PL-002209,3394,21211,126,Paris,06/11/2024,14/01/2025,,73500.0,20.2,EUR,15/01/2025 13:49
PL-002210,3400,21240,67,Dublin,06/11/2024,22/12/2024,16/01/2025,62200.0,18.2,EUR,17/01/2025 08:31
PL-002211,3405,21165,2,Manchester,06/11/2024,05/01/2025,,88300.0,21.1,GBP,08/01/2025 13:45
PL-002212,3444,19960,14,Manchester,06/11/2024,11/01/2025,,58500.0,22.1,GBP,13/01/2025 20:37
PL-002213,3470,21485,153,New York,06/11/2024,07/12/2024,,142000.0,16.6,USD,08/12/2024 14:47
PL-002214,3526,21987,147,New York,06/11/2024,21/12/2024,,117900.0,16.9,USD,24/12/2024 15:52
PL-002215,3340,20499,3,Manchester,07/11/2024,19/12/2024,,119100.0,23.1,GBP,20/12/2024 12:57
PL-002216,3406,18414,48,London,07/11/2024,07/12/2024,,77500.0,17.7,GBP,08/12/2024 09:53
PL-002217,3435,21227,41,London,07/11/2024,17/01/2025,,89500.0,17.4,GBP,18/01/2025 07:26
PL-002218,3481,21793,59,London,07/11/2024,14/12/2024,15/01/2025,140800.0,22.4,GBP,15/01/2025 15:53
PL-002219,3498,21913,100,Madrid,07/11/2024,30/01/2025,,66000.0,19.8,EUR,02/02/2025 13:03
PL-002220,3510,21808,123,Paris,07/11/2024,23/12/2024,,61700.0,19.1,EUR,25/12/2024 11:42
PL-002221,3355,20828,75,Dublin,08/11/2024,27/01/2025,,96300.0,20.3,EUR,27/01/2025 07:28
PL-002222,3450,21513,69,Dublin,08/11/2024,27/01/2025,,60100.0,19.3,EUR,29/01/2025 14:16
PL-002223,3469,21484,111,Paris,08/11/2024,26/01/2025,,77700.0,23.4,EUR,26/01/2025 15:40
PL-002224,3540,21997,82,Amsterdam,08/11/2024,26/12/2024,,89800.0,21.1,EUR,28/12/2024 12:02
PL-002225,3358,21114,25,Manchester,09/11/2024,18/01/2025,,106100.0,17.8,GBP,20/01/2025 16:23
PL-002226,3402,20145,90,Brussels,09/11/2024,24/12/2024,,110400.0,17.4,EUR,24/12/2024 19:38
PL-002227,3437,21508,73,Dublin,09/11/2024,30/12/2024,01/02/2025,79500.0,19.0,EUR,04/02/2025 16:32
PL-002228,3456,19184,199,Singapore,09/11/2024,17/01/2025,,126400.0,21.3,SGD,19/01/2025 15:12
PL-002229,3556,22118,115,Paris,09/11/2024,19/12/2024,,66900.0,16.2,EUR,21/12/2024 19:09
PL-002230,3308,20782,3,Manchester,10/11/2024,28/12/2024,,87300.0,20.5,GBP,31/12/2024 08:39
PL-002231,3391,21273,60,London,10/11/2024,10/01/2025,,74300.0,17.0,GBP,11/01/2025 20:43
PL-002232,3457,21579,70,Dublin,10/11/2024,01/02/2025,,74000.0,20.8,EUR,03/02/2025 19:36
PL-002233,3502,21702,183,Hong Kong,10/11/2024,30/01/2025,,737300.0,19.0,HKD,02/02/2025 08:42
PL-002234,3306,46811,88,Brussels,11/11/2024,27/01/2025,,117600.0,20.9,EUR,30/01/2025 17:34
PL-002235,3361,21051,99,Madrid,11/11/2024,28/01/2025,14/02/2025,77800.0,23.3,EUR,17/02/2025 09:04
PL-002236,3423,21288,12,Manchester,11/11/2024,03/01/2025,,60700.0,18.3,GBP,06/01/2025 12:10
PL-002237,3447,21378,112,Paris,11/11/2024,22/12/2024,,97000.0,17.6,EUR,24/12/2024 20:44
PL-002238,3451,21410,92,Brussels,11/11/2024,14/12/2024,,91200.0,19.9,EUR,15/12/2024 16:20
PL-002239,3466,21416,31,London,11/11/2024,17/01/2025,,157100.0,17.9,GBP,20/01/2025 07:18
PL-002240,3477,21492,73,Dublin,11/11/2024,14/12/2024,,101100.0,17.3,EUR,16/12/2024 08:24
PL-002241,3493,19471,11,Manchester,11/11/2024,15/01/2025,,79000.0,18.8,GBP,18/01/2025 19:55
PL-002242,3547,20625,81,Amsterdam,11/11/2024,16/01/2025,17/02/2025,123100.0,16.4,EUR,20/02/2025 12:26
PL-002243,3564,22222,134,Zurich,11/11/2024,21/01/2025,,104400.0,16.4,CHF,23/01/2025 18:26
PL-002244,3500,21841,149,New York,12/11/2024,03/02/2025,,145600.0,21.3,USD,05/02/2025 20:35
PL-002245,3508,20303,195,Singapore,12/11/2024,17/12/2024,10/03/2025,116400.0,19.0,SGD,11/03/2025 18:14
PL-002246,3511,22018,125,Paris,12/11/2024,22/12/2024,,90400.0,19.9,EUR,25/12/2024 18:27
PL-002247,3532,21853,37,London,12/11/2024,02/01/2025,,76900.0,18.4,GBP,03/01/2025 17:17
PL-002248,3383,19979,79,Amsterdam,13/11/2024,19/01/2025,,97600.0,20.2,EUR,22/01/2025 11:48
PL-002249,3422,18656,7,Manchester,13/11/2024,04/01/2025,,70300.0,18.2,GBP,06/01/2025 11:47
PL-002250,3426,19269,123,Paris,13/11/2024,13/12/2024,,88700.0,20.1,EUR,16/12/2024 10:09
PL-002251,3478,21523,99,Madrid,13/11/2024,26/12/2024,,51600.0,18.2,EUR,27/12/2024 09:10
PL-002252,3536,22145,139,Zurich,13/11/2024,19/12/2024,,106700.0,18.2,CHF,21/12/2024 09:28
PL-002253,3518,22103,15,Manchester,14/11/2024,20/12/2024,28/01/2025,45900.0,18.3,GBP,29/01/2025 09:31
PL-002254,3559,22078,20,Manchester,14/11/2024,31/12/2024,,69500.0,19.6,GBP,31/12/2024 07:39
PL-002255,3368,21230,83,Amsterdam,15/11/2024,23/01/2025,,114600.0,19.5,EUR,23/01/2025 19:26
PL-002256,3391,21015,60,London,15/11/2024,17/12/2024,,85400.0,18.2,GBP,18/12/2024 12:39
PL-002257,3477,21621,73,Dublin,15/11/2024,30/01/2025,,106400.0,16.4,EUR,31/01/2025 18:22
PL-002258,3550,22178,179,Charlotte,15/11/2024,15/12/2024,,122800.0,20.6,USD,17/12/2024 17:04
PL-002259,3425,19990,91,Brussels,16/11/2024,20/12/2024,,116000.0,18.3,EUR,21/12/2024 13:50
PL-002260,3455,21472,184,Hong Kong,16/11/2024,08/02/2025,,774500.0,16.5,HKD,08/02/2025 18:59
PL-002261,3345,21010,115,Paris,17/11/2024,29/12/2024,,70700.0,17.0,EUR,29/12/2024 12:51
PL-002262,3390,21311,59,London,17/11/2024,19/12/2024,,112200.0,16.9,GBP,21/12/2024 16:51
PL-002263,3422,21501,7,Manchester,17/11/2024,09/01/2025,,69300.0,19.0,GBP,12/01/2025 13:22
PL-002264,3424,21530,82,Amsterdam,17/11/2024,05/01/2025,,90700.0,18.5,EUR,06/01/2025 19:43
PL-002265,3446,21673,76,Dublin,17/11/2024,28/01/2025,,76100.0,18.1,EUR,28/01/2025 11:31
PL-002266,3452,21577,134,Zurich,17/11/2024,25/12/2024,,108000.0,20.4,CHF,27/12/2024 09:48
PL-002267,3458,21647,76,Dublin,17/11/2024,24/01/2025,,132800.0,19.7,EUR,27/01/2025 18:06
PL-002268,3459,21477,135,Zurich,17/11/2024,27/12/2024,,145000.0,18.6,CHF,30/12/2024 20:19
PL-002269,3488,21625,74,Dublin,17/11/2024,15/12/2024,,98000.0,22.8,EUR,18/12/2024 17:48
PL-002270,3517,22102,12,Manchester,17/11/2024,13/01/2025,,65700.0,22.4,GBP,14/01/2025 20:49
PL-002271,3624,22392,198,Singapore,17/11/2024,30/12/2024,,152000.0,18.0,SGD,31/12/2024 12:43
PL-002272,3433,21369,1,Manchester,18/11/2024,04/02/2025,,110900.0,17.8,GBP,05/02/2025 17:01
PL-002273,3463,21826,14,Manchester,18/11/2024,16/01/2025,,85800.0,18.0,GBP,16/01/2025 15:10
PL-002274,3512,22135,132,Zurich,18/11/2024,24/12/2024,,79900.0,20.3,CHF,27/12/2024 10:52
PL-002275,3527,21814,149,New York,18/11/2024,09/01/2025,,120200.0,20.7,USD,10/01/2025 08:26
PL-002276,3567,22121,67,Dublin,18/11/2024,17/01/2025,,92800.0,17.0,EUR,18/01/2025 13:19
PL-002277,3494,21732,183,Hong Kong,19/11/2024,16/01/2025,,640500.0,16.8,HKD,17/01/2025 14:37
PL-002278,3504,21844,39,London,19/11/2024,08/01/2025,,84700.0,15.6,GBP,11/01/2025 19:01
PL-002279,3538,22032,201,Singapore,19/11/2024,05/01/2025,,97600.0,19.2,SGD,08/01/2025 07:00
PL-002280,3416,21427,158,New York,20/11/2024,27/12/2024,,141000.0,24.2,USD,30/12/2024 10:36
PL-002281,3497,21978,65,Dublin,20/11/2024,08/01/2025,,58400.0,16.5,EUR,09/01/2025 17:22
PL-002282,3546,21965,76,Dublin,20/11/2024,25/12/2024,,59000.0,22.2,EUR,26/12/2024 09:04
PL-002283,3568,22009,106,Paris,20/11/2024,18/01/2025,23/01/2025,88800.0,17.2,EUR,26/01/2025 11:30
PL-002284,3581,22339,97,Madrid,20/11/2024,22/12/2024,,82400.0,18.2,EUR,22/12/2024 16:45
PL-002285,3618,21582,55,London,20/11/2024,22/12/2024,,73600.0,18.4,GBP,23/12/2024 10:04
PL-002286,3625,22439,209,Malaysia,20/11/2024,12/01/2025,,226400.0,18.4,MYR,14/01/2025 16:52
PL-002287,3421,21358,139,Zurich,21/11/2024,04/02/2025,,126500.0,20.8,CHF,05/02/2025 09:26
PL-002288,3535,21855,91,Brussels,21/11/2024,24/12/2024,,93800.0,16.5,EUR,25/12/2024 20:28
PL-002289,3577,19791,24,Manchester,21/11/2024,27/12/2024,,86300.0,18.6,GBP,29/12/2024 16:53
PL-002290,3598,21710,144,Zurich,21/11/2024,16/01/2025,,151600.0,18.0,CHF,18/01/2025 08:55
PL-002291,3539,21931,208,Malaysia,22/11/2024,04/02/2025,,176600.0,17.2,MYR,05/02/2025 17:01
PL-002292,3400,21239,67,Dublin,23/11/2024,25/01/2025,,61600.0,16.4,EUR,27/01/2025 19:44
PL-002293,3523,21891,99,Madrid,23/11/2024,31/12/2024,,86400.0,21.9,EUR,03/01/2025 17:58
PL-002294,3561,20620,80,Amsterdam,23/11/2024,07/01/2025,,97300.0,19.8,EUR,09/01/2025 20:44
PL-002295,3634,22477,158,New York,23/11/2024,30/12/2024,,142900.0,16.0,USD,31/12/2024 07:21
PL-002296,3474,21521,3,Manchester,24/11/2024,11/02/2025,,108400.0,17.4,GBP,14/02/2025 11:24
PL-002297,3619,22468,84,Amsterdam,24/11/2024,05/01/2025,,102000.0,19.7,EUR,05/01/2025 15:49
PL-002298,3465,19217,200,Singapore,25/11/2024,04/01/2025,,179500.0,17.8,SGD,07/01/2025 11:42
PL-002299,3513,20448,140,Zurich,25/11/2024,01/01/2025,17/01/2025,147800.0,18.2,CHF,18/01/2025 15:03
PL-002300,3541,19580,84,Amsterdam,25/11/2024,14/01/2025,27/03/2025,108700.0,17.6,EUR,28/03/2025 16:26
PL-002301,3545,22262,75,Dublin,25/11/2024,03/01/2025,,80800.0,17.2,EUR,05/01/2025 13:42
PL-002302,3586,20740,171,New York,25/11/2024,29/01/2025,,142000.0,16.6,USD,30/01/2025 11:24
PL-002303,3590,22255,114,Paris,26/11/2024,07/02/2025,,75500.0,17.8,EUR,08/02/2025 07:44
PL-002304,3467,21866,85,Amsterdam,27/11/2024,01/01/2025,,95800.0,19.4,EUR,02/01/2025 10:11
PL-002305,3544,21933,166,New York,27/11/2024,22/01/2025,,121700.0,21.1,USD,23/01/2025 12:01
PL-002306,3583,22484,48,London,27/11/2024,28/01/2025,,102000.0,16.6,GBP,29/01/2025 07:43
PL-002307,3482,21659,90,Brussels,28/11/2024,07/02/2025,,92200.0,19.4,EUR,07/02/2025 10:46
PL-002308,3651,21060,8,Manchester,28/11/2024,18/01/2025,,49000.0,20.7,GBP,20/01/2025 12:22
PL-002309,3490,21413,102,Madrid,29/11/2024,01/01/2025,,81500.0,24.4,EUR,03/01/2025 18:25
PL-002310,3525,21775,136,Zurich,29/11/2024,24/01/2025,,112900.0,22.4,CHF,26/01/2025 20:56
PL-002311,3579,22281,30,London,29/11/2024,11/02/2025,,129500.0,20.0,GBP,14/02/2025 16:03
PL-002312,3487,21215,61,London,30/11/2024,14/01/2025,,134800.0,20.7,GBP,15/01/2025 10:30
PL-002313,3542,21858,92,Brussels,30/11/2024,10/01/2025,,116600.0,16.6,EUR,11/01/2025 16:19
PL-002314,3555,21968,8,Manchester,30/11/2024,16/02/2025,,55400.0,19.2,GBP,16/02/2025 18:51
PL-002315,3563,22008,122,Paris,30/11/2024,22/02/2025,24/04/2025,107900.0,22.8,EUR,27/04/2025 19:07
PL-002316,3572,20036,174,Charlotte,30/11/2024,20/02/2025,,106200.0,20.0,USD,22/02/2025 12:13
PL-002317,3654,22882,97,Madrid,30/11/2024,26/01/2025,,86800.0,19.9,EUR,28/01/2025 07:26
PL-002318,3657,22704,92,Brussels,30/11/2024,07/02/2025,,71100.0,15.7,EUR,09/02/2025 20:09
PL-002319,3475,21905,4,Manchester,01/12/2024,08/02/2025,,76100.0,15.8,GBP,09/02/2025 14:35
PL-002320,3519,21849,29,London,01/12/2024,12/02/2025,,105700.0,18.4,GBP,15/02/2025 19:42
PL-002321,3553,21663,94,Brussels,01/12/2024,13/01/2025,,98400.0,19.3,EUR,14/01/2025 17:22
PL-002322,3565,22184,186,Hong Kong,01/12/2024,09/01/2025,,762400.0,20.1,HKD,09/01/2025 16:45
PL-002323,3562,22080,93,Brussels,02/12/2024,23/02/2025,,88000.0,18.6,EUR,25/02/2025 12:49
PL-002324,3604,22413,194,Singapore,02/12/2024,28/01/2025,,132100.0,17.8,SGD,28/01/2025 15:48
PL-002325,3680,22894,198,Singapore,02/12/2024,28/01/2025,,134100.0,21.4,SGD,31/01/2025 20:50
PL-002326,3612,22715,79,Amsterdam,03/12/2024,20/02/2025,,85600.0,19.1,EUR,21/02/2025 13:49
PL-002327,3635,22812,166,New York,03/12/2024,17/01/2025,,101800.0,23.1,USD,18/01/2025 20:03
PL-002328,3581,19629,97,Madrid,04/12/2024,08/02/2025,04/03/2025,86300.0,22.2,EUR,04/03/2025 18:56
PL-002329,3596,22377,64,Dublin,05/12/2024,14/02/2025,,98800.0,17.5,EUR,17/02/2025 17:56
PL-002330,3578,22482,24,Manchester,06/12/2024,18/01/2025,,78400.0,22.2,GBP,20/01/2025 14:35
PL-002331,3615,22561,182,Hong Kong,06/12/2024,28/01/2025,,576200.0,23.4,HKD,28/01/2025 11:35
PL-002332,3621,22470,177,Charlotte,06/12/2024,07/02/2025,12/03/2025,116100.0,19.7,USD,14/03/2025 13:30
PL-002333,3492,21911,2,Manchester,07/12/2024,22/02/2025,,73500.0,18.7,GBP,22/02/2025 08:19
PL-002334,3668,22799,83,Amsterdam,07/12/2024,13/02/2025,,112800.0,22.8,EUR,16/02/2025 07:02
PL-002335,3597,19696,123,Paris,08/12/2024,18/02/2025,,120500.0,21.1,EUR,18/02/2025 11:47
PL-002336,3619,22562,84,Amsterdam,08/12/2024,03/02/2025,,111300.0,18.5,EUR,05/02/2025 14:13
PL-002337,3569,22187,1,Manchester,09/12/2024,25/02/2025,,64100.0,20.3,GBP,28/02/2025 10:28
PL-002338,3599,22588,185,Hong Kong,09/12/2024,22/02/2025,05/03/2025,713200.0,20.6,HKD,07/03/2025 19:15
PL-002339,3613,22658,151,New York,09/12/2024,08/01/2025,,124600.0,20.3,USD,10/01/2025 10:57
PL-002340,3641,22609,13,Manchester,09/12/2024,14/02/2025,,62700.0,24.0,GBP,15/02/2025 10:07
PL-002341,3668,22742,83,Amsterdam,09/12/2024,25/02/2025,,99700.0,19.2,EUR,25/02/2025 17:04
PL-002342,3575,22277,62,London,10/12/2024,26/01/2025,,130600.0,23.6,GBP,29/01/2025 16:02
PL-002343,3644,22520,161,New York,10/12/2024,21/02/2025,28/04/2025,140100.0,20.9,USD,29/04/2025 17:00
PL-002344,3645,22699,184,Hong Kong,10/12/2024,11/01/2025,,465900.0,22.2,HKD,11/01/2025 19:39
PL-002345,3655,22043,14,Manchester,10/12/2024,01/03/2025,15/04/2025,78300.0,20.7,GBP,16/04/2025 13:03
PL-002346,3681,22806,210,Malaysia,10/12/2024,05/02/2025,,210800.0,17.6,MYR,07/02/2025 09:20
PL-002347,3558,21971,160,New York,11/12/2024,24/01/2025,,121700.0,22.6,USD,24/01/2025 20:12
PL-002348,3594,22450,188,Hong Kong,12/12/2024,23/02/2025,,584900.0,19.5,HKD,26/02/2025 18:37
PL-002349,3643,22672,60,London,12/12/2024,29/01/2025,,120100.0,23.7,GBP,01/02/2025 19:38
PL-002350,3639,22571,185,Hong Kong,13/12/2024,14/01/2025,,686800.0,21.7,HKD,15/01/2025 12:16
PL-002351,3713,23122,134,Zurich,13/12/2024,03/03/2025,,78900.0,18.0,CHF,05/03/2025 08:36
PL-002352,3594,22553,188,Hong Kong,15/12/2024,12/02/2025,,534800.0,19.4,HKD,15/02/2025 19:35
PL-002353,3609,22462,135,Zurich,15/12/2024,17/02/2025,,89800.0,19.9,CHF,20/02/2025 13:26
PL-002354,3670,22770,136,Zurich,15/12/2024,14/01/2025,06/03/2025,135100.0,20.5,CHF,09/03/2025 18:02
PL-002355,3586,22431,171,New York,17/12/2024,01/02/2025,,153700.0,21.1,USD,04/02/2025 10:56
PL-002356,3616,22631,207,Malaysia,17/12/2024,08/03/2025,,230600.0,18.6,MYR,11/03/2025 15:28
PL-002357,3647,22323,44,London,17/12/2024,28/02/2025,,80200.0,20.2,GBP,02/03/2025 08:38
PL-002358,3653,22911,61,London,17/12/2024,20/01/2025,,106600.0,19.4,GBP,22/01/2025 12:41
PL-002359,3686,22988,160,New York,17/12/2024,20/02/2025,,104100.0,19.2,USD,20/02/2025 07:43
PL-002360,3617,22413,28,London,18/12/2024,22/01/2025,,110900.0,19.8,GBP,22/01/2025 16:06
PL-002361,3745,23218,52,London,18/12/2024,12/03/2025,,75600.0,16.9,GBP,15/03/2025 15:14
PL-002362,3640,22729,4,Manchester,19/12/2024,10/02/2025,,73000.0,20.9,GBP,13/02/2025 11:19
PL-002363,3685,23043,159,New York,19/12/2024,30/01/2025,,169600.0,17.6,USD,02/02/2025 19:29
PL-002364,3668,20347,83,Amsterdam,20/12/2024,09/03/2025,,103600.0,17.3,EUR,10/03/2025 18:52
PL-002365,3602,22497,108,Paris,21/12/2024,04/03/2025,,92500.0,17.2,EUR,05/03/2025 09:25
PL-002366,3703,23049,140,Zurich,21/12/2024,14/02/2025,,123200.0,17.3,CHF,16/02/2025 07:11
PL-002367,3705,22967,150,New York,21/12/2024,07/03/2025,,128100.0,18.1,USD,09/03/2025 19:30
PL-002368,3709,23051,77,Dublin,21/12/2024,08/02/2025,,75300.0,18.5,EUR,10/02/2025 13:52
PL-002369,3728,23127,143,Zurich,22/12/2024,11/03/2025,,149700.0,20.1,CHF,12/03/2025 17:37
PL-002370,3761,23412,154,New York,22/12/2024,03/02/2025,,160000.0,18.5,USD,06/02/2025 13:13
PL-002371,3557,22299,126,Paris,23/12/2024,13/02/2025,,58900.0,20.3,EUR,13/02/2025 18:06
PL-002372,3630,22568,75,Dublin,23/12/2024,04/03/2025,,71900.0,22.6,EUR,06/03/2025 09:23
PL-002373,3711,21194,100,Madrid,23/12/2024,08/02/2025,,62400.0,16.3,EUR,11/02/2025 17:51
PL-002374,3733,23401,212,Malaysia,23/12/2024,29/01/2025,,242600.0,17.3,MYR,29/01/2025 18:54
PL-002375,3777,23478,213,Malaysia,23/12/2024,23/02/2025,,158500.0,16.6,MYR,24/02/2025 07:46
PL-002376,3595,22451,56,London,24/12/2024,16/02/2025,,122500.0,24.2,GBP,19/02/2025 09:14
PL-002377,3694,23047,100,Madrid,25/12/2024,03/03/2025,,89200.0,23.5,EUR,06/03/2025 10:21
PL-002378,3704,23172,146,New York,25/12/2024,28/02/2025,,137500.0,17.6,USD,28/02/2025 14:39
PL-002379,3607,22711,69,Dublin,26/12/2024,13/02/2025,,73800.0,19.7,EUR,16/02/2025 15:37
PL-002380,3633,22811,143,Zurich,27/12/2024,14/02/2025,,162200.0,22.4,CHF,14/02/2025 16:18
PL-002381,3626,22661,33,London,28/12/2024,16/03/2025,,116100.0,18.3,GBP,19/03/2025 18:51
PL-002382,3656,22979,24,Manchester,28/12/2024,07/02/2025,,76600.0,18.0,GBP,09/02/2025 08:13
PL-002383,3665,23064,38,London,28/12/2024,17/03/2025,,89100.0,17.8,GBP,19/03/2025 17:02
PL-002384,3682,20439,29,London,28/12/2024,04/03/2025,,119900.0,16.5,GBP,06/03/2025 14:43
PL-002385,3738,23094,47,London,28/12/2024,04/03/2025,,81200.0,16.6,GBP,07/03/2025 19:04
PL-002386,3753,23577,81,Amsterdam,29/12/2024,28/02/2025,,109600.0,21.8,EUR,01/03/2025 20:04
PL-002387,3794,23484,108,Paris,29/12/2024,29/01/2025,,89700.0,18.5,EUR,29/01/2025 12:51
PL-002388,3683,23016,82,Amsterdam,30/12/2024,03/02/2025,,121700.0,21.5,EUR,03/02/2025 08:52
PL-002389,3699,23199,51,London,30/12/2024,14/02/2025,,105400.0,18.2,GBP,15/02/2025 08:33
PL-002390,3736,23368,3,Manchester,30/12/2024,18/03/2025,,108100.0,21.1,GBP,21/03/2025 13:43
PL-002391,3763,23580,199,Singapore,30/12/2024,02/03/2025,,108600.0,22.4,SGD,02/03/2025 17:36
PL-002392,3725,23426,115,Paris,31/12/2024,11/03/2025,,73600.0,22.9,EUR,13/03/2025 10:18
PL-002393,3727,23155,91,Brussels,31/12/2024,12/03/2025,,121500.0,16.9,EUR,14/03/2025 14:03
PL-002394,3731,23299,151,New York,31/12/2024,31/01/2025,,112400.0,19.8,USD,01/02/2025 10:30
PL-002395,3656,22883,24,Manchester,01/01/2025,01/03/2025,,73000.0,20.6,GBP,01/03/2025 18:00
PL-002396,3772,23220,207,Malaysia,01/01/2025,05/02/2025,,151300.0,19.8,MYR,06/02/2025 10:53
PL-002397,3780,23557,66,Dublin,01/01/2025,26/02/2025,,89500.0,22.8,EUR,28/02/2025 17:12
PL-002398,3793,23529,67,Dublin,01/01/2025,19/02/2025,,55300.0,16.8,EUR,22/02/2025 15:26
PL-002399,3795,23530,165,New York,01/01/2025,22/03/2025,,146900.0,17.1,USD,22/03/2025 19:15
PL-002400,3683,21663,82,Amsterdam,02/01/2025,22/02/2025,,111200.0,21.1,EUR,25/02/2025 16:11
PL-002401,3742,23337,143,Zurich,02/01/2025,14/03/2025,,132900.0,17.1,CHF,15/03/2025 10:29
PL-002402,3755,23634,185,Hong Kong,02/01/2025,22/02/2025,05/03/2025,597700.0,20.2,HKD,06/03/2025 18:22
PL-002403,3776,20778,182,Hong Kong,02/01/2025,01/03/2025,,853200.0,19.7,HKD,02/03/2025 20:09
PL-002404,3702,23229,79,Amsterdam,03/01/2025,15/03/2025,,102500.0,19.4,EUR,16/03/2025 18:39
PL-002405,3775,23676,135,Zurich,03/01/2025,25/03/2025,,80200.0,19.7,CHF,28/03/2025 10:00
PL-002406,3741,21133,94,Brussels,04/01/2025,16/02/2025,,128100.0,24.3,EUR,19/02/2025 12:36
PL-002407,3744,23539,25,Manchester,04/01/2025,10/02/2025,,70700.0,18.4,GBP,12/02/2025 08:44
PL-002408,3782,23524,121,Paris,04/01/2025,18/03/2025,,84300.0,20.5,EUR,21/03/2025 19:04
PL-002409,3789,46577,137,Zurich,04/01/2025,02/02/2025,,132700.0,21.2,CHF,05/02/2025 10:26
PL-002410,3821,23805,41,London,04/01/2025,11/03/2025,,96400.0,18.2,GBP,13/03/2025 09:15
PL-002411,3687,23079,201,Singapore,05/01/2025,09/03/2025,,109600.0,16.5,SGD,10/03/2025 08:16
PL-002412,3721,23358,88,Brussels,06/01/2025,17/03/2025,,118100.0,21.7,EUR,17/03/2025 09:24
PL-002413,3761,23377,154,New York,06/01/2025,31/03/2025,,149100.0,19.9,USD,31/03/2025 17:19
PL-002414,3775,22027,135,Zurich,06/01/2025,08/02/2025,,82500.0,21.4,CHF,10/02/2025 17:43
PL-002415,3796,23622,111,Paris,06/01/2025,03/03/2025,,107400.0,18.9,EUR,06/03/2025 20:33
PL-002416,3752,23543,7,Manchester,07/01/2025,29/03/2025,,91300.0,20.5,GBP,30/03/2025 14:56
PL-002417,3792,23705,65,Dublin,07/01/2025,02/03/2025,,85600.0,24.8,EUR,05/03/2025 07:52
PL-002418,3676,23133,93,Brussels,08/01/2025,14/02/2025,29/04/2025,128600.0,21.8,EUR,02/05/2025 18:17
PL-002419,3754,22238,126,Paris,08/01/2025,07/02/2025,,78900.0,22.6,EUR,09/02/2025 11:24
PL-002420,3756,23437,195,Singapore,08/01/2025,03/03/2025,,156000.0,18.4,SGD,03/03/2025 07:54
PL-002421,3817,23745,139,Zurich,09/01/2025,16/02/2025,,114400.0,18.1,CHF,17/02/2025 07:33
PL-002422,3722,23154,90,Brussels,10/01/2025,10/02/2025,,118200.0,24.2,EUR,13/02/2025 11:27
PL-002423,3739,23431,55,London,10/01/2025,12/03/2025,,85400.0,24.0,GBP,13/03/2025 17:52
PL-002424,3788,23772,107,Paris,10/01/2025,12/02/2025,,92300.0,19.6,EUR,12/02/2025 15:52
PL-002425,3797,23733,70,Dublin,11/01/2025,12/03/2025,,104200.0,23.0,EUR,12/03/2025 18:54
PL-002426,3846,23896,172,New York,11/01/2025,27/02/2025,,133000.0,21.3,USD,02/03/2025 14:43
PL-002427,3672,22890,166,New York,12/01/2025,06/04/2025,,198900.0,24.0,USD,08/04/2025 14:39
PL-002428,3781,23751,92,Brussels,12/01/2025,23/02/2025,10/04/2025,138500.0,21.0,EUR,11/04/2025 07:59
PL-002429,3638,22876,101,Madrid,13/01/2025,08/03/2025,,82200.0,21.5,EUR,11/03/2025 08:45
PL-002430,3695,23167,139,Zurich,13/01/2025,01/03/2025,,125100.0,18.3,CHF,03/03/2025 07:20
PL-002431,3773,20929,73,Dublin,13/01/2025,14/02/2025,,69300.0,17.5,EUR,14/02/2025 18:29
PL-002432,3791,22945,62,London,13/01/2025,21/03/2025,,96000.0,18.0,GBP,21/03/2025 14:24
PL-002433,3717,21087,209,Malaysia,14/01/2025,15/03/2025,,164400.0,23.1,MYR,17/03/2025 14:42
PL-002434,3787,23543,64,Dublin,14/01/2025,20/03/2025,,98400.0,16.4,EUR,20/03/2025 07:48
PL-002435,3749,23148,183,Hong Kong,15/01/2025,17/03/2025,,904600.0,18.7,HKD,18/03/2025 08:31
PL-002436,3807,23843,175,Charlotte,15/01/2025,06/03/2025,,73300.0,18.4,USD,09/03/2025 18:52
PL-002437,3837,23917,88,Brussels,15/01/2025,20/03/2025,,86200.0,23.0,EUR,22/03/2025 07:52
PL-002438,3690,23080,158,New York,16/01/2025,19/03/2025,,137400.0,17.5,USD,20/03/2025 17:22
PL-002439,3759,23506,111,Paris,16/01/2025,27/03/2025,,72100.0,24.2,EUR,29/03/2025 19:39
PL-002440,3766,46870,22,Manchester,16/01/2025,23/02/2025,17/03/2025,105900.0,18.8,GBP,19/03/2025 20:31
PL-002441,3804,23653,159,New York,16/01/2025,23/03/2025,,163200.0,20.4,USD,26/03/2025 17:36
PL-002442,3856,24155,83,Amsterdam,16/01/2025,03/03/2025,,96000.0,17.1,EUR,04/03/2025 13:14
PL-002443,3815,23949,98,Madrid,17/01/2025,25/03/2025,,71000.0,20.6,EUR,27/03/2025 12:47
PL-002444,3826,23830,149,New York,17/01/2025,23/02/2025,26/02/2025,118000.0,19.7,USD,01/03/2025 16:01
PL-002445,3691,23163,6,Manchester,18/01/2025,10/03/2025,,64900.0,22.9,GBP,12/03/2025 09:07
PL-002446,3748,23275,106,Paris,18/01/2025,04/03/2025,,106500.0,21.5,EUR,07/03/2025 19:17
PL-002447,3770,23474,165,New York,18/01/2025,04/03/2025,,132700.0,19.3,USD,06/03/2025 12:59
PL-002448,3771,22962,174,Charlotte,19/01/2025,27/02/2025,,80200.0,20.5,USD,02/03/2025 13:25
PL-002449,3822,23785,107,Paris,19/01/2025,27/03/2025,,74100.0,23.5,EUR,27/03/2025 14:16
PL-002450,3843,22245,51,London,19/01/2025,06/03/2025,,101800.0,17.1,GBP,09/03/2025 19:31
PL-002451,3783,22112,142,Zurich,20/01/2025,07/04/2025,,114200.0,20.5,CHF,10/04/2025 13:34
PL-002452,3811,22885,195,Singapore,20/01/2025,25/02/2025,,123400.0,19.7,SGD,28/02/2025 07:06
PL-002453,3802,23684,30,London,21/01/2025,28/02/2025,,116500.0,19.1,GBP,01/03/2025 17:37
PL-002454,3824,23537,28,London,22/01/2025,03/04/2025,,132500.0,20.5,GBP,05/04/2025 10:26
PL-002455,3739,23079,55,London,23/01/2025,22/02/2025,,77100.0,18.5,GBP,25/02/2025 12:40
PL-002456,3813,23714,22,Manchester,23/01/2025,06/03/2025,,59300.0,19.1,GBP,07/03/2025 15:50
PL-002457,3866,24226,114,Paris,23/01/2025,12/03/2025,,92600.0,16.5,EUR,15/03/2025 19:19
PL-002458,3820,23864,146,New York,24/01/2025,09/03/2025,,142800.0,20.4,USD,09/03/2025 16:42
PL-002459,3739,23454,55,London,25/01/2025,27/02/2025,,85700.0,21.6,GBP,28/02/2025 10:20
PL-002460,3863,24207,52,London,25/01/2025,19/03/2025,,101800.0,21.7,GBP,19/03/2025 16:57
PL-002461,3878,24362,95,Brussels,25/01/2025,21/03/2025,,69300.0,17.1,EUR,22/03/2025 14:24
PL-002462,3835,23935,162,New York,26/01/2025,28/02/2025,,181500.0,18.5,USD,28/02/2025 18:45
PL-002463,3839,24043,150,New York,26/01/2025,28/02/2025,,107300.0,17.4,USD,03/03/2025 20:45
PL-002464,3766,23537,22,Manchester,27/01/2025,14/04/2025,,99600.0,19.5,GBP,14/04/2025 12:26
PL-002465,3883,24150,151,New York,27/01/2025,21/04/2025,,165000.0,19.5,USD,24/04/2025 18:28
PL-002466,3806,23880,135,Zurich,28/01/2025,25/02/2025,,121000.0,18.6,CHF,26/02/2025 19:54
PL-002467,3833,24107,90,Brussels,28/01/2025,16/03/2025,,107900.0,18.5,EUR,19/03/2025 11:56
PL-002468,3920,24318,71,Dublin,28/01/2025,07/03/2025,,100900.0,20.9,EUR,10/03/2025 12:47
PL-002469,3779,23769,56,London,30/01/2025,06/04/2025,,115000.0,19.5,GBP,07/04/2025 10:54
PL-002470,3859,24176,53,London,30/01/2025,08/04/2025,,106200.0,22.1,GBP,10/04/2025 13:41
PL-002471,3790,23774,8,Manchester,31/01/2025,29/03/2025,,47500.0,24.8,GBP,29/03/2025 08:38
PL-002472,3840,24023,198,Singapore,31/01/2025,25/04/2025,,126100.0,19.0,SGD,26/04/2025 10:38
PL-002473,3863,23944,52,London,31/01/2025,15/03/2025,,90200.0,18.3,GBP,16/03/2025 11:15
PL-002474,3960,22254,115,Paris,31/01/2025,03/03/2025,,74500.0,18.6,EUR,04/03/2025 18:35
PL-002475,3827,23983,26,Manchester,01/02/2025,07/04/2025,,91500.0,19.3,GBP,10/04/2025 11:21
PL-002476,3869,24121,194,Singapore,01/02/2025,30/03/2025,,110900.0,19.7,SGD,02/04/2025 17:45
PL-002477,3904,24433,102,Madrid,02/02/2025,19/04/2025,,54500.0,16.4,EUR,21/04/2025 14:19
PL-002478,3915,23011,207,Malaysia,02/02/2025,19/03/2025,,207900.0,18.3,MYR,19/03/2025 07:05
PL-002479,3932,24677,209,Malaysia,02/02/2025,14/03/2025,,156200.0,19.1,MYR,16/03/2025 15:41
PL-002480,3808,21746,179,Charlotte,03/02/2025,10/03/2025,,82600.0,16.7,USD,12/03/2025 11:52
PL-002481,3805,23337,100,Madrid,04/02/2025,22/03/2025,06/05/2025,97300.0,17.7,EUR,07/05/2025 13:40
PL-002482,3854,24071,152,New York,04/02/2025,29/03/2025,,141000.0,21.6,USD,30/03/2025 09:19
PL-002483,3860,23419,145,Zurich,04/02/2025,26/04/2025,,109400.0,18.3,CHF,29/04/2025 10:26
PL-002484,3861,23975,170,New York,04/02/2025,17/03/2025,,180900.0,21.2,USD,19/03/2025 12:54
PL-002485,3885,46779,44,London,05/02/2025,22/03/2025,02/06/2025,78500.0,16.6,GBP,04/06/2025 08:52
PL-002486,3889,24219,4,Manchester,05/02/2025,29/03/2025,,80400.0,17.9,GBP,29/03/2025 11:02
PL-002487,3857,21396,101,Madrid,06/02/2025,17/03/2025,,85900.0,21.1,EUR,20/03/2025 17:08
PL-002488,3969,24725,212,Malaysia,06/02/2025,23/04/2025,,150800.0,17.4,MYR,23/04/2025 09:35
PL-002489,3810,23048,186,Hong Kong,07/02/2025,04/04/2025,,690600.0,16.6,HKD,07/04/2025 19:03
PL-002490,3865,24162,61,London,07/02/2025,09/04/2025,,134500.0,22.1,GBP,12/04/2025 09:59
PL-002491,3905,22035,125,Paris,08/02/2025,30/04/2025,,102100.0,18.6,EUR,30/04/2025 16:48
PL-002492,4021,23127,79,Amsterdam,08/02/2025,05/04/2025,,111400.0,24.2,EUR,08/04/2025 14:28
PL-002493,3868,46717,106,Paris,09/02/2025,14/03/2025,,77100.0,16.1,EUR,15/03/2025 18:34
PL-002494,3906,22823,188,Hong Kong,09/02/2025,09/04/2025,,730100.0,16.2,HKD,12/04/2025 14:39
PL-002495,3907,24330,198,Singapore,09/02/2025,04/04/2025,,159500.0,18.2,SGD,05/04/2025 08:24
PL-002496,3924,24543,13,Manchester,09/02/2025,25/03/2025,,93000.0,18.0,GBP,25/03/2025 19:34
PL-002497,3943,23796,80,Amsterdam,09/02/2025,13/04/2025,,74400.0,18.6,EUR,14/04/2025 11:55
PL-002498,3996,24786,4,Manchester,09/02/2025,23/03/2025,10/06/2025,50200.0,17.4,GBP,11/06/2025 11:43
PL-002499,4010,24748,178,Charlotte,10/02/2025,13/04/2025,,117100.0,18.7,USD,14/04/2025 11:37
PL-002500,3874,24186,11,Manchester,11/02/2025,30/03/2025,08/05/2025,75800.0,22.3,GBP,11/05/2025 19:57
PL-002501,3900,21773,200,Singapore,11/02/2025,27/03/2025,,125800.0,15.8,SGD,29/03/2025 12:46
PL-002502,3931,23637,198,Singapore,11/02/2025,23/04/2025,,176300.0,18.1,SGD,26/04/2025 16:08
PL-002503,3990,24670,11,Manchester,11/02/2025,26/04/2025,,83000.0,16.2,GBP,29/04/2025 16:49
PL-002504,3876,24059,140,Zurich,12/02/2025,16/03/2025,,142600.0,20.4,CHF,16/03/2025 16:06
PL-002505,3888,24324,125,Paris,12/02/2025,25/03/2025,,92800.0,17.5,EUR,25/03/2025 12:58
PL-002506,3896,24344,169,New York,13/02/2025,28/04/2025,,155300.0,23.7,USD,30/04/2025 10:05
PL-002507,3903,24504,43,London,13/02/2025,27/04/2025,30/04/2025,87700.0,18.0,GBP,02/05/2025 12:03
PL-002508,3923,21440,166,New York,13/02/2025,07/04/2025,,231900.0,17.3,USD,08/04/2025 08:06
PL-002509,3926,24751,166,New York,13/02/2025,26/04/2025,,141300.0,23.3,USD,29/04/2025 10:28
PL-002510,3940,24453,171,New York,14/02/2025,30/03/2025,,175400.0,21.9,USD,30/03/2025 15:01
PL-002511,3964,24819,24,Manchester,14/02/2025,16/03/2025,,87500.0,18.8,GBP,19/03/2025 07:05
PL-002512,3980,24951,195,Singapore,14/02/2025,20/04/2025,,117600.0,20.2,SGD,23/04/2025 08:37
PL-002513,4046,25147,178,Charlotte,14/02/2025,22/04/2025,,85200.0,17.0,USD,22/04/2025 13:54
PL-002514,3919,24597,61,London,15/02/2025,21/03/2025,,82200.0,16.5,GBP,22/03/2025 17:54
PL-002515,3930,24448,66,Dublin,15/02/2025,25/03/2025,,75700.0,17.9,EUR,26/03/2025 07:23
PL-002516,3838,21871,123,Paris,16/02/2025,03/05/2025,,98600.0,18.0,EUR,04/05/2025 12:19
PL-002517,3841,21983,12,Manchester,16/02/2025,28/04/2025,,46800.0,17.7,GBP,29/04/2025 20:45
PL-002518,3873,24292,134,Zurich,16/02/2025,02/05/2025,,160600.0,17.8,CHF,03/05/2025 17:48
PL-002519,3893,24121,187,Hong Kong,16/02/2025,04/05/2025,,617800.0,22.6,HKD,06/05/2025 17:54
PL-002520,3871,24291,48,London,17/02/2025,25/04/2025,,96000.0,16.6,GBP,25/04/2025 20:45
PL-002521,3900,24502,200,Singapore,17/02/2025,16/04/2025,21/05/2025,138200.0,17.6,SGD,21/05/2025 11:55
PL-002522,3900,24534,200,Singapore,17/02/2025,18/04/2025,21/05/2025,136700.0,16.1,SGD,23/05/2025 18:09
PL-002523,3933,24572,37,London,17/02/2025,23/03/2025,,75700.0,18.0,GBP,26/03/2025 15:01
PL-002524,3844,24002,93,Brussels,18/02/2025,08/04/2025,,97700.0,19.6,EUR,09/04/2025 12:25
PL-002525,3891,24254,137,Zurich,18/02/2025,29/03/2025,,145100.0,20.7,CHF,01/04/2025 20:54
PL-002526,3981,24410,212,Malaysia,18/02/2025,06/05/2025,,127300.0,17.0,MYR,06/05/2025 19:10
PL-002527,3982,24923,25,Manchester,18/02/2025,23/04/2025,,93000.0,19.8,GBP,23/04/2025 09:44
PL-002528,3887,24193,209,Malaysia,19/02/2025,23/04/2025,20/06/2025,155700.0,15.7,MYR,22/06/2025 11:29
PL-002529,3956,24866,139,Zurich,19/02/2025,03/04/2025,,122800.0,19.9,CHF,05/04/2025 18:13
PL-002530,3965,24985,42,London,19/02/2025,30/03/2025,,85600.0,17.6,GBP,31/03/2025 09:18
PL-002531,3894,21683,189,Hong Kong,20/02/2025,07/05/2025,11/05/2025,617800.0,18.2,HKD,13/05/2025 20:47
PL-002532,3944,24709,84,Amsterdam,20/02/2025,13/04/2025,,107800.0,23.1,EUR,16/04/2025 20:28
PL-002533,3947,24767,121,Paris,20/02/2025,31/03/2025,,58300.0,20.5,EUR,31/03/2025 08:59
PL-002534,3953,24581,98,Madrid,20/02/2025,24/04/2025,,95200.0,19.0,EUR,27/04/2025 15:48
PL-002535,3998,24789,52,London,20/02/2025,28/04/2025,23/06/2025,94400.0,21.1,GBP,25/06/2025 10:13
PL-002536,3949,24940,14,Manchester,21/02/2025,11/05/2025,,72600.0,21.7,GBP,12/05/2025 09:31
PL-002537,4113,25487,52,London,21/02/2025,29/03/2025,,83800.0,16.1,GBP,31/03/2025 17:52
PL-002538,3901,24402,1,Manchester,22/02/2025,27/04/2025,,113300.0,23.5,GBP,27/04/2025 15:27
PL-002539,3945,24856,98,Madrid,22/02/2025,24/03/2025,,95700.0,20.1,EUR,26/03/2025 14:39
PL-002540,4005,25001,2,Manchester,22/02/2025,29/03/2025,,56600.0,22.6,GBP,30/03/2025 19:01
PL-002541,4038,25283,147,New York,22/02/2025,30/04/2025,,128300.0,18.2,USD,01/05/2025 09:59
PL-002542,3917,22525,174,Charlotte,23/02/2025,23/04/2025,,83600.0,18.3,USD,26/04/2025 17:35
PL-002543,3978,24734,30,London,23/02/2025,27/03/2025,,75200.0,18.7,GBP,27/03/2025 07:54
PL-002544,4146,25703,44,London,23/02/2025,25/03/2025,,99200.0,18.5,GBP,28/03/2025 09:03
PL-002545,3968,24620,146,New York,24/02/2025,19/05/2025,,147300.0,16.6,USD,19/05/2025 12:45
PL-002546,4020,24944,30,London,24/02/2025,05/05/2025,,102600.0,19.9,GBP,08/05/2025 12:33
PL-002547,3970,24728,83,Amsterdam,25/02/2025,26/03/2025,,106500.0,22.3,EUR,26/03/2025 19:29
PL-002548,3870,24183,31,London,26/02/2025,25/04/2025,,111400.0,18.0,GBP,25/04/2025 16:56
PL-002549,3907,24566,198,Singapore,26/02/2025,04/05/2025,,151000.0,19.2,SGD,05/05/2025 10:40
PL-002550,3962,22096,199,Singapore,26/02/2025,12/04/2025,,159200.0,18.3,SGD,13/04/2025 09:52
PL-002551,4029,25243,129,Paris,26/02/2025,21/04/2025,,81400.0,21.3,EUR,22/04/2025 08:22
PL-002552,4068,25365,194,Singapore,26/02/2025,25/04/2025,27/06/2025,154500.0,19.6,SGD,28/06/2025 09:08
PL-002553,3963,24585,20,Manchester,27/02/2025,01/04/2025,,90100.0,19.1,GBP,01/04/2025 13:12
PL-002554,4017,23933,183,Hong Kong,27/02/2025,11/04/2025,,751700.0,20.7,HKD,14/04/2025 10:13
PL-002555,4045,25076,175,Charlotte,27/02/2025,20/04/2025,,81900.0,18.1,USD,21/04/2025 14:48
PL-002556,3918,24568,15,Manchester,28/02/2025,11/05/2025,,80800.0,17.8,GBP,14/05/2025 16:22
PL-002557,3938,24421,102,Madrid,28/02/2025,30/04/2025,,88900.0,20.9,EUR,01/05/2025 12:31
PL-002558,3948,24578,158,New York,28/02/2025,29/03/2025,,110400.0,18.3,USD,30/03/2025 12:40
PL-002559,4123,25494,81,Amsterdam,28/02/2025,15/04/2025,,92700.0,16.9,EUR,15/04/2025 08:09
PL-002560,3924,24701,13,Manchester,01/03/2025,28/04/2025,,89400.0,18.2,GBP,01/05/2025 09:47
PL-002561,4011,23972,7,Manchester,01/03/2025,21/05/2025,,84200.0,16.9,GBP,24/05/2025 09:25
PL-002562,4012,25274,38,London,01/03/2025,01/04/2025,13/06/2025,104700.0,17.9,GBP,13/06/2025 10:48
PL-002563,4054,25289,97,Madrid,01/03/2025,21/05/2025,,92200.0,17.7,EUR,22/05/2025 10:32
PL-002564,4083,25551,75,Dublin,01/03/2025,13/05/2025,,95300.0,18.6,EUR,16/05/2025 10:33
PL-002565,3934,24417,60,London,02/03/2025,03/04/2025,,87600.0,19.3,GBP,05/04/2025 18:41
PL-002566,3957,24661,152,New York,02/03/2025,11/05/2025,,116600.0,16.6,USD,12/05/2025 10:02
PL-002567,3957,23843,152,New York,02/03/2025,29/04/2025,,115500.0,23.1,USD,30/04/2025 09:26
PL-002568,4004,24890,209,Malaysia,02/03/2025,04/05/2025,,210500.0,18.7,MYR,07/05/2025 20:27
PL-002569,4056,25119,134,Zurich,02/03/2025,25/05/2025,,133700.0,18.4,CHF,27/05/2025 16:18
PL-002570,4091,24356,147,New York,02/03/2025,30/03/2025,,115300.0,16.1,USD,01/04/2025 09:32
PL-002571,3929,24604,41,London,03/03/2025,25/04/2025,,102800.0,19.1,GBP,27/04/2025 12:58
PL-002572,4040,25179,15,Manchester,03/03/2025,16/04/2025,,86100.0,21.0,GBP,17/04/2025 18:18
PL-002573,4058,25228,183,Hong Kong,03/03/2025,19/05/2025,,565200.0,18.3,HKD,21/05/2025 07:43
PL-002574,3973,24589,100,Madrid,04/03/2025,09/05/2025,,78200.0,17.9,EUR,10/05/2025 08:39
PL-002575,4006,24747,41,London,04/03/2025,30/04/2025,15/07/2025,89800.0,18.7,GBP,16/07/2025 16:10
PL-002576,4026,25209,82,Amsterdam,04/03/2025,20/04/2025,,94200.0,22.2,EUR,21/04/2025 18:58
PL-002577,4032,25213,9,Manchester,04/03/2025,24/05/2025,,68000.0,22.7,GBP,25/05/2025 18:14
PL-002578,3966,22003,93,Brussels,05/03/2025,06/05/2025,18/05/2025,94000.0,21.0,EUR,19/05/2025 08:21
PL-002579,3985,24956,85,Amsterdam,05/03/2025,27/05/2025,,99000.0,17.0,EUR,28/05/2025 20:55
PL-002580,4000,25166,161,New York,05/03/2025,07/04/2025,,177400.0,23.8,USD,07/04/2025 13:50
PL-002581,4054,25225,97,Madrid,05/03/2025,24/05/2025,,87000.0,18.6,EUR,27/05/2025 15:32
PL-002582,4120,25918,15,Manchester,06/03/2025,15/05/2025,,54500.0,18.9,GBP,16/05/2025 10:42
PL-002583,4015,25005,101,Madrid,07/03/2025,25/04/2025,,95500.0,16.9,EUR,27/04/2025 20:30
PL-002584,4047,25457,179,Charlotte,07/03/2025,18/04/2025,12/06/2025,81400.0,15.9,USD,12/06/2025 15:16
PL-002585,4132,25651,76,Dublin,07/03/2025,07/05/2025,,91500.0,20.9,EUR,09/05/2025 15:15
PL-002586,4065,24683,61,London,08/03/2025,28/05/2025,,93800.0,21.4,GBP,28/05/2025 14:16
PL-002587,4073,25368,42,London,08/03/2025,14/05/2025,,93700.0,20.7,GBP,16/05/2025 09:35
PL-002588,4086,23133,208,Malaysia,08/03/2025,11/05/2025,,190000.0,17.9,MYR,13/05/2025 14:40
PL-002589,4122,25802,62,London,08/03/2025,10/04/2025,,133900.0,16.5,GBP,12/04/2025 09:35
PL-002590,3938,24649,102,Madrid,09/03/2025,01/06/2025,27/06/2025,87900.0,20.3,EUR,29/06/2025 08:59
PL-002591,3976,24732,184,Hong Kong,09/03/2025,16/05/2025,,658000.0,21.7,HKD,18/05/2025 09:07
PL-002592,4058,25189,183,Hong Kong,09/03/2025,24/04/2025,,565700.0,20.9,HKD,27/04/2025 15:02
PL-002593,4072,25265,39,London,09/03/2025,06/04/2025,,70500.0,21.5,GBP,06/04/2025 11:13
PL-002594,4127,25951,150,New York,09/03/2025,30/04/2025,,107400.0,18.8,USD,30/04/2025 10:08
PL-002595,4027,24884,93,Brussels,10/03/2025,17/04/2025,,77700.0,17.7,EUR,20/04/2025 07:41
PL-002596,4030,46566,143,Zurich,10/03/2025,09/04/2025,,154900.0,19.9,CHF,12/04/2025 19:34
PL-002597,4064,25417,22,Manchester,10/03/2025,28/04/2025,,100100.0,19.0,GBP,28/04/2025 11:23
PL-002598,4070,25512,28,London,10/03/2025,16/04/2025,,119800.0,21.8,GBP,17/04/2025 09:44
PL-002599,4129,25536,13,Manchester,10/03/2025,25/04/2025,,51200.0,19.8,GBP,25/04/2025 12:05
PL-002600,4037,25405,143,Zurich,11/03/2025,09/04/2025,,165400.0,20.1,CHF,11/04/2025 15:00
PL-002601,4039,22159,3,Manchester,11/03/2025,15/04/2025,,65900.0,19.8,GBP,15/04/2025 08:35
PL-002602,4049,25384,16,Manchester,11/03/2025,19/04/2025,,87000.0,24.0,GBP,20/04/2025 13:14
PL-002603,4061,25466,135,Zurich,11/03/2025,15/04/2025,,96000.0,17.4,CHF,16/04/2025 12:05
PL-002604,4076,25664,66,Dublin,11/03/2025,20/04/2025,,99500.0,18.3,EUR,23/04/2025 10:13
PL-002605,4079,25428,83,Amsterdam,11/03/2025,22/04/2025,,101200.0,17.3,EUR,25/04/2025 15:42
PL-002606,4087,25144,51,London,11/03/2025,16/05/2025,,78400.0,16.6,GBP,17/05/2025 12:37
PL-002607,4167,23899,83,Amsterdam,11/03/2025,14/05/2025,,104200.0,20.3,EUR,14/05/2025 09:37
PL-002608,3972,23268,100,Madrid,12/03/2025,29/05/2025,,103200.0,20.1,EUR,01/06/2025 20:06
PL-002609,4018,24032,13,Manchester,12/03/2025,13/05/2025,,92300.0,19.1,GBP,16/05/2025 11:15
PL-002610,4065,25192,61,London,12/03/2025,09/05/2025,,86800.0,15.3,GBP,11/05/2025 16:09
PL-002611,4180,26047,14,Manchester,12/03/2025,13/04/2025,,48400.0,15.7,GBP,14/04/2025 19:56
PL-002612,4055,25150,132,Zurich,13/03/2025,07/05/2025,,106700.0,19.6,CHF,07/05/2025 12:47
PL-002613,4093,25557,10,Manchester,13/03/2025,20/05/2025,,78700.0,20.5,GBP,23/05/2025 12:30
PL-002614,4095,25754,85,Amsterdam,13/03/2025,25/04/2025,,83600.0,22.9,EUR,25/04/2025 12:54
PL-002615,4100,23411,65,Dublin,14/03/2025,20/04/2025,,89600.0,19.0,EUR,20/04/2025 11:43
PL-002616,4108,25837,8,Manchester,14/03/2025,02/06/2025,,80800.0,16.2,GBP,03/06/2025 18:46
PL-002617,4109,25484,12,Manchester,14/03/2025,23/05/2025,,60300.0,19.6,GBP,23/05/2025 15:30
PL-002618,4219,26134,137,Zurich,14/03/2025,30/04/2025,,132100.0,16.6,CHF,01/05/2025 10:08
PL-002619,4036,25319,140,Zurich,15/03/2025,15/04/2025,,163100.0,17.7,CHF,17/04/2025 12:45
PL-002620,4044,25380,112,Paris,15/03/2025,08/05/2025,,98200.0,20.4,EUR,11/05/2025 14:38
PL-002621,4078,25302,82,Amsterdam,15/03/2025,25/04/2025,,103500.0,19.5,EUR,26/04/2025 12:01
PL-002622,4126,23065,144,Zurich,15/03/2025,20/04/2025,,140700.0,19.3,CHF,20/04/2025 10:22
PL-002623,4137,25993,179,Charlotte,16/03/2025,18/04/2025,,83800.0,19.7,USD,21/04/2025 12:16
PL-002624,4142,25611,31,London,16/03/2025,15/05/2025,21/07/2025,78300.0,19.9,GBP,24/07/2025 14:13
PL-002625,3961,24584,170,New York,17/03/2025,14/04/2025,,156900.0,16.5,USD,15/04/2025 12:20
PL-002626,4075,25548,64,Dublin,17/03/2025,04/06/2025,,81400.0,17.9,EUR,05/06/2025 09:50
PL-002627,4149,25659,107,Paris,17/03/2025,29/05/2025,,101300.0,18.0,EUR,29/05/2025 15:33
PL-002628,4025,23969,73,Dublin,18/03/2025,29/04/2025,,69000.0,16.0,EUR,29/04/2025 16:54
PL-002629,4052,25287,208,Malaysia,18/03/2025,21/05/2025,,218300.0,22.8,MYR,23/05/2025 17:09
PL-002630,4169,25785,97,Madrid,18/03/2025,27/05/2025,,90500.0,20.4,EUR,30/05/2025 08:40
PL-002631,4249,26399,212,Malaysia,18/03/2025,03/06/2025,,227800.0,23.2,MYR,04/06/2025 13:02
PL-002632,4081,25236,187,Hong Kong,19/03/2025,31/05/2025,,628600.0,17.3,HKD,02/06/2025 19:49
PL-002633,4090,25345,99,Madrid,19/03/2025,22/05/2025,,60800.0,19.1,EUR,23/05/2025 08:30
PL-002634,4104,25835,112,Paris,19/03/2025,29/05/2025,,73800.0,21.7,EUR,29/05/2025 07:19
PL-002635,4114,25689,59,London,19/03/2025,13/05/2025,,69300.0,21.0,GBP,14/05/2025 09:54
PL-002636,4118,25602,134,Zurich,19/03/2025,03/06/2025,,98000.0,18.7,CHF,03/06/2025 14:11
PL-002637,4147,25928,90,Brussels,19/03/2025,26/04/2025,,109400.0,24.0,EUR,27/04/2025 20:06
PL-002638,4152,26000,61,London,19/03/2025,05/05/2025,,119200.0,18.0,GBP,08/05/2025 18:11
PL-002639,4214,26284,9,Manchester,19/03/2025,05/06/2025,,74300.0,17.3,GBP,08/06/2025 19:50
PL-002640,4231,26222,210,Malaysia,19/03/2025,11/06/2025,,120500.0,19.9,MYR,11/06/2025 16:46
PL-002641,4077,25514,67,Dublin,20/03/2025,16/05/2025,,85800.0,16.8,EUR,19/05/2025 08:21
PL-002642,4117,25763,128,Paris,20/03/2025,26/04/2025,,80800.0,18.1,EUR,29/04/2025 20:35
PL-002643,4123,25919,81,Amsterdam,20/03/2025,10/06/2025,,91400.0,17.7,EUR,11/06/2025 19:59
PL-002644,4206,26345,76,Dublin,20/03/2025,19/04/2025,,85100.0,21.6,EUR,21/04/2025 18:46
PL-002645,4174,26008,4,Manchester,21/03/2025,04/05/2025,,122300.0,16.7,GBP,05/05/2025 09:07
PL-002646,4231,26390,210,Malaysia,21/03/2025,31/05/2025,,125000.0,18.1,MYR,02/06/2025 20:19
PL-002647,4131,25605,55,London,22/03/2025,13/06/2025,,114500.0,18.1,GBP,13/06/2025 08:39
PL-002648,4139,25738,201,Singapore,22/03/2025,16/05/2025,,119200.0,15.3,SGD,19/05/2025 10:45
PL-002649,4106,25889,150,New York,23/03/2025,08/05/2025,,120300.0,19.9,USD,10/05/2025 13:30
PL-002650,4124,25767,102,Madrid,23/03/2025,12/05/2025,,64600.0,17.8,EUR,14/05/2025 13:40
PL-002651,4158,25935,42,London,23/03/2025,29/05/2025,,72800.0,17.5,GBP,29/05/2025 16:16
PL-002652,4187,26307,184,Hong Kong,23/03/2025,29/04/2025,,501400.0,,HKD,29/04/2025 09:20
PL-002653,4245,26588,6,Manchester,23/03/2025,22/04/2025,,64000.0,16.4,GBP,25/04/2025 14:38
PL-002654,4115,25690,60,London,24/03/2025,24/05/2025,,108500.0,23.4,GBP,26/05/2025 18:59
PL-002655,4121,25705,48,London,24/03/2025,03/06/2025,,96200.0,17.8,GBP,05/06/2025 07:43
PL-002656,4157,25962,13,Manchester,24/03/2025,30/05/2025,,58000.0,20.1,GBP,31/05/2025 17:47
PL-002657,4200,25943,134,Zurich,24/03/2025,22/05/2025,,86300.0,19.9,CHF,22/05/2025 12:17
PL-002658,4143,25899,83,Amsterdam,25/03/2025,26/05/2025,,85600.0,17.9,EUR,28/05/2025 16:25
PL-002659,4168,25747,88,Brussels,25/03/2025,23/05/2025,,84600.0,22.5,EUR,26/05/2025 17:34
PL-002660,4178,25788,142,Zurich,25/03/2025,26/04/2025,,134200.0,19.1,CHF,26/04/2025 09:08
PL-002661,4041,25322,48,London,26/03/2025,18/05/2025,,89400.0,21.7,GBP,21/05/2025 09:46
PL-002662,4196,26124,7,Manchester,26/03/2025,14/05/2025,,70100.0,18.4,GBP,16/05/2025 10:03
PL-002663,4235,26548,121,Paris,27/03/2025,08/05/2025,,94200.0,17.4,EUR,11/05/2025 16:02
PL-002664,4084,25669,137,Zurich,28/03/2025,05/06/2025,,98600.0,17.5,CHF,06/06/2025 16:43
PL-002665,4165,26005,22,Manchester,28/03/2025,06/05/2025,,68800.0,19.5,GBP,08/05/2025 10:34
PL-002666,4224,23482,53,London,28/03/2025,11/05/2025,,107400.0,22.7,GBP,12/05/2025 10:51
PL-002667,4088,25431,59,London,29/03/2025,21/06/2025,,110300.0,17.4,GBP,21/06/2025 11:48
PL-002668,4095,25434,85,Amsterdam,29/03/2025,03/05/2025,,77000.0,23.7,EUR,03/05/2025 08:17
PL-002669,4170,26007,101,Madrid,29/03/2025,12/05/2025,08/06/2025,104900.0,17.0,EUR,10/06/2025 13:43
PL-002670,4172,25876,2,Manchester,29/03/2025,05/06/2025,,79500.0,17.0,GBP,07/06/2025 16:05
PL-002671,4210,25172,8,Manchester,29/03/2025,19/05/2025,07/07/2025,65100.0,18.4,GBP,09/07/2025 20:46
PL-002672,4261,26335,85,Amsterdam,29/03/2025,20/05/2025,,116700.0,16.9,EUR,22/05/2025 09:59
PL-002673,4236,26472,132,Zurich,30/03/2025,27/04/2025,,116900.0,23.7,CHF,30/04/2025 20:17
PL-002674,4323,26797,14,Manchester,30/03/2025,06/05/2025,,61200.0,21.1,GBP,07/05/2025 10:26
PL-002675,4141,25653,1,Manchester,31/03/2025,14/06/2025,,110400.0,17.0,GBP,14/06/2025 18:16
PL-002676,4204,26315,56,London,31/03/2025,07/06/2025,,140100.0,22.7,GBP,10/06/2025 17:10
PL-002677,4230,26142,163,New York,31/03/2025,22/05/2025,,145200.0,17.9,USD,22/05/2025 12:17
PL-002678,4243,26439,139,Zurich,31/03/2025,21/05/2025,,91100.0,23.1,CHF,22/05/2025 08:26
PL-002679,4278,26496,26,Manchester,31/03/2025,04/06/2025,,110900.0,20.0,GBP,05/06/2025 17:22
PL-002680,4098,25682,166,New York,01/04/2025,06/05/2025,,226700.0,19.8,USD,08/05/2025 17:18
PL-002681,4156,26035,198,Singapore,02/04/2025,06/06/2025,,160500.0,16.2,SGD,09/06/2025 11:59
PL-002682,4163,24800,147,New York,03/04/2025,15/06/2025,29/06/2025,152000.0,18.2,USD,30/06/2025 10:36
PL-002683,4191,26080,111,Paris,03/04/2025,16/05/2025,,138600.0,16.9,EUR,18/05/2025 15:08
PL-002684,4232,26135,20,Manchester,03/04/2025,26/06/2025,,74000.0,20.1,GBP,26/06/2025 11:05
PL-002685,4240,23941,35,London,03/04/2025,11/06/2025,,107900.0,18.6,GBP,12/06/2025 08:45
PL-002686,4248,25102,151,New York,03/04/2025,07/06/2025,,177000.0,21.1,USD,07/06/2025 16:53
PL-002687,4267,26564,165,New York,03/04/2025,30/05/2025,,124800.0,16.0,USD,30/05/2025 14:29
PL-002688,4268,26490,184,Hong Kong,03/04/2025,10/05/2025,,823600.0,18.2,HKD,13/05/2025 11:34
PL-002689,4277,26494,4,Manchester,03/04/2025,19/05/2025,08/07/2025,85100.0,23.1,GBP,08/07/2025 12:41
PL-002690,4289,26722,71,Dublin,03/04/2025,01/06/2025,,75800.0,15.7,EUR,02/06/2025 12:36
PL-002691,4160,26002,91,Brussels,04/04/2025,25/05/2025,29/07/2025,109600.0,17.2,EUR,29/07/2025 20:00
PL-002692,4198,25409,56,London,04/04/2025,07/06/2025,,130300.0,19.1,GBP,07/06/2025 19:12
PL-002693,4265,23750,136,Zurich,04/04/2025,06/05/2025,,133600.0,20.1,CHF,09/05/2025 15:42
PL-002694,4282,46661,153,New York,04/04/2025,27/05/2025,,110900.0,19.0,USD,30/05/2025 10:23
PL-002695,4300,26725,62,London,04/04/2025,11/05/2025,,62300.0,18.4,GBP,14/05/2025 11:13
PL-002696,4159,25778,43,London,05/04/2025,10/05/2025,,87800.0,20.5,GBP,12/05/2025 14:26
PL-002697,4182,26162,130,Paris,05/04/2025,02/06/2025,,96400.0,23.6,EUR,03/06/2025 12:54
PL-002698,4209,26347,187,Hong Kong,05/04/2025,16/06/2025,,840800.0,19.5,HKD,18/06/2025 17:11
PL-002699,4217,24826,67,Dublin,05/04/2025,12/06/2025,,97500.0,17.8,EUR,14/06/2025 16:52
PL-002700,4095,25678,85,Amsterdam,06/04/2025,16/06/2025,27/08/2025,86700.0,23.1,EUR,29/08/2025 16:35
PL-002701,4135,25698,75,Dublin,06/04/2025,19/05/2025,,92400.0,19.4,EUR,20/05/2025 08:47
PL-002702,4163,26004,147,New York,06/04/2025,11/05/2025,15/05/2025,133200.0,17.2,USD,15/05/2025 10:02
PL-002703,4177,23789,80,Amsterdam,06/04/2025,27/06/2025,,102700.0,17.3,EUR,27/06/2025 18:49
PL-002704,4190,26120,25,Manchester,06/04/2025,21/06/2025,,92100.0,23.1,GBP,21/06/2025 14:17
PL-002705,4199,26244,107,Paris,06/04/2025,11/06/2025,,97800.0,21.4,EUR,11/06/2025 14:12
PL-002706,4205,26214,73,Dublin,06/04/2025,15/05/2025,,56600.0,22.2,EUR,17/05/2025 10:52
PL-002707,4253,26363,98,Madrid,06/04/2025,02/06/2025,,77000.0,19.6,EUR,04/06/2025 15:08
PL-002708,4321,26925,178,Charlotte,06/04/2025,14/06/2025,,125700.0,16.0,USD,15/06/2025 08:10
PL-002709,4345,26903,150,New York,06/04/2025,08/06/2025,,136900.0,20.0,USD,10/06/2025 19:19
PL-002710,4208,25986,123,Paris,07/04/2025,05/06/2025,,119800.0,18.7,EUR,08/06/2025 14:05
PL-002711,4223,23687,43,London,07/04/2025,13/06/2025,,105300.0,22.0,GBP,13/06/2025 14:35
PL-002712,4225,25533,59,London,07/04/2025,29/05/2025,,126500.0,18.8,GBP,30/05/2025 19:39
PL-002713,4281,26627,144,Zurich,07/04/2025,18/05/2025,13/07/2025,110200.0,18.6,CHF,14/07/2025 11:41
PL-002714,4173,24090,3,Manchester,08/04/2025,17/05/2025,,76500.0,20.4,GBP,20/05/2025 19:55
PL-002715,4213,26174,2,Manchester,08/04/2025,10/06/2025,,90900.0,15.5,GBP,12/06/2025 17:40
PL-002716,4215,26544,41,London,08/04/2025,22/06/2025,,74300.0,21.0,GBP,24/06/2025 14:07
PL-002717,4254,26303,166,New York,08/04/2025,19/06/2025,,124900.0,17.0,USD,22/06/2025 14:44
PL-002718,4212,26128,159,New York,09/04/2025,23/06/2025,,137900.0,19.9,USD,24/06/2025 13:47
PL-002719,4326,26852,44,London,09/04/2025,21/05/2025,23/05/2025,73300.0,18.3,GBP,25/05/2025 18:14
PL-002720,4186,26048,93,Brussels,10/04/2025,24/06/2025,,120600.0,22.7,EUR,25/06/2025 14:07
PL-002721,4203,26084,48,London,10/04/2025,16/05/2025,,77200.0,17.5,GBP,19/05/2025 20:25
PL-002722,4222,25491,195,Singapore,10/04/2025,01/06/2025,,119700.0,17.1,SGD,02/06/2025 17:56
PL-002723,4283,26656,169,New York,10/04/2025,25/05/2025,,152200.0,17.5,USD,27/05/2025 10:40
PL-002724,4262,26599,95,Brussels,11/04/2025,09/05/2025,,137400.0,17.1,EUR,10/05/2025 19:29
PL-002725,4275,26740,154,New York,11/04/2025,26/06/2025,,149100.0,22.2,USD,26/06/2025 10:23
PL-002726,4410,27424,13,Manchester,11/04/2025,25/06/2025,,74000.0,16.3,GBP,28/06/2025 18:23
PL-002727,4257,26641,11,Manchester,12/04/2025,16/06/2025,,91100.0,16.7,GBP,16/06/2025 14:25
PL-002728,4341,26987,3,Manchester,12/04/2025,19/05/2025,,105700.0,21.6,GBP,21/05/2025 07:42
PL-002729,4387,27198,77,Dublin,12/04/2025,11/06/2025,,60700.0,17.9,EUR,11/06/2025 15:19
PL-002730,4233,26468,92,Brussels,13/04/2025,24/05/2025,,141200.0,23.3,EUR,24/05/2025 18:12
PL-002731,4287,26778,92,Brussels,13/04/2025,15/06/2025,,118700.0,20.0,EUR,17/06/2025 08:57
PL-002732,4333,27109,82,Amsterdam,13/04/2025,24/05/2025,,89400.0,19.7,EUR,25/05/2025 09:35
PL-002733,4148,25901,98,Madrid,14/04/2025,14/06/2025,,68500.0,18.8,EUR,16/06/2025 13:46
PL-002734,4310,24613,143,Zurich,14/04/2025,08/06/2025,,147200.0,17.2,CHF,11/06/2025 17:06
PL-002735,4326,26929,44,London,14/04/2025,15/06/2025,,72900.0,17.1,GBP,16/06/2025 11:00
PL-002736,4276,26651,160,New York,15/04/2025,01/06/2025,04/07/2025,167800.0,19.4,USD,06/07/2025 16:48
PL-002737,4304,26694,106,Paris,15/04/2025,14/05/2025,,100800.0,18.4,EUR,14/05/2025 14:32
PL-002738,4229,26323,162,New York,16/04/2025,31/05/2025,,167400.0,21.4,USD,01/06/2025 13:48
PL-002739,4271,26710,111,Paris,16/04/2025,06/07/2025,,86400.0,20.1,EUR,09/07/2025 14:38
PL-002740,4359,27330,9,Manchester,16/04/2025,01/06/2025,,94100.0,17.8,GBP,04/06/2025 17:08
PL-002741,4237,26583,151,New York,17/04/2025,20/05/2025,,100500.0,20.4,USD,22/05/2025 17:56
PL-002742,4256,26558,194,Singapore,17/04/2025,03/06/2025,,138700.0,21.1,SGD,05/06/2025 10:14
PL-002743,4346,26963,183,Hong Kong,17/04/2025,21/06/2025,,513500.0,16.4,HKD,24/06/2025 20:13
PL-002744,4380,27093,73,Dublin,17/04/2025,05/07/2025,,106300.0,20.4,EUR,05/07/2025 15:26
PL-002745,4328,26956,138,Zurich,18/04/2025,02/06/2025,,118700.0,16.7,CHF,02/06/2025 14:49
PL-002746,4347,26990,198,Singapore,18/04/2025,03/07/2025,,127900.0,24.1,SGD,05/07/2025 09:46
PL-002747,4356,27327,201,Singapore,18/04/2025,02/07/2025,,131400.0,21.1,SGD,02/07/2025 16:06
PL-002748,4358,26967,2,Manchester,18/04/2025,10/06/2025,,54900.0,18.0,GBP,13/06/2025 15:04
PL-002749,4372,27161,134,Zurich,18/04/2025,30/06/2025,,97500.0,21.8,CHF,02/07/2025 11:59
PL-002750,4311,26848,183,Hong Kong,19/04/2025,31/05/2025,,705800.0,21.4,HKD,31/05/2025 10:52
PL-002751,4330,27108,166,New York,19/04/2025,23/05/2025,,186900.0,17.9,USD,23/05/2025 15:53
PL-002752,4331,26892,56,London,19/04/2025,29/05/2025,,84200.0,16.5,GBP,31/05/2025 19:03
PL-002753,4355,26995,86,Amsterdam,19/04/2025,04/06/2025,,87500.0,24.0,EUR,05/06/2025 17:27
PL-002754,4361,26998,94,Brussels,19/04/2025,14/06/2025,,82600.0,15.6,EUR,14/06/2025 11:25
PL-002755,4363,27016,165,New York,19/04/2025,21/05/2025,,155100.0,19.4,USD,24/05/2025 12:14
PL-002756,4376,26087,94,Brussels,19/04/2025,03/07/2025,,79400.0,21.2,EUR,05/07/2025 14:15
PL-002757,4263,26643,97,Madrid,20/04/2025,22/05/2025,,99700.0,18.9,EUR,23/05/2025 12:01
PL-002758,4340,26837,137,Zurich,20/04/2025,06/07/2025,,85200.0,21.7,CHF,08/07/2025 20:53
PL-002759,4406,27395,125,Paris,20/04/2025,11/06/2025,,60500.0,18.5,EUR,11/06/2025 14:24
PL-002760,4406,27421,125,Paris,20/04/2025,08/06/2025,,60200.0,16.0,EUR,09/06/2025 13:54
PL-002761,4291,26818,108,Paris,21/04/2025,23/05/2025,,88900.0,20.8,EUR,26/05/2025 18:45
PL-002762,4298,26786,60,London,23/04/2025,29/05/2025,,106000.0,20.5,GBP,29/05/2025 08:20
PL-002763,4302,27024,81,Amsterdam,23/04/2025,24/06/2025,,107400.0,18.4,EUR,26/06/2025 13:27
PL-002764,4307,26882,74,Dublin,23/04/2025,02/07/2025,,81800.0,20.4,EUR,04/07/2025 13:30
PL-002765,4309,26668,128,Paris,23/04/2025,01/06/2025,,74500.0,22.9,EUR,02/06/2025 07:59
PL-002766,4361,27047,94,Brussels,23/04/2025,09/06/2025,,88400.0,18.5,EUR,09/06/2025 19:28
PL-002767,4375,27478,5,Manchester,23/04/2025,27/05/2025,,77200.0,22.7,GBP,29/05/2025 14:51
PL-002768,4430,25802,44,London,23/04/2025,11/07/2025,,101100.0,22.6,GBP,13/07/2025 10:48
PL-002769,4228,24350,143,Zurich,24/04/2025,11/07/2025,,137700.0,18.9,CHF,11/07/2025 16:54
PL-002770,4240,26616,35,London,24/04/2025,07/06/2025,,119300.0,19.7,GBP,09/06/2025 09:48
PL-002771,4327,26420,102,Madrid,24/04/2025,13/06/2025,,64100.0,15.5,EUR,16/06/2025 07:22
PL-002772,4443,27480,135,Zurich,24/04/2025,06/07/2025,,95000.0,18.2,CHF,06/07/2025 15:34
PL-002773,4324,25507,29,London,25/04/2025,22/06/2025,,80500.0,18.4,GBP,23/06/2025 15:27
PL-002774,4386,25753,75,Dublin,25/04/2025,31/05/2025,,96300.0,19.5,EUR,31/05/2025 09:43
PL-002775,4354,26299,82,Amsterdam,26/04/2025,14/07/2025,,90200.0,22.7,EUR,15/07/2025 07:11
PL-002776,4391,27495,147,New York,26/04/2025,10/06/2025,,138200.0,21.7,USD,10/06/2025 11:00
PL-002777,4332,26983,69,Dublin,27/04/2025,14/07/2025,,100900.0,17.3,EUR,16/07/2025 18:42
PL-002778,4373,27231,210,Malaysia,27/04/2025,03/07/2025,,125200.0,16.4,MYR,05/07/2025 13:19
PL-002779,4399,26812,179,Charlotte,27/04/2025,25/05/2025,,114200.0,19.0,USD,25/05/2025 15:32
PL-002780,4403,27241,194,Singapore,27/04/2025,17/07/2025,,142400.0,22.6,SGD,19/07/2025 15:00
PL-002781,4369,26098,25,Manchester,28/04/2025,19/06/2025,,77000.0,19.0,GBP,20/06/2025 19:36
PL-002782,4379,27166,39,London,28/04/2025,30/06/2025,,70500.0,21.9,GBP,01/07/2025 17:41
PL-002783,4334,27212,114,Paris,29/04/2025,15/07/2025,,74600.0,18.0,EUR,18/07/2025 15:07
PL-002784,4337,26985,208,Malaysia,29/04/2025,08/06/2025,,218000.0,20.2,MYR,11/06/2025 18:02
PL-002785,4343,26899,59,London,29/04/2025,01/07/2025,,72100.0,21.5,GBP,03/07/2025 17:53
PL-002786,4348,27115,1,Manchester,29/04/2025,03/07/2025,,88900.0,16.7,GBP,04/07/2025 16:39
PL-002787,4344,27112,97,Madrid,30/04/2025,17/07/2025,,60700.0,19.4,EUR,17/07/2025 12:06
PL-002788,4419,27544,199,Singapore,30/04/2025,05/07/2025,,148000.0,17.7,SGD,06/07/2025 17:04
PL-002789,4453,26845,52,London,30/04/2025,22/07/2025,,85300.0,18.4,GBP,24/07/2025 11:43
PL-002790,4421,27619,11,Manchester,01/05/2025,05/06/2025,,50100.0,18.9,GBP,06/06/2025 12:49
PL-002791,4440,27782,200,Singapore,01/05/2025,12/06/2025,,132200.0,20.7,SGD,13/06/2025 13:13
PL-002792,4470,27800,51,London,01/05/2025,10/06/2025,,99000.0,18.6,GBP,11/06/2025 19:50
PL-002793,4244,26441,172,New York,02/05/2025,26/06/2025,,167900.0,23.1,USD,27/06/2025 13:12
PL-002794,4435,27407,150,New York,02/05/2025,23/07/2025,,131800.0,19.0,USD,26/07/2025 17:23
PL-002795,4454,27600,84,Amsterdam,02/05/2025,14/06/2025,,104400.0,17.6,EUR,15/06/2025 16:43
PL-002796,4377,27447,129,Paris,03/05/2025,26/06/2025,,83900.0,21.9,EUR,29/06/2025 12:40
PL-002797,4329,26106,144,Zurich,04/05/2025,12/06/2025,,175600.0,22.3,CHF,13/06/2025 13:43
PL-002798,4339,27073,102,Madrid,04/05/2025,08/07/2025,,97700.0,20.9,EUR,08/07/2025 13:22
PL-002799,4351,27288,179,Charlotte,04/05/2025,24/07/2025,,121000.0,17.9,USD,24/07/2025 08:27
PL-002800,4393,27417,199,Singapore,04/05/2025,05/06/2025,,106400.0,20.2,SGD,08/06/2025 12:26
PL-002801,4401,24743,187,Hong Kong,04/05/2025,17/07/2025,,675700.0,19.1,HKD,19/07/2025 11:08
PL-002802,4315,26920,90,Brussels,05/05/2025,23/07/2025,,139300.0,18.2,EUR,24/07/2025 16:18
PL-002803,4420,26252,209,Malaysia,05/05/2025,24/07/2025,15/10/2025,160100.0,17.4,MYR,15/10/2025 17:43
PL-002804,4445,27657,158,New York,05/05/2025,18/07/2025,,160400.0,21.7,USD,21/07/2025 07:19
PL-002805,4292,26783,123,Paris,06/05/2025,04/06/2025,,79400.0,19.0,EUR,07/06/2025 15:56
PL-002806,4352,27080,29,London,06/05/2025,28/06/2025,,136300.0,20.5,GBP,30/06/2025 18:20
PL-002807,4398,24617,101,Madrid,06/05/2025,25/06/2025,13/07/2025,83900.0,19.3,EUR,13/07/2025 17:21
PL-002808,4450,27629,136,Zurich,06/05/2025,07/06/2025,19/07/2025,170500.0,20.7,CHF,19/07/2025 09:29
PL-002809,4453,27662,52,London,06/05/2025,23/06/2025,,85200.0,23.2,GBP,23/06/2025 07:21
PL-002810,4385,27096,151,New York,07/05/2025,10/06/2025,,130100.0,18.5,USD,10/06/2025 14:56
PL-002811,4448,27819,93,Brussels,07/05/2025,20/07/2025,,77400.0,19.5,EUR,21/07/2025 07:19
PL-002812,4475,25250,165,New York,07/05/2025,06/06/2025,,166100.0,17.1,USD,09/06/2025 12:04
PL-002813,4504,28089,115,Paris,07/05/2025,27/06/2025,,100400.0,22.7,EUR,27/06/2025 13:07
PL-002814,4495,27088,51,London,09/05/2025,21/06/2025,03/09/2025,104400.0,19.3,GBP,03/09/2025 08:02
PL-002815,4498,27884,29,London,09/05/2025,09/06/2025,,115200.0,19.1,GBP,09/06/2025 16:50
PL-002816,4362,25400,135,Zurich,10/05/2025,28/07/2025,,142700.0,17.1,CHF,30/07/2025 10:38
PL-002817,4395,27573,75,Dublin,10/05/2025,06/07/2025,,59000.0,19.4,EUR,07/07/2025 15:44
PL-002818,4412,27738,53,London,10/05/2025,13/06/2025,,124000.0,18.8,GBP,14/06/2025 18:09
PL-002819,4438,26923,30,London,10/05/2025,24/07/2025,,112000.0,19.9,GBP,27/07/2025 10:56
PL-002820,4464,27668,200,Singapore,10/05/2025,17/07/2025,,132200.0,15.7,SGD,19/07/2025 19:46
PL-002821,4496,28030,76,Dublin,10/05/2025,20/06/2025,,64100.0,15.9,EUR,23/06/2025 09:47
PL-002822,4519,28040,142,Zurich,10/05/2025,07/06/2025,,163200.0,17.7,CHF,09/06/2025 11:50
PL-002823,4405,27462,66,Dublin,11/05/2025,21/07/2025,,86300.0,15.9,EUR,23/07/2025 17:52
PL-002824,4429,27545,200,Singapore,11/05/2025,03/07/2025,,163400.0,19.1,SGD,04/07/2025 10:59
PL-002825,4516,25619,199,Singapore,11/05/2025,29/06/2025,,132200.0,22.6,SGD,01/07/2025 09:48
PL-002826,4370,27377,64,Dublin,13/05/2025,03/07/2025,,57600.0,23.4,EUR,05/07/2025 18:18
PL-002827,4421,27743,11,Manchester,13/05/2025,27/07/2025,,50000.0,20.6,GBP,27/07/2025 19:50
PL-002828,4436,27652,8,Manchester,13/05/2025,24/06/2025,,73700.0,18.5,GBP,26/06/2025 15:51
PL-002829,4486,27728,56,London,13/05/2025,23/06/2025,,127600.0,18.3,GBP,25/06/2025 08:33
PL-002830,4489,27897,100,Madrid,13/05/2025,10/07/2025,,90500.0,19.0,EUR,10/07/2025 09:19
PL-002831,4502,28146,15,Manchester,13/05/2025,07/07/2025,,95600.0,20.6,GBP,08/07/2025 14:37
PL-002832,4417,27710,100,Madrid,14/05/2025,02/07/2025,,66900.0,17.2,EUR,05/07/2025 12:57
PL-002833,4426,27475,2,Manchester,14/05/2025,23/06/2025,,63000.0,18.8,GBP,25/06/2025 10:33
PL-002834,4389,27453,160,New York,15/05/2025,23/06/2025,,144400.0,18.9,USD,26/06/2025 16:03
PL-002835,4418,26007,184,Hong Kong,15/05/2025,12/07/2025,,546100.0,17.6,HKD,15/07/2025 16:09
PL-002836,4434,26695,146,New York,15/05/2025,24/06/2025,06/08/2025,155800.0,21.7,USD,07/08/2025 16:54
PL-002837,4461,27858,177,Charlotte,15/05/2025,16/07/2025,,75700.0,20.0,USD,17/07/2025 13:54
PL-002838,4509,28116,55,London,15/05/2025,03/07/2025,,76100.0,20.2,GBP,05/07/2025 20:34
PL-002839,4554,27803,210,Malaysia,15/05/2025,31/07/2025,22/08/2025,170300.0,18.5,MYR,22/08/2025 07:20
PL-002840,4555,28277,24,Manchester,15/05/2025,17/07/2025,,72400.0,20.7,GBP,18/07/2025 16:10
PL-002841,4397,25395,99,Madrid,16/05/2025,22/06/2025,,79600.0,18.8,EUR,24/06/2025 16:52
PL-002842,4494,28082,116,Paris,16/05/2025,01/07/2025,,98400.0,18.6,EUR,03/07/2025 11:36
PL-002843,4432,27651,115,Paris,17/05/2025,18/07/2025,,116200.0,19.7,EUR,21/07/2025 19:47
PL-002844,4505,28255,159,New York,17/05/2025,28/07/2025,,182100.0,17.9,USD,28/07/2025 09:03
PL-002845,4397,27634,99,Madrid,18/05/2025,12/07/2025,,81600.0,17.8,EUR,15/07/2025 08:54
PL-002846,4409,27507,7,Manchester,18/05/2025,02/08/2025,,83600.0,19.3,GBP,02/08/2025 18:07
PL-002847,4460,27724,169,New York,18/05/2025,05/07/2025,,136400.0,19.0,USD,08/07/2025 14:32
PL-002848,4480,27871,76,Dublin,18/05/2025,28/06/2025,,80600.0,21.6,EUR,28/06/2025 11:22
PL-002849,4550,28472,77,Dublin,18/05/2025,16/07/2025,,60600.0,23.0,EUR,17/07/2025 13:38
PL-002850,4472,27893,212,Malaysia,19/05/2025,15/07/2025,,177600.0,19.3,MYR,16/07/2025 17:55
PL-002851,4576,28483,7,Manchester,19/05/2025,01/08/2025,,78200.0,21.2,GBP,02/08/2025 11:33
PL-002852,4407,27164,125,Paris,20/05/2025,26/07/2025,,91300.0,18.3,EUR,28/07/2025 11:56
PL-002853,4459,27602,186,Hong Kong,20/05/2025,06/08/2025,18/10/2025,690700.0,17.0,HKD,21/10/2025 13:01
PL-002854,4500,46567,136,Zurich,20/05/2025,04/07/2025,,144100.0,15.9,CHF,06/07/2025 11:00
PL-002855,4572,26944,187,Hong Kong,20/05/2025,11/07/2025,,982000.0,17.7,HKD,14/07/2025 18:07
PL-002856,4482,27733,177,Charlotte,21/05/2025,01/08/2025,,122700.0,17.9,USD,03/08/2025 11:23
PL-002857,4488,27874,82,Amsterdam,21/05/2025,16/07/2025,,109000.0,16.7,EUR,17/07/2025 11:36
PL-002858,4514,28288,128,Paris,21/05/2025,28/07/2025,,53100.0,19.4,EUR,31/07/2025 12:20
PL-002859,4479,25076,75,Dublin,22/05/2025,06/07/2025,,101000.0,15.6,EUR,09/07/2025 19:52
PL-002860,4533,28354,13,Manchester,22/05/2025,10/08/2025,,62200.0,20.2,GBP,13/08/2025 12:00
PL-002861,4560,28278,12,Manchester,22/05/2025,03/08/2025,,74000.0,16.6,GBP,06/08/2025 11:41
PL-002862,4427,27714,112,Paris,23/05/2025,02/07/2025,,78400.0,20.3,EUR,03/07/2025 16:06
PL-002863,4437,25117,15,Manchester,23/05/2025,06/07/2025,,81800.0,19.2,GBP,08/07/2025 16:30
PL-002864,4481,27831,175,Charlotte,23/05/2025,26/06/2025,,101300.0,21.1,USD,27/06/2025 07:48
PL-002865,4513,28120,26,Manchester,23/05/2025,14/08/2025,,60000.0,20.8,GBP,17/08/2025 17:57
PL-002866,4520,27006,31,London,23/05/2025,02/07/2025,,96200.0,16.8,GBP,02/07/2025 14:49
PL-002867,4458,25089,150,New York,24/05/2025,03/07/2025,,127100.0,19.9,USD,04/07/2025 17:11
PL-002868,4532,28396,9,Manchester,24/05/2025,12/07/2025,,65400.0,22.4,GBP,15/07/2025 10:58
PL-002869,4538,28135,106,Paris,24/05/2025,17/07/2025,,100800.0,18.1,EUR,17/07/2025 10:33
PL-002870,4466,27726,101,Madrid,25/05/2025,05/08/2025,,66100.0,21.3,EUR,06/08/2025 13:33
PL-002871,4587,28522,107,Paris,26/05/2025,03/08/2025,20/08/2025,96500.0,21.7,EUR,21/08/2025 14:39
PL-002872,4603,28855,79,Amsterdam,27/05/2025,10/08/2025,,92100.0,20.8,EUR,10/08/2025 16:10
PL-002873,4485,27873,44,London,28/05/2025,17/08/2025,,89800.0,18.4,GBP,17/08/2025 19:31
PL-002874,4493,27901,85,Amsterdam,28/05/2025,19/08/2025,,87500.0,21.8,EUR,22/08/2025 09:33
PL-002875,4562,28330,25,Manchester,28/05/2025,20/07/2025,,65600.0,19.7,GBP,20/07/2025 10:48
PL-002876,4564,27595,121,Paris,28/05/2025,10/08/2025,,62900.0,16.5,EUR,13/08/2025 07:01
PL-002877,4593,28684,35,London,28/05/2025,11/07/2025,,82600.0,18.6,GBP,11/07/2025 16:07
PL-002878,4392,27308,170,New York,29/05/2025,24/07/2025,,179900.0,18.1,USD,27/07/2025 13:08
PL-002879,4528,28316,144,Zurich,29/05/2025,11/08/2025,,151100.0,15.8,CHF,13/08/2025 15:56
PL-002880,4601,28496,14,Manchester,29/05/2025,12/07/2025,,52400.0,22.4,GBP,12/07/2025 17:41
PL-002881,4522,28349,95,Brussels,30/05/2025,20/07/2025,20/08/2025,148300.0,16.0,EUR,23/08/2025 11:06
PL-002882,4570,25472,94,Brussels,30/05/2025,30/06/2025,,99400.0,19.3,EUR,02/07/2025 17:41
PL-002883,4425,27685,182,Hong Kong,31/05/2025,14/08/2025,,523500.0,19.0,HKD,16/08/2025 15:48
PL-002884,4488,27581,82,Amsterdam,31/05/2025,20/08/2025,,111200.0,16.5,EUR,22/08/2025 18:12
PL-002885,4537,27826,48,London,31/05/2025,14/08/2025,,102600.0,18.0,GBP,16/08/2025 14:52
PL-002886,4618,28697,178,Charlotte,31/05/2025,15/08/2025,,122400.0,20.1,USD,16/08/2025 19:03
PL-002887,4452,27851,195,Singapore,01/06/2025,06/07/2025,,176400.0,16.9,SGD,06/07/2025 13:46
PL-002888,4499,28085,101,Madrid,01/06/2025,25/07/2025,,78200.0,21.2,EUR,27/07/2025 11:41
PL-002889,4524,28233,22,Manchester,01/06/2025,03/08/2025,,86200.0,20.3,GBP,03/08/2025 15:30
PL-002890,4523,28350,4,Manchester,02/06/2025,12/08/2025,25/08/2025,80300.0,22.1,GBP,28/08/2025 11:36
PL-002891,4530,28132,163,New York,02/06/2025,24/08/2025,,134400.0,20.4,USD,25/08/2025 17:48
PL-002892,4551,28245,111,Paris,02/06/2025,03/07/2025,,110400.0,19.2,EUR,04/07/2025 18:39
PL-002893,4558,28305,207,Malaysia,02/06/2025,30/07/2025,,236700.0,17.1,MYR,31/07/2025 14:53
PL-002894,4566,28412,170,New York,02/06/2025,25/07/2025,,128900.0,21.2,USD,28/07/2025 09:43
PL-002895,4577,28485,20,Manchester,02/06/2025,13/07/2025,,72800.0,17.0,GBP,14/07/2025 09:15
PL-002896,4620,28890,140,Zurich,02/06/2025,06/08/2025,,105100.0,18.9,CHF,07/08/2025 15:02
PL-002897,4633,28557,71,Dublin,02/06/2025,31/07/2025,,113200.0,19.4,EUR,01/08/2025 14:00
PL-002898,4546,28217,142,Zurich,03/06/2025,24/07/2025,,122100.0,18.6,CHF,25/07/2025 13:13
PL-002899,4624,28794,151,New York,03/06/2025,16/07/2025,,112200.0,21.2,USD,18/07/2025 20:48
PL-002900,4441,26798,6,Manchester,04/06/2025,06/08/2025,,55500.0,19.8,GBP,08/08/2025 12:32
PL-002901,4512,28258,151,New York,04/06/2025,03/08/2025,,125400.0,16.7,USD,06/08/2025 19:32
PL-002902,4521,28068,59,London,04/06/2025,14/07/2025,,122600.0,18.3,GBP,16/07/2025 08:57
PL-002903,4540,28357,143,Zurich,04/06/2025,16/07/2025,,134600.0,22.4,CHF,18/07/2025 15:16
PL-002904,4549,28301,38,London,04/06/2025,10/08/2025,,85800.0,16.7,GBP,10/08/2025 16:50
PL-002905,4594,27384,39,London,04/06/2025,12/08/2025,,88100.0,23.7,GBP,14/08/2025 09:21
PL-002906,4595,46630,61,London,04/06/2025,17/08/2025,,133400.0,18.3,GBP,18/08/2025 13:55
PL-002907,4631,28899,52,London,04/06/2025,01/08/2025,,104500.0,20.0,GBP,01/08/2025 12:05
PL-002908,4643,29074,134,Zurich,04/06/2025,17/08/2025,,81100.0,17.3,CHF,17/08/2025 13:57
PL-002909,4473,27764,28,London,05/06/2025,28/07/2025,,138300.0,23.3,GBP,29/07/2025 07:55
PL-002910,4511,26360,90,Brussels,05/06/2025,19/08/2025,,98400.0,18.4,EUR,22/08/2025 19:33
PL-002911,4545,28545,135,Zurich,05/06/2025,23/08/2025,,105600.0,18.0,CHF,23/08/2025 11:45
PL-002912,4616,28615,69,Dublin,05/06/2025,10/07/2025,,73200.0,18.3,EUR,12/07/2025 10:05
PL-002913,4528,28235,144,Zurich,06/06/2025,06/07/2025,,145800.0,20.0,CHF,08/07/2025 11:30
PL-002914,4552,28552,139,Zurich,06/06/2025,02/08/2025,,105800.0,18.1,CHF,03/08/2025 19:42
PL-002915,4694,26424,108,Paris,06/06/2025,29/08/2025,,80000.0,19.0,EUR,29/08/2025 18:04
PL-002916,4484,27833,38,London,07/06/2025,11/08/2025,,93900.0,19.4,GBP,13/08/2025 15:07
PL-002917,4652,28777,189,Hong Kong,07/06/2025,06/07/2025,,795800.0,19.2,HKD,07/07/2025 07:20
PL-002918,4490,26576,1,Manchester,08/06/2025,13/08/2025,,114200.0,20.9,GBP,13/08/2025 07:20
PL-002919,4584,28419,195,Singapore,08/06/2025,09/07/2025,,144000.0,18.9,SGD,09/07/2025 18:35
PL-002920,4609,28828,8,Manchester,08/06/2025,13/07/2025,,83100.0,19.5,GBP,15/07/2025 14:04
PL-002921,4613,28789,140,Zurich,08/06/2025,26/07/2025,16/09/2025,135800.0,19.4,CHF,17/09/2025 08:01
PL-002922,4619,28456,3,Manchester,08/06/2025,09/08/2025,,124800.0,19.1,GBP,09/08/2025 12:15
PL-002923,4602,27556,30,London,09/06/2025,08/07/2025,,114100.0,18.7,GBP,10/07/2025 13:17
PL-002924,4669,29030,114,Paris,09/06/2025,25/07/2025,,74800.0,19.8,EUR,26/07/2025 10:07
PL-002925,4553,28365,147,New York,10/06/2025,01/08/2025,07/09/2025,159100.0,18.5,USD,09/09/2025 13:55
PL-002926,4557,28067,114,Paris,10/06/2025,10/07/2025,,102600.0,21.4,EUR,11/07/2025 10:57
PL-002927,4573,26071,67,Dublin,11/06/2025,17/08/2025,,104000.0,17.3,EUR,17/08/2025 12:51
PL-002928,4611,28829,64,Dublin,11/06/2025,22/07/2025,,98400.0,17.8,EUR,22/07/2025 07:51
PL-002929,4625,28927,180,Charlotte,11/06/2025,27/07/2025,,106900.0,19.5,USD,27/07/2025 19:02
PL-002930,4649,29048,94,Brussels,11/06/2025,20/07/2025,,130500.0,18.5,EUR,23/07/2025 10:37
PL-002931,4735,29331,7,Manchester,11/06/2025,25/07/2025,,53500.0,23.6,GBP,27/07/2025 07:36
PL-002932,4589,28571,123,Paris,12/06/2025,17/07/2025,,89400.0,21.7,EUR,18/07/2025 08:16
PL-002933,4682,29034,154,New York,13/06/2025,05/09/2025,,138100.0,20.9,USD,05/09/2025 11:27
PL-002934,4526,28351,85,Amsterdam,14/06/2025,16/08/2025,,100700.0,19.7,EUR,16/08/2025 18:22
PL-002935,4565,28589,137,Zurich,14/06/2025,07/08/2025,,142500.0,22.0,CHF,09/08/2025 07:01
PL-002936,4578,28750,33,London,14/06/2025,06/09/2025,,124800.0,15.7,GBP,07/09/2025 11:40
PL-002937,4638,27729,24,Manchester,14/06/2025,14/07/2025,,87200.0,17.9,GBP,16/07/2025 11:13
PL-002938,4548,28578,3,Manchester,15/06/2025,14/08/2025,,111300.0,22.3,GBP,17/08/2025 11:11
PL-002939,4644,28841,170,New York,15/06/2025,26/07/2025,,130800.0,18.1,USD,28/07/2025 19:09
PL-002940,4667,27564,51,London,15/06/2025,18/07/2025,,81700.0,16.2,GBP,19/07/2025 08:18
PL-002941,4713,29277,129,Paris,15/06/2025,09/08/2025,,79600.0,19.5,EUR,12/08/2025 07:11
PL-002942,4499,28113,101,Madrid,16/06/2025,09/08/2025,,80600.0,18.8,EUR,11/08/2025 12:19
PL-002943,4598,28687,147,New York,16/06/2025,19/07/2025,,147200.0,21.8,USD,19/07/2025 17:08
PL-002944,4664,28529,152,New York,16/06/2025,28/08/2025,26/09/2025,174400.0,21.7,USD,26/09/2025 20:55
PL-002945,4666,28847,172,New York,16/06/2025,16/07/2025,02/10/2025,194000.0,18.7,USD,05/10/2025 16:10
PL-002946,4732,27053,143,Zurich,16/06/2025,22/07/2025,,123400.0,20.3,CHF,25/07/2025 10:56
PL-002947,4503,28224,33,London,17/06/2025,30/08/2025,,148400.0,20.6,GBP,30/08/2025 11:24
PL-002948,4605,28730,83,Amsterdam,17/06/2025,14/08/2025,,87300.0,17.6,EUR,14/08/2025 11:50
PL-002949,4684,29127,212,Malaysia,17/06/2025,17/07/2025,,200700.0,18.4,MYR,20/07/2025 11:39
PL-002950,4575,28748,152,New York,18/06/2025,07/09/2025,08/09/2025,164500.0,22.8,USD,11/09/2025 10:39
PL-002951,4630,28702,163,New York,18/06/2025,23/08/2025,,111500.0,23.1,USD,23/08/2025 11:57
PL-002952,4637,29016,16,Manchester,18/06/2025,21/08/2025,,57800.0,19.2,GBP,22/08/2025 19:51
PL-002953,4683,29152,184,Hong Kong,18/06/2025,17/07/2025,,864400.0,21.1,HKD,18/07/2025 17:29
PL-002954,4623,28156,97,Madrid,20/06/2025,07/09/2025,,98400.0,23.2,EUR,07/09/2025 13:57
PL-002955,4645,28707,209,Malaysia,20/06/2025,05/09/2025,01/11/2025,135100.0,17.9,MYR,02/11/2025 15:51
PL-002956,4723,27637,200,Singapore,20/06/2025,16/08/2025,,106000.0,22.4,SGD,18/08/2025 12:36
PL-002957,4615,27426,12,Manchester,21/06/2025,10/09/2025,,103300.0,17.8,GBP,13/09/2025 11:05
PL-002958,4632,28771,60,London,21/06/2025,10/09/2025,,58100.0,18.0,GBP,13/09/2025 12:27
PL-002959,4662,29026,116,Paris,21/06/2025,15/08/2025,,69300.0,17.8,EUR,15/08/2025 20:52
PL-002960,4674,29118,14,Manchester,21/06/2025,20/08/2025,,95800.0,17.4,GBP,23/08/2025 09:28
PL-002961,4686,29291,147,New York,21/06/2025,07/08/2025,,110500.0,16.5,USD,07/08/2025 20:12
PL-002962,4695,29400,107,Paris,21/06/2025,26/08/2025,,101600.0,20.1,EUR,27/08/2025 12:45
PL-002963,4703,29218,70,Dublin,21/06/2025,03/09/2025,,85400.0,19.3,EUR,04/09/2025 09:53
PL-002964,4571,28312,174,Charlotte,22/06/2025,11/09/2025,09/10/2025,66900.0,17.7,USD,10/10/2025 10:27
PL-002965,4582,26352,171,New York,22/06/2025,21/07/2025,,160800.0,19.0,USD,23/07/2025 07:43
PL-002966,4641,28931,98,Madrid,22/06/2025,20/08/2025,,78700.0,19.2,EUR,22/08/2025 09:26
PL-002967,4691,29091,111,Paris,22/06/2025,24/07/2025,,101000.0,23.7,EUR,24/07/2025 09:57
PL-002968,4719,29413,201,Singapore,22/06/2025,17/08/2025,,114500.0,22.0,SGD,18/08/2025 18:36
PL-002969,4736,27004,48,London,22/06/2025,19/08/2025,,110600.0,19.7,GBP,19/08/2025 20:03
PL-002970,4744,29564,166,New York,22/06/2025,26/07/2025,,155300.0,22.1,USD,28/07/2025 11:56
PL-002971,4749,28779,142,Zurich,22/06/2025,31/07/2025,,132400.0,19.8,CHF,03/08/2025 07:15
PL-002972,4745,28479,190,Hong Kong,23/06/2025,18/08/2025,,649300.0,20.8,HKD,19/08/2025 18:58
PL-002973,4677,28945,69,Dublin,24/06/2025,01/08/2025,,91000.0,20.3,EUR,01/08/2025 12:21
PL-002974,4690,29344,93,Brussels,24/06/2025,17/08/2025,,136500.0,16.0,EUR,19/08/2025 14:48
PL-002975,4692,29375,175,Charlotte,24/06/2025,22/07/2025,,107000.0,18.2,USD,22/07/2025 10:00
PL-002976,4711,29275,86,Amsterdam,24/06/2025,07/08/2025,,93700.0,23.0,EUR,09/08/2025 19:26
PL-002977,4507,28285,2,Manchester,25/06/2025,28/07/2025,,86900.0,20.3,GBP,29/07/2025 12:23
PL-002978,4614,28859,10,Manchester,26/06/2025,23/08/2025,,68600.0,17.6,GBP,23/08/2025 20:31
PL-002979,4622,27341,82,Amsterdam,26/06/2025,18/09/2025,,107600.0,19.2,EUR,21/09/2025 10:02
PL-002980,4681,29314,114,Paris,26/06/2025,29/08/2025,,98600.0,18.3,EUR,30/08/2025 11:35
PL-002981,4693,29154,6,Manchester,26/06/2025,17/09/2025,,78300.0,18.3,GBP,19/09/2025 11:29
PL-002982,4699,29093,147,New York,26/06/2025,05/08/2025,,178200.0,17.7,USD,07/08/2025 19:16
PL-002983,4715,29304,61,London,26/06/2025,01/08/2025,,115000.0,17.6,GBP,04/08/2025 10:27
PL-002984,4617,26208,125,Paris,27/06/2025,16/09/2025,,72300.0,20.4,EUR,19/09/2025 14:15
PL-002985,4679,27752,85,Amsterdam,27/06/2025,22/08/2025,,125500.0,23.1,EUR,23/08/2025 15:06
PL-002986,4702,29160,66,Dublin,27/06/2025,05/08/2025,27/09/2025,91600.0,18.7,EUR,28/09/2025 12:18
PL-002987,4727,29450,85,Amsterdam,27/06/2025,24/08/2025,,103200.0,16.6,EUR,26/08/2025 08:16
PL-002988,4795,29616,183,Hong Kong,27/06/2025,22/08/2025,,772900.0,16.2,HKD,25/08/2025 11:55
PL-002989,4656,27930,73,Dublin,28/06/2025,02/08/2025,,85400.0,19.3,EUR,03/08/2025 20:47
PL-002990,4657,28808,136,Zurich,28/06/2025,23/08/2025,,137600.0,21.7,CHF,25/08/2025 07:54
PL-002991,4676,29058,56,London,28/06/2025,18/08/2025,,96700.0,17.4,GBP,18/08/2025 10:30
PL-002992,4687,28374,150,New York,28/06/2025,12/09/2025,22/11/2025,134300.0,20.9,USD,25/11/2025 20:05
PL-002993,4787,29651,135,Zurich,28/06/2025,18/09/2025,,147700.0,17.7,CHF,21/09/2025 15:24
PL-002994,4806,29912,9,Manchester,29/06/2025,24/08/2025,,68400.0,19.5,GBP,26/08/2025 16:38
PL-002995,4730,29364,93,Brussels,30/06/2025,03/09/2025,,116100.0,18.1,EUR,06/09/2025 08:24
PL-002996,4748,29629,100,Madrid,30/06/2025,18/08/2025,,74000.0,17.7,EUR,20/08/2025 14:56
PL-002997,4761,29603,194,Singapore,30/06/2025,14/08/2025,,159500.0,15.2,SGD,17/08/2025 12:39
PL-002998,4782,29581,61,London,30/06/2025,02/08/2025,,108800.0,19.1,GBP,05/08/2025 14:29
PL-002999,4600,28821,187,Hong Kong,01/07/2025,16/08/2025,,473200.0,20.2,HKD,18/08/2025 08:32
PL-003000,4712,29162,91,Brussels,01/07/2025,31/07/2025,,81600.0,20.4,EUR,03/08/2025 18:03
PL-003001,4718,29226,166,New York,01/07/2025,02/09/2025,,195200.0,22.1,USD,04/09/2025 11:03
PL-003002,4854,29960,83,Amsterdam,01/07/2025,19/08/2025,,106800.0,19.2,EUR,22/08/2025 18:22
PL-003003,4612,28920,91,Brussels,02/07/2025,15/09/2025,,120900.0,20.2,EUR,16/09/2025 09:02
PL-003004,4604,26041,83,Amsterdam,03/07/2025,06/09/2025,,103000.0,18.9,EUR,07/09/2025 16:09
PL-003005,4697,29298,144,Zurich,03/07/2025,14/09/2025,,129200.0,18.4,CHF,17/09/2025 07:08
PL-003006,4783,29789,183,Hong Kong,03/07/2025,26/08/2025,,993900.0,20.7,HKD,27/08/2025 15:32
PL-003007,4803,30020,178,Charlotte,04/07/2025,20/09/2025,,114100.0,19.6,USD,22/09/2025 17:40
PL-003008,4757,29675,136,Zurich,05/07/2025,25/08/2025,,95100.0,18.1,CHF,25/08/2025 20:29
PL-003009,4769,28374,169,New York,05/07/2025,15/08/2025,,137700.0,24.5,USD,17/08/2025 11:30
PL-003010,4802,29699,166,New York,05/07/2025,21/09/2025,09/10/2025,164100.0,24.3,USD,09/10/2025 16:46
PL-003011,4812,29913,184,Hong Kong,05/07/2025,07/09/2025,,757000.0,23.0,HKD,07/09/2025 14:20
PL-003012,4817,29878,29,London,05/07/2025,26/08/2025,,92500.0,23.8,GBP,26/08/2025 10:10
PL-003013,4822,29948,25,Manchester,05/07/2025,13/09/2025,,96200.0,18.8,GBP,16/09/2025 15:18
PL-003014,4673,29148,2,Manchester,06/07/2025,03/09/2025,25/09/2025,118500.0,22.4,GBP,26/09/2025 10:31
PL-003015,4721,29589,64,Dublin,06/07/2025,10/08/2025,,67800.0,20.4,EUR,11/08/2025 19:09
PL-003016,4788,29830,163,New York,06/07/2025,08/08/2025,,160800.0,19.8,USD,09/08/2025 14:09
PL-003017,4815,30065,198,Singapore,06/07/2025,03/08/2025,,190600.0,20.3,SGD,06/08/2025 15:20
PL-003018,4820,30030,123,Paris,06/07/2025,20/08/2025,,92900.0,15.7,EUR,23/08/2025 13:10
PL-003019,4628,27951,101,Madrid,07/07/2025,06/09/2025,02/10/2025,110300.0,19.3,EUR,05/10/2025 16:36
PL-003020,4634,28837,123,Paris,07/07/2025,30/08/2025,,75000.0,23.5,EUR,02/09/2025 20:26
PL-003021,4706,29274,42,London,07/07/2025,12/08/2025,,83300.0,21.9,GBP,15/08/2025 09:33
PL-003022,4716,29225,94,Brussels,07/07/2025,16/09/2025,,83600.0,22.5,EUR,17/09/2025 08:23
PL-003023,4720,29553,43,London,07/07/2025,30/08/2025,,106900.0,21.8,GBP,01/09/2025 10:02
PL-003024,4720,29253,43,London,08/07/2025,05/08/2025,29/08/2025,104800.0,17.4,GBP,31/08/2025 12:43
PL-003025,4760,29601,186,Hong Kong,08/07/2025,11/09/2025,,843600.0,17.0,HKD,14/09/2025 20:09
PL-003026,4823,30076,65,Dublin,08/07/2025,19/08/2025,,105600.0,21.2,EUR,22/08/2025 15:19
PL-003027,4728,29329,90,Brussels,09/07/2025,11/09/2025,,79800.0,16.4,EUR,12/09/2025 12:09
PL-003028,4770,29642,171,New York,09/07/2025,26/08/2025,,152200.0,21.7,USD,29/08/2025 10:41
PL-003029,4793,29908,138,Zurich,09/07/2025,01/10/2025,,104100.0,18.4,CHF,01/10/2025 09:09
PL-003030,4671,29260,183,Hong Kong,10/07/2025,06/09/2025,,714000.0,17.3,HKD,09/09/2025 16:30
PL-003031,4696,29214,137,Zurich,10/07/2025,15/09/2025,,142000.0,17.8,CHF,15/09/2025 11:18
PL-003032,4746,29340,202,Singapore,10/07/2025,28/09/2025,,157900.0,24.6,SGD,30/09/2025 09:33
PL-003033,4797,29660,61,London,10/07/2025,29/09/2025,,86800.0,18.6,GBP,29/09/2025 08:45
PL-003034,4799,29935,76,Dublin,10/07/2025,31/08/2025,,75900.0,21.8,EUR,01/09/2025 09:14
PL-003035,4824,29881,75,Dublin,10/07/2025,22/08/2025,,80400.0,24.8,EUR,22/08/2025 20:46
PL-003036,4648,29136,59,London,11/07/2025,30/09/2025,,75700.0,20.4,GBP,30/09/2025 16:37
PL-003037,4765,26808,25,Manchester,11/07/2025,03/10/2025,,76300.0,18.7,GBP,05/10/2025 14:53
PL-003038,4701,27949,60,London,12/07/2025,21/08/2025,,141500.0,18.0,GBP,23/08/2025 16:26
PL-003039,4843,27142,11,Manchester,12/07/2025,29/08/2025,,56800.0,17.3,GBP,01/09/2025 09:16
PL-003040,4754,29851,65,Dublin,13/07/2025,14/09/2025,,94700.0,18.6,EUR,14/09/2025 14:47
PL-003041,4805,28707,208,Malaysia,13/07/2025,23/08/2025,13/09/2025,133400.0,21.9,MYR,16/09/2025 07:18
PL-003042,4685,27054,128,Paris,14/07/2025,09/09/2025,,91800.0,20.4,EUR,10/09/2025 14:03
PL-003043,4707,29380,4,Manchester,14/07/2025,23/08/2025,,84400.0,17.1,GBP,26/08/2025 17:04
PL-003044,4782,29969,61,London,14/07/2025,20/09/2025,,118200.0,19.2,GBP,21/09/2025 15:59
PL-003045,4841,27540,161,New York,14/07/2025,28/08/2025,13/11/2025,181100.0,23.2,USD,14/11/2025 07:14
PL-003046,4849,30162,121,Paris,14/07/2025,22/08/2025,,94200.0,19.1,EUR,22/08/2025 19:34
PL-003047,4884,30204,28,London,14/07/2025,28/09/2025,,120800.0,16.9,GBP,30/09/2025 15:57
PL-003048,4886,28086,116,Paris,14/07/2025,26/08/2025,,105300.0,19.6,EUR,28/08/2025 15:15
PL-003049,4774,27387,98,Madrid,15/07/2025,07/09/2025,,102300.0,20.0,EUR,10/09/2025 20:51
PL-003050,4800,29867,95,Brussels,15/07/2025,03/10/2025,,87600.0,21.5,EUR,06/10/2025 08:55
PL-003051,4810,30064,111,Paris,15/07/2025,12/09/2025,,84700.0,19.0,EUR,14/09/2025 09:00
PL-003052,4954,30652,147,New York,15/07/2025,02/10/2025,,127600.0,22.4,USD,04/10/2025 09:38
PL-003053,4665,29197,165,New York,16/07/2025,02/09/2025,,142100.0,18.9,USD,04/09/2025 07:06
PL-003054,4689,29294,37,London,16/07/2025,20/09/2025,,64600.0,20.0,GBP,23/09/2025 16:17
PL-003055,4741,29628,208,Malaysia,16/07/2025,21/08/2025,,159300.0,20.2,MYR,23/08/2025 10:10
PL-003056,4837,27469,59,London,16/07/2025,18/09/2025,,155600.0,19.4,GBP,20/09/2025 12:13
PL-003057,4698,29215,145,Zurich,17/07/2025,27/08/2025,,146800.0,20.9,CHF,29/08/2025 16:41
PL-003058,4764,27604,213,Malaysia,17/07/2025,31/08/2025,,222600.0,23.4,MYR,02/09/2025 17:43
PL-003059,4765,29574,25,Manchester,17/07/2025,23/09/2025,,83100.0,19.4,GBP,24/09/2025 11:29
PL-003060,4848,30227,114,Paris,17/07/2025,16/09/2025,,76800.0,19.4,EUR,16/09/2025 20:24
PL-003061,4906,30403,86,Amsterdam,17/07/2025,29/09/2025,,85600.0,20.4,EUR,29/09/2025 13:02
PL-003062,4750,28028,158,New York,18/07/2025,17/09/2025,,163000.0,17.3,USD,18/09/2025 14:35
PL-003063,4780,29901,24,Manchester,18/07/2025,18/08/2025,,62800.0,17.9,GBP,20/08/2025 11:24
PL-003064,4819,29986,94,Brussels,18/07/2025,07/10/2025,,108100.0,18.0,EUR,10/10/2025 16:21
PL-003065,4866,29392,182,Hong Kong,18/07/2025,15/09/2025,,625200.0,18.7,HKD,16/09/2025 09:58
PL-003066,4763,46662,62,London,19/07/2025,25/09/2025,,133900.0,17.3,GBP,26/09/2025 12:48
PL-003067,4785,27305,59,London,19/07/2025,21/08/2025,,115200.0,20.1,GBP,24/08/2025 20:41
PL-003068,4791,29865,101,Madrid,19/07/2025,23/09/2025,,65200.0,19.3,EUR,25/09/2025 12:19
PL-003069,4804,29869,186,Hong Kong,19/07/2025,03/09/2025,,781300.0,21.9,HKD,06/09/2025 13:39
PL-003070,4831,29848,123,Paris,19/07/2025,15/09/2025,,73800.0,20.5,EUR,15/09/2025 07:27
PL-003071,4835,29886,175,Charlotte,19/07/2025,17/09/2025,,136800.0,18.4,USD,17/09/2025 13:37
PL-003072,4910,30505,154,New York,19/07/2025,02/09/2025,,161500.0,20.4,USD,05/09/2025 10:37
PL-003073,4779,27608,153,New York,20/07/2025,05/10/2025,,101200.0,19.1,USD,08/10/2025 13:11
PL-003074,4790,29728,74,Dublin,20/07/2025,09/09/2025,,86700.0,18.2,EUR,11/09/2025 12:06
PL-003075,4898,29440,143,Zurich,20/07/2025,05/10/2025,,114800.0,19.6,CHF,06/10/2025 17:45
PL-003076,4715,29451,61,London,21/07/2025,07/09/2025,,119100.0,18.8,GBP,09/09/2025 14:30
PL-003077,4726,28923,45,London,21/07/2025,15/09/2025,,119700.0,21.2,GBP,15/09/2025 07:23
PL-003078,4794,29909,169,New York,21/07/2025,23/08/2025,,172900.0,20.5,USD,26/08/2025 17:18
PL-003079,4859,29613,1,Manchester,21/07/2025,23/08/2025,,67000.0,16.7,GBP,25/08/2025 09:14
PL-003080,4856,30262,170,New York,22/07/2025,02/09/2025,,179000.0,19.0,USD,02/09/2025 09:46
PL-003081,4888,30392,53,London,22/07/2025,03/09/2025,,108800.0,23.1,GBP,04/09/2025 14:04
PL-003082,4944,30584,8,Manchester,22/07/2025,02/09/2025,,67700.0,19.2,GBP,05/09/2025 15:11
PL-003083,4744,29744,166,New York,23/07/2025,05/09/2025,,163800.0,19.9,USD,05/09/2025 13:40
PL-003084,4784,27426,212,Malaysia,23/07/2025,12/09/2025,,165400.0,17.2,MYR,15/09/2025 10:54
PL-003085,4798,29431,64,Dublin,23/07/2025,15/09/2025,,83800.0,17.7,EUR,18/09/2025 09:08
PL-003086,4862,30380,93,Brussels,23/07/2025,06/10/2025,,85500.0,18.8,EUR,09/10/2025 11:43
PL-003087,4873,30044,209,Malaysia,23/07/2025,12/09/2025,,192800.0,17.7,MYR,12/09/2025 08:34
PL-003088,4814,28842,155,New York,24/07/2025,22/09/2025,,163300.0,21.0,USD,25/09/2025 16:29
PL-003089,4826,29995,37,London,24/07/2025,15/10/2025,18/11/2025,76000.0,19.9,GBP,20/11/2025 12:03
PL-003090,4861,27767,43,London,24/07/2025,29/08/2025,,84900.0,22.7,GBP,30/08/2025 18:57
PL-003091,4875,27622,142,Zurich,24/07/2025,27/08/2025,,159700.0,17.6,CHF,28/08/2025 15:58
PL-003092,4913,30549,47,London,24/07/2025,06/10/2025,,108300.0,17.6,GBP,07/10/2025 19:26
PL-003093,4716,29584,94,Brussels,25/07/2025,09/09/2025,12/11/2025,85200.0,17.5,EUR,14/11/2025 17:52
PL-003094,4828,27715,90,Brussels,25/07/2025,25/08/2025,,126000.0,17.6,EUR,28/08/2025 15:54
PL-003095,4845,30292,92,Brussels,25/07/2025,11/09/2025,,96800.0,17.6,EUR,13/09/2025 16:12
PL-003096,4855,30127,99,Madrid,25/07/2025,11/10/2025,,73900.0,18.8,EUR,14/10/2025 14:57
PL-003097,4893,30538,26,Manchester,25/07/2025,29/08/2025,,66700.0,21.3,GBP,30/08/2025 17:13
PL-003098,4892,30240,24,Manchester,26/07/2025,05/09/2025,,91100.0,18.2,GBP,07/09/2025 19:58
PL-003099,4899,30599,172,New York,26/07/2025,16/10/2025,,127600.0,19.0,USD,16/10/2025 15:01
PL-003100,4930,30636,125,Paris,26/07/2025,07/10/2025,,96500.0,17.0,EUR,10/10/2025 12:33
PL-003101,4936,28510,158,New York,26/07/2025,04/10/2025,,176100.0,21.2,USD,06/10/2025 11:09
PL-003102,4979,30897,31,London,26/07/2025,01/09/2025,,112000.0,17.8,GBP,01/09/2025 19:02
PL-003103,4745,27684,190,Hong Kong,27/07/2025,04/09/2025,,653600.0,18.1,HKD,04/09/2025 08:26
PL-003104,4917,30551,159,New York,27/07/2025,28/09/2025,,165500.0,21.8,USD,28/09/2025 09:27
PL-003105,4811,29303,140,Zurich,28/07/2025,02/09/2025,,118300.0,23.5,CHF,04/09/2025 20:14
PL-003106,4813,27249,31,London,29/07/2025,15/09/2025,,83400.0,23.3,GBP,18/09/2025 11:48
PL-003107,4838,30223,66,Dublin,29/07/2025,26/08/2025,,72700.0,20.8,EUR,26/08/2025 09:01
PL-003108,4894,29669,26,Manchester,29/07/2025,28/08/2025,,71900.0,21.4,GBP,31/08/2025 19:01
PL-003109,4941,30682,152,New York,29/07/2025,10/10/2025,14/10/2025,153300.0,17.7,USD,16/10/2025 19:20
PL-003110,4993,28674,97,Madrid,29/07/2025,24/09/2025,,41900.0,23.9,EUR,24/09/2025 09:56
PL-003111,4775,28531,99,Madrid,30/07/2025,11/10/2025,,68600.0,23.0,EUR,11/10/2025 11:52
PL-003112,4850,28257,194,Singapore,30/07/2025,12/09/2025,,114100.0,17.3,SGD,13/09/2025 19:42
PL-003113,4890,46708,2,Manchester,30/07/2025,10/09/2025,,81000.0,19.4,GBP,10/09/2025 18:36
PL-003114,4905,30601,60,London,30/07/2025,02/10/2025,,87400.0,24.2,GBP,03/10/2025 14:12
PL-003115,4928,30445,91,Brussels,30/07/2025,25/09/2025,,105600.0,18.7,EUR,26/09/2025 10:04
PL-003116,4988,29248,146,New York,30/07/2025,12/10/2025,,135700.0,17.6,USD,13/10/2025 13:37
PL-003117,4729,29530,92,Brussels,31/07/2025,03/09/2025,,75500.0,20.4,EUR,04/09/2025 07:37
PL-003118,4908,30325,137,Zurich,31/07/2025,20/09/2025,,89400.0,24.0,CHF,21/09/2025 18:51
PL-003119,4919,30772,62,London,31/07/2025,20/09/2025,,111800.0,22.2,GBP,20/09/2025 10:05
PL-003120,4967,31044,213,Malaysia,31/07/2025,20/10/2025,,179300.0,15.4,MYR,20/10/2025 18:14
PL-003121,5007,30964,187,Hong Kong,31/07/2025,05/09/2025,,669000.0,17.6,HKD,08/09/2025 16:28
PL-003122,4778,29924,139,Zurich,01/08/2025,29/09/2025,,150300.0,21.0,CHF,01/10/2025 20:06
PL-003123,4801,30018,108,Paris,01/08/2025,02/10/2025,,70300.0,19.8,EUR,04/10/2025 20:50
PL-003124,4882,30466,22,Manchester,01/08/2025,13/10/2025,,96300.0,17.8,GBP,16/10/2025 17:08
PL-003125,4911,46619,179,Charlotte,01/08/2025,13/10/2025,,132900.0,20.2,USD,15/10/2025 17:09
PL-003126,4912,30507,42,London,01/08/2025,19/09/2025,,106900.0,22.8,GBP,21/09/2025 12:34
PL-003127,4923,30708,160,New York,01/08/2025,29/09/2025,,136000.0,17.7,USD,29/09/2025 15:34
PL-003128,4818,30179,84,Amsterdam,02/08/2025,30/09/2025,,83300.0,18.8,EUR,30/09/2025 08:08
PL-003129,4850,30296,194,Singapore,02/08/2025,30/09/2025,,120300.0,20.3,SGD,02/10/2025 10:09
PL-003130,4881,30465,201,Singapore,02/08/2025,23/10/2025,,116900.0,19.7,SGD,24/10/2025 11:53
PL-003131,4897,27940,142,Zurich,02/08/2025,11/09/2025,,138300.0,19.6,CHF,12/09/2025 07:40
PL-003132,4995,31094,94,Brussels,02/08/2025,17/09/2025,,86000.0,15.6,EUR,19/09/2025 18:46
PL-003133,4770,27421,171,New York,03/08/2025,01/10/2025,,147700.0,17.9,USD,03/10/2025 11:23
PL-003134,4777,46655,131,Paris,03/08/2025,14/10/2025,,135800.0,16.0,EUR,16/10/2025 10:39
PL-003135,4889,30206,74,Dublin,03/08/2025,09/10/2025,,64300.0,18.5,EUR,09/10/2025 12:24
PL-003136,4896,30321,139,Zurich,04/08/2025,16/09/2025,,158500.0,19.5,CHF,16/09/2025 08:35
PL-003137,4929,30446,115,Paris,04/08/2025,24/10/2025,,105300.0,22.6,EUR,24/10/2025 14:53
PL-003138,4948,30848,107,Paris,04/08/2025,26/10/2025,,110900.0,16.8,EUR,26/10/2025 12:41
PL-003139,4830,30078,112,Paris,05/08/2025,14/10/2025,01/11/2025,84800.0,16.2,EUR,03/11/2025 12:21
PL-003140,4865,30419,174,Charlotte,05/08/2025,04/10/2025,,136600.0,18.3,USD,05/10/2025 15:53
PL-003141,4879,30588,44,London,05/08/2025,02/10/2025,,58900.0,18.3,GBP,05/10/2025 20:08
PL-003142,4883,30203,25,Manchester,05/08/2025,03/09/2025,06/09/2025,94600.0,18.0,GBP,06/09/2025 11:29
PL-003143,4931,28813,130,Paris,05/08/2025,23/09/2025,,95200.0,18.8,EUR,26/09/2025 14:15
PL-003144,4951,30718,102,Madrid,05/08/2025,02/10/2025,,83100.0,17.1,EUR,02/10/2025 17:08
PL-003145,4968,31114,51,London,05/08/2025,01/10/2025,,105200.0,15.5,GBP,04/10/2025 20:59
PL-003146,4853,30450,71,Dublin,06/08/2025,12/09/2025,,75300.0,17.2,EUR,12/09/2025 17:04
PL-003147,4915,30408,128,Paris,06/08/2025,29/10/2025,12/01/2026,84600.0,17.0,EUR,13/01/2026 17:39
PL-003148,4871,30343,112,Paris,07/08/2025,09/09/2025,23/10/2025,104200.0,19.2,EUR,25/10/2025 19:49
PL-003149,4922,30510,79,Amsterdam,07/08/2025,06/10/2025,,86000.0,20.1,EUR,07/10/2025 14:03
PL-003150,4961,28377,144,Zurich,08/08/2025,04/10/2025,,150600.0,20.7,CHF,04/10/2025 10:45
PL-003151,4994,30871,112,Paris,08/08/2025,10/09/2025,,93700.0,18.0,EUR,11/09/2025 13:35
PL-003152,4998,28616,85,Amsterdam,08/08/2025,10/10/2025,,114100.0,17.7,EUR,10/10/2025 07:07
PL-003153,5006,28812,178,Charlotte,08/08/2025,29/10/2025,,89800.0,19.1,USD,31/10/2025 09:02
PL-003154,5069,31388,106,Paris,08/08/2025,27/10/2025,,89400.0,16.9,EUR,29/10/2025 10:01
PL-003155,4878,29545,15,Manchester,09/08/2025,13/10/2025,29/12/2025,84600.0,18.5,GBP,01/01/2026 16:47
PL-003156,4959,30785,75,Dublin,09/08/2025,17/09/2025,,74000.0,22.1,EUR,17/09/2025 09:21
PL-003157,4978,28277,6,Manchester,09/08/2025,31/10/2025,,66300.0,15.8,GBP,31/10/2025 09:54
PL-003158,4842,30368,187,Hong Kong,10/08/2025,01/10/2025,,820700.0,16.8,HKD,03/10/2025 14:53
PL-003159,4907,30666,100,Madrid,10/08/2025,24/10/2025,,66800.0,20.0,EUR,24/10/2025 12:25
PL-003160,4927,30840,88,Brussels,10/08/2025,25/10/2025,,141600.0,21.9,EUR,25/10/2025 13:35
PL-003161,4895,30695,137,Zurich,11/08/2025,21/10/2025,,105900.0,19.0,CHF,21/10/2025 16:54
PL-003162,4952,30885,111,Paris,11/08/2025,03/11/2025,,90600.0,19.8,EUR,04/11/2025 08:55
PL-003163,4975,30796,100,Madrid,11/08/2025,24/09/2025,,85300.0,18.1,EUR,24/09/2025 08:08
PL-003164,5024,31110,60,London,11/08/2025,24/09/2025,,104200.0,21.4,GBP,27/09/2025 10:36
PL-003165,5032,29646,135,Zurich,11/08/2025,25/10/2025,,151300.0,16.6,CHF,27/10/2025 18:06
PL-003166,5064,31330,66,Dublin,11/08/2025,25/10/2025,,69800.0,20.0,EUR,26/10/2025 13:35
PL-003167,4870,30269,77,Dublin,12/08/2025,28/10/2025,,102800.0,21.5,EUR,28/10/2025 20:53
PL-003168,4901,28563,146,New York,12/08/2025,25/09/2025,,156800.0,16.2,USD,28/09/2025 16:44
PL-003169,4920,30706,67,Dublin,12/08/2025,05/10/2025,,88900.0,19.3,EUR,07/10/2025 09:33
PL-003170,4980,30836,53,London,12/08/2025,15/10/2025,,79200.0,18.4,GBP,15/10/2025 19:02
PL-003171,5003,31333,61,London,12/08/2025,14/09/2025,,88300.0,16.1,GBP,17/09/2025 20:20
PL-003172,5072,31365,182,Hong Kong,12/08/2025,15/10/2025,05/12/2025,697200.0,20.7,HKD,07/12/2025 08:03
PL-003173,4850,30375,194,Singapore,13/08/2025,09/10/2025,,122800.0,19.2,SGD,10/10/2025 13:24
PL-003174,4938,30879,12,Manchester,13/08/2025,25/09/2025,,79500.0,20.3,GBP,27/09/2025 16:52
PL-003175,4958,31042,67,Dublin,13/08/2025,04/10/2025,,68400.0,18.9,EUR,05/10/2025 16:07
PL-003176,5052,31326,25,Manchester,13/08/2025,22/09/2025,,103400.0,22.8,GBP,24/09/2025 17:34
PL-003177,4897,30696,142,Zurich,15/08/2025,18/10/2025,,123800.0,22.5,CHF,19/10/2025 15:32
PL-003178,4946,30915,76,Dublin,15/08/2025,29/10/2025,28/11/2025,90300.0,17.6,EUR,30/11/2025 17:33
PL-003179,5021,31278,147,New York,15/08/2025,12/09/2025,,139700.0,16.9,USD,13/09/2025 18:59
PL-003180,4921,30555,73,Dublin,16/08/2025,21/10/2025,,66900.0,16.9,EUR,22/10/2025 17:44
PL-003181,4966,28358,210,Malaysia,16/08/2025,19/09/2025,,205600.0,18.6,MYR,19/09/2025 11:17
PL-003182,4974,46749,83,Amsterdam,16/08/2025,13/10/2025,,101300.0,23.5,EUR,13/10/2025 13:53
PL-003183,5097,31577,154,New York,16/08/2025,13/09/2025,,147700.0,17.4,USD,16/09/2025 12:12
PL-003184,5000,31095,137,Zurich,17/08/2025,06/10/2025,,118800.0,22.4,CHF,07/10/2025 10:59
PL-003185,5015,30676,67,Dublin,17/08/2025,22/10/2025,,72400.0,21.5,EUR,22/10/2025 16:41
PL-003186,4902,30575,169,New York,18/08/2025,28/10/2025,,185800.0,18.9,USD,31/10/2025 08:01
PL-003187,4933,28579,69,Dublin,18/08/2025,01/10/2025,,73600.0,17.6,EUR,01/10/2025 14:39
PL-003188,4982,30981,184,Hong Kong,18/08/2025,09/10/2025,,603400.0,18.0,HKD,11/10/2025 16:23
PL-003189,5087,31430,179,Charlotte,20/08/2025,04/11/2025,,122100.0,18.7,USD,06/11/2025 09:42
PL-003190,5103,31672,43,London,20/08/2025,10/10/2025,17/12/2025,81300.0,15.5,GBP,18/12/2025 10:36
PL-003191,4943,30523,20,Manchester,21/08/2025,01/11/2025,,73800.0,15.6,GBP,01/11/2025 14:43
PL-003192,5035,31202,186,Hong Kong,21/08/2025,18/10/2025,,856000.0,20.4,HKD,18/10/2025 07:19
PL-003193,5036,29151,81,Amsterdam,21/08/2025,18/09/2025,,74500.0,22.4,EUR,20/09/2025 08:51
PL-003194,4986,30644,56,London,22/08/2025,28/10/2025,,138400.0,20.3,GBP,29/10/2025 14:10
PL-003195,4999,31214,92,Brussels,22/08/2025,02/11/2025,,104800.0,15.8,EUR,03/11/2025 16:04
PL-003196,5017,31273,172,New York,22/08/2025,14/10/2025,,185600.0,20.7,USD,16/10/2025 08:18
PL-003197,5063,28939,59,London,22/08/2025,22/09/2025,,125800.0,20.4,GBP,25/09/2025 11:06
PL-003198,5011,31308,130,Paris,23/08/2025,01/11/2025,,90700.0,19.9,EUR,02/11/2025 18:18
PL-003199,5019,31398,33,London,23/08/2025,04/10/2025,07/10/2025,103100.0,17.4,GBP,09/10/2025 09:09
PL-003200,5081,31567,29,London,23/08/2025,02/10/2025,,92900.0,17.3,GBP,02/10/2025 08:57
PL-003201,4902,29783,169,New York,24/08/2025,29/10/2025,,210800.0,20.0,USD,29/10/2025 19:18
PL-003202,4970,30859,158,New York,24/08/2025,31/10/2025,,192200.0,23.9,USD,03/11/2025 09:28
PL-003203,4991,28981,14,Manchester,24/08/2025,10/10/2025,,67400.0,19.2,GBP,12/10/2025 20:01
PL-003204,5013,31367,183,Hong Kong,24/08/2025,06/10/2025,,748900.0,20.1,HKD,06/10/2025 19:54
PL-003205,5074,31423,4,Manchester,24/08/2025,18/10/2025,,111800.0,19.0,GBP,21/10/2025 13:21
PL-003206,4981,30760,180,Charlotte,25/08/2025,26/10/2025,,119500.0,19.7,USD,27/10/2025 11:28
PL-003207,5011,31134,130,Paris,25/08/2025,06/10/2025,,95800.0,23.9,EUR,08/10/2025 20:56
PL-003208,5034,31283,82,Amsterdam,25/08/2025,04/10/2025,,76900.0,17.9,EUR,04/10/2025 18:41
PL-003209,4964,28721,171,New York,26/08/2025,30/10/2025,,189300.0,21.6,USD,31/10/2025 16:28
PL-003210,4965,31079,195,Singapore,26/08/2025,21/10/2025,,141700.0,18.5,SGD,23/10/2025 09:59
PL-003211,5002,31157,208,Malaysia,26/08/2025,09/11/2025,,217400.0,20.1,MYR,11/11/2025 08:11
PL-003212,5030,31434,45,London,26/08/2025,10/11/2025,18/12/2025,99600.0,17.7,GBP,18/12/2025 13:46
PL-003213,5048,30486,98,Madrid,26/08/2025,05/10/2025,,96100.0,20.8,EUR,05/10/2025 10:50
PL-003214,5049,31612,99,Madrid,26/08/2025,18/11/2025,,103800.0,18.0,EUR,21/11/2025 12:58
PL-003215,5056,31414,136,Zurich,26/08/2025,24/10/2025,27/10/2025,94700.0,19.0,CHF,28/10/2025 13:50
PL-003216,5113,31716,73,Dublin,26/08/2025,30/10/2025,,56700.0,16.8,EUR,01/11/2025 14:05
PL-003217,5023,30289,166,New York,27/08/2025,29/09/2025,,131800.0,18.2,USD,02/10/2025 13:58
PL-003218,5027,31506,174,Charlotte,27/08/2025,09/10/2025,,133700.0,20.0,USD,10/10/2025 15:43
PL-003219,5121,29209,125,Paris,27/08/2025,17/10/2025,,95400.0,20.5,EUR,20/10/2025 08:51
PL-003220,4989,31184,159,New York,28/08/2025,03/10/2025,,129400.0,19.6,USD,05/10/2025 20:28
PL-003221,5014,30997,210,Malaysia,28/08/2025,11/10/2025,,134200.0,16.6,MYR,13/10/2025 09:41
PL-003222,5070,31782,128,Paris,28/08/2025,23/10/2025,,86500.0,19.2,EUR,24/10/2025 15:21
PL-003223,5106,31802,38,London,28/08/2025,11/10/2025,,93700.0,18.0,GBP,11/10/2025 13:49
PL-003224,4985,30929,47,London,29/08/2025,18/10/2025,,81300.0,17.2,GBP,18/10/2025 09:35
PL-003225,5038,31319,93,Brussels,29/08/2025,15/10/2025,,100800.0,17.8,EUR,18/10/2025 17:33
PL-003226,5047,30242,70,Dublin,29/08/2025,11/11/2025,,108900.0,21.8,EUR,14/11/2025 09:47
PL-003227,5057,31725,152,New York,29/08/2025,16/11/2025,,127200.0,21.3,USD,16/11/2025 14:51
PL-003228,5067,30921,170,New York,29/08/2025,25/10/2025,02/01/2026,136000.0,22.7,USD,02/01/2026 18:22
PL-003229,5089,31844,37,London,30/08/2025,03/10/2025,,97500.0,20.4,GBP,04/10/2025 16:06
PL-003230,5119,32028,71,Dublin,30/08/2025,22/10/2025,,98300.0,17.5,EUR,22/10/2025 20:11
PL-003231,5120,30155,123,Paris,30/08/2025,10/11/2025,,69700.0,19.3,EUR,12/11/2025 12:03
PL-003232,5001,31097,177,Charlotte,31/08/2025,13/11/2025,,82300.0,19.5,USD,16/11/2025 11:34
PL-003233,5130,29876,135,Zurich,31/08/2025,24/10/2025,,134400.0,21.2,CHF,26/10/2025 18:47
PL-003234,5018,31338,12,Manchester,01/09/2025,01/11/2025,,57900.0,18.5,GBP,02/11/2025 20:19
PL-003235,5086,31429,161,New York,01/09/2025,02/11/2025,,147800.0,20.5,USD,05/11/2025 12:34
PL-003236,5029,31508,44,London,02/09/2025,23/10/2025,,115800.0,17.2,GBP,25/10/2025 16:52
PL-003237,5033,31316,207,Malaysia,02/09/2025,22/10/2025,,165500.0,18.8,MYR,24/10/2025 17:28
PL-003238,5053,31651,35,London,02/09/2025,22/10/2025,31/12/2025,91900.0,18.3,GBP,03/01/2026 16:59
PL-003239,5073,29441,2,Manchester,02/09/2025,17/10/2025,,99300.0,23.2,GBP,17/10/2025 17:13
PL-003240,5080,31630,8,Manchester,02/09/2025,25/11/2025,,72200.0,19.8,GBP,26/11/2025 17:57
PL-003241,5023,31400,166,New York,03/09/2025,29/10/2025,,139300.0,18.9,USD,01/11/2025 08:58
PL-003242,5051,31550,15,Manchester,03/09/2025,23/11/2025,,87800.0,22.1,GBP,26/11/2025 14:52
PL-003243,5054,31299,74,Dublin,03/09/2025,17/10/2025,,86500.0,16.5,EUR,18/10/2025 17:42
PL-003244,5109,31714,189,Hong Kong,03/09/2025,23/11/2025,,738500.0,15.7,HKD,24/11/2025 20:20
PL-003245,5020,31250,95,Brussels,04/09/2025,21/11/2025,,107500.0,16.2,EUR,21/11/2025 09:46
PL-003246,5059,31616,3,Manchester,04/09/2025,17/11/2025,,119000.0,20.4,GBP,20/11/2025 09:57
PL-003247,5154,31951,201,Singapore,04/09/2025,13/11/2025,,144200.0,18.9,SGD,14/11/2025 18:13
PL-003248,5129,32069,112,Paris,05/09/2025,04/11/2025,11/12/2025,105900.0,17.3,EUR,12/12/2025 17:44
PL-003249,5031,46451,111,Paris,06/09/2025,01/11/2025,14/01/2026,88000.0,21.0,EUR,14/01/2026 14:12
PL-003250,5050,29472,1,Manchester,06/09/2025,16/10/2025,,87800.0,21.6,GBP,17/10/2025 12:31
PL-003251,5055,31723,90,Brussels,06/09/2025,25/10/2025,,110500.0,16.9,EUR,27/10/2025 17:05
PL-003252,5094,31707,150,New York,06/09/2025,28/10/2025,,125600.0,21.7,USD,28/10/2025 18:50
PL-003253,5095,31743,17,Manchester,06/09/2025,22/10/2025,,74100.0,23.4,GBP,22/10/2025 11:28
PL-003254,5045,30119,24,Manchester,07/09/2025,24/10/2025,,73700.0,19.6,GBP,24/10/2025 07:25
PL-003255,5091,31296,76,Dublin,07/09/2025,14/11/2025,,69400.0,22.5,EUR,14/11/2025 14:16
PL-003256,5085,28828,152,New York,08/09/2025,14/11/2025,,123200.0,17.9,USD,15/11/2025 16:30
PL-003257,5104,46520,54,London,08/09/2025,31/10/2025,,96800.0,16.4,GBP,03/11/2025 20:28
PL-003258,5042,31443,30,London,09/09/2025,02/11/2025,11/11/2025,126400.0,20.0,GBP,13/11/2025 07:05
PL-003259,5083,31840,94,Brussels,09/09/2025,04/11/2025,,91700.0,18.5,EUR,04/11/2025 13:28
PL-003260,5020,30481,95,Brussels,10/09/2025,17/11/2025,,126400.0,18.3,EUR,17/11/2025 17:11
PL-003261,5061,31385,31,London,10/09/2025,31/10/2025,,111500.0,19.5,GBP,01/11/2025 18:30
PL-003262,5075,31566,70,Dublin,10/09/2025,24/11/2025,25/11/2025,127400.0,21.9,EUR,27/11/2025 19:26
PL-003263,5137,31868,194,Singapore,10/09/2025,03/12/2025,,142400.0,19.6,SGD,04/12/2025 18:41
PL-003264,5148,32123,25,Manchester,10/09/2025,15/11/2025,,99500.0,19.0,GBP,15/11/2025 07:43
PL-003265,5160,32013,166,New York,10/09/2025,08/11/2025,,120100.0,21.0,USD,08/11/2025 07:15
PL-003266,5058,31329,163,New York,11/09/2025,13/10/2025,,132000.0,19.9,USD,13/10/2025 10:53
PL-003267,5191,31236,53,London,11/09/2025,12/11/2025,,101400.0,23.6,GBP,12/11/2025 08:10
PL-003268,5100,31464,98,Madrid,12/09/2025,25/11/2025,,106900.0,20.4,EUR,28/11/2025 08:57
PL-003269,5151,31981,134,Zurich,12/09/2025,05/11/2025,,94700.0,19.3,CHF,08/11/2025 09:33
PL-003270,5098,31603,175,Charlotte,13/09/2025,22/11/2025,,127200.0,18.0,USD,24/11/2025 19:17
PL-003271,5128,31970,94,Brussels,13/09/2025,14/11/2025,,82300.0,20.5,EUR,16/11/2025 07:31
PL-003272,5137,32060,194,Singapore,13/09/2025,13/10/2025,17/11/2025,138100.0,17.4,SGD,17/11/2025 13:10
PL-003273,5065,31731,77,Dublin,14/09/2025,17/10/2025,,63900.0,17.3,EUR,18/10/2025 13:26
PL-003274,5026,31302,166,New York,15/09/2025,17/11/2025,,166900.0,16.1,USD,18/11/2025 19:02
PL-003275,5159,31224,150,New York,15/09/2025,21/11/2025,,167100.0,21.0,USD,22/11/2025 19:51
PL-003276,5131,30655,171,New York,16/09/2025,08/12/2025,01/01/2026,138400.0,16.6,USD,01/01/2026 18:32
PL-003277,5182,32250,108,Paris,16/09/2025,21/11/2025,,88500.0,15.9,EUR,21/11/2025 12:25
PL-003278,5068,30296,9,Manchester,17/09/2025,30/10/2025,,53300.0,16.0,GBP,31/10/2025 13:25
PL-003279,5097,31874,154,New York,17/09/2025,06/11/2025,,142400.0,16.4,USD,09/11/2025 08:09
PL-003280,5133,31863,182,Hong Kong,17/09/2025,19/10/2025,,1002600.0,17.3,HKD,19/10/2025 10:25
PL-003281,5191,32233,53,London,17/09/2025,08/12/2025,,97500.0,23.5,GBP,10/12/2025 08:57
PL-003282,5193,32272,145,Zurich,17/09/2025,20/10/2025,,110700.0,18.7,CHF,21/10/2025 20:02
PL-003283,5037,29164,83,Amsterdam,18/09/2025,16/11/2025,,108600.0,18.4,EUR,18/11/2025 19:46
PL-003284,5117,31825,7,Manchester,18/09/2025,31/10/2025,,83900.0,15.8,GBP,01/11/2025 09:34
PL-003285,5158,30063,106,Paris,18/09/2025,30/11/2025,,101700.0,18.6,EUR,02/12/2025 17:36
PL-003286,5098,31537,175,Charlotte,19/09/2025,28/11/2025,,125900.0,19.2,USD,29/11/2025 13:08
PL-003287,5133,32057,182,Hong Kong,19/09/2025,31/10/2025,,895100.0,15.2,HKD,02/11/2025 18:30
PL-003288,5155,31986,3,Manchester,19/09/2025,27/10/2025,,110700.0,23.5,GBP,30/10/2025 11:49
PL-003289,5197,32274,91,Brussels,19/09/2025,10/12/2025,,86000.0,19.0,EUR,12/12/2025 15:31
PL-003290,5092,31845,114,Paris,21/09/2025,02/11/2025,20/11/2025,101000.0,16.3,EUR,20/11/2025 16:21
PL-003291,5125,31776,1,Manchester,21/09/2025,05/11/2025,,83800.0,17.2,GBP,05/11/2025 17:19
PL-003292,5138,32137,202,Singapore,21/09/2025,12/11/2025,,177500.0,18.8,SGD,14/11/2025 12:18
PL-003293,5141,29571,95,Brussels,21/09/2025,06/11/2025,,124300.0,18.2,EUR,09/11/2025 11:16
PL-003294,5164,32154,129,Paris,21/09/2025,22/11/2025,08/02/2026,82300.0,18.8,EUR,08/02/2026 08:50
PL-003295,5172,32135,9,Manchester,21/09/2025,23/10/2025,,73300.0,18.5,GBP,25/10/2025 13:05
PL-003296,5232,32447,48,London,21/09/2025,09/12/2025,,66900.0,20.5,GBP,11/12/2025 11:54
PL-003297,5176,30011,69,Dublin,22/09/2025,14/12/2025,,65100.0,18.4,EUR,15/12/2025 20:16
PL-003298,5216,32461,128,Paris,22/09/2025,09/11/2025,,73300.0,23.4,EUR,10/11/2025 12:03
PL-003299,5126,32116,2,Manchester,23/09/2025,06/11/2025,,81700.0,20.5,GBP,09/11/2025 13:58
PL-003300,5229,32387,162,New York,23/09/2025,28/10/2025,,114000.0,16.7,USD,30/10/2025 15:12
PL-003301,5134,31912,15,Manchester,24/09/2025,27/11/2025,01/02/2026,61500.0,17.4,GBP,02/02/2026 13:56
PL-003302,5165,32067,198,Singapore,24/09/2025,16/11/2025,,170500.0,16.2,SGD,18/11/2025 13:56
PL-003303,5195,32254,146,New York,24/09/2025,25/10/2025,,141500.0,19.4,USD,28/10/2025 17:36
PL-003304,5231,32427,210,Malaysia,24/09/2025,10/12/2025,,156300.0,17.6,MYR,11/12/2025 12:02
PL-003305,5123,32001,82,Amsterdam,25/09/2025,13/12/2025,,111200.0,21.2,EUR,13/12/2025 12:40
PL-003306,5144,31914,70,Dublin,25/09/2025,22/11/2025,,110700.0,16.0,EUR,22/11/2025 08:27
PL-003307,5170,32134,26,Manchester,25/09/2025,01/12/2025,,59500.0,19.6,GBP,02/12/2025 18:40
PL-003308,5174,32392,42,London,25/09/2025,27/10/2025,16/01/2026,104000.0,20.4,GBP,18/01/2026 14:51
PL-003309,5192,32352,137,Zurich,25/09/2025,14/12/2025,,136800.0,24.2,CHF,17/12/2025 19:48
PL-003310,5136,31866,151,New York,26/09/2025,26/10/2025,,127000.0,18.0,USD,28/10/2025 12:53
PL-003311,5179,32175,199,Singapore,26/09/2025,07/11/2025,,131000.0,23.8,SGD,09/11/2025 20:59
PL-003312,5156,32216,33,London,27/09/2025,07/12/2025,,104100.0,19.7,GBP,07/12/2025 19:37
PL-003313,5255,32511,209,Malaysia,27/09/2025,21/11/2025,,142100.0,20.9,MYR,24/11/2025 18:41
PL-003314,5088,30158,22,Manchester,28/09/2025,02/12/2025,,75700.0,17.8,GBP,05/12/2025 09:03
PL-003315,5135,32059,80,Amsterdam,28/09/2025,18/12/2025,,94700.0,17.6,EUR,19/12/2025 16:47
PL-003316,5180,32430,24,Manchester,28/09/2025,04/12/2025,09/02/2026,104400.0,17.0,GBP,12/02/2026 10:00
PL-003317,5184,31079,190,Hong Kong,28/09/2025,28/11/2025,,747900.0,17.6,HKD,29/11/2025 16:27
PL-003318,5178,32263,163,New York,30/09/2025,28/11/2025,,134300.0,23.3,USD,28/11/2025 17:04
PL-003319,5223,32575,75,Dublin,30/09/2025,04/12/2025,,84600.0,17.7,EUR,07/12/2025 19:13
PL-003320,5224,32638,84,Amsterdam,30/09/2025,16/12/2025,,94600.0,15.8,EUR,19/12/2025 11:06
PL-003321,5188,32305,187,Hong Kong,01/10/2025,01/11/2025,,822300.0,19.6,HKD,02/11/2025 19:32
PL-003322,5194,32324,99,Madrid,01/10/2025,11/12/2025,,94000.0,21.8,EUR,11/12/2025 13:08
PL-003323,5207,32378,209,Malaysia,01/10/2025,07/11/2025,12/01/2026,156600.0,23.1,MYR,13/01/2026 15:17
PL-003324,5292,32974,159,New York,01/10/2025,19/12/2025,,118500.0,17.0,USD,19/12/2025 11:55
PL-003325,5147,32164,11,Manchester,03/10/2025,22/11/2025,,69600.0,18.5,GBP,24/11/2025 09:11
PL-003326,5190,32232,31,London,03/10/2025,21/11/2025,,93300.0,17.6,GBP,22/11/2025 17:35
PL-003327,5195,32294,146,New York,03/10/2025,07/12/2025,,145600.0,20.3,USD,07/12/2025 12:30
PL-003328,5218,32659,136,Zurich,03/10/2025,08/11/2025,,90800.0,18.6,CHF,10/11/2025 14:19
PL-003329,5209,30016,12,Manchester,04/10/2025,15/12/2025,,81600.0,19.4,GBP,15/12/2025 14:24
PL-003330,5212,32337,35,London,04/10/2025,06/12/2025,,105900.0,18.2,GBP,08/12/2025 07:29
PL-003331,5150,32237,100,Madrid,05/10/2025,16/12/2025,,64800.0,20.4,EUR,16/12/2025 17:48
PL-003332,5260,32819,137,Zurich,05/10/2025,24/12/2025,,153500.0,22.4,CHF,25/12/2025 13:14
PL-003333,5346,31940,25,Manchester,05/10/2025,15/11/2025,,93900.0,19.3,GBP,15/11/2025 12:20
PL-003334,5242,32726,56,London,06/10/2025,03/12/2025,,80600.0,15.8,GBP,03/12/2025 07:13
PL-003335,5263,32590,194,Singapore,06/10/2025,13/12/2025,,188700.0,18.2,SGD,16/12/2025 11:22
PL-003336,5307,32767,201,Singapore,06/10/2025,25/11/2025,,157200.0,18.5,SGD,25/11/2025 16:37
PL-003337,5143,31701,29,London,07/10/2025,08/11/2025,,73400.0,23.2,GBP,11/11/2025 13:25
PL-003338,5175,32199,60,London,07/10/2025,29/12/2025,,126300.0,16.9,GBP,29/12/2025 14:44
PL-003339,5270,32716,48,London,07/10/2025,30/11/2025,,86800.0,17.1,GBP,30/11/2025 07:37
PL-003340,5309,33125,14,Manchester,07/10/2025,18/11/2025,,52800.0,16.2,GBP,20/11/2025 16:49
PL-003341,5342,33070,85,Amsterdam,07/10/2025,15/11/2025,,106600.0,23.4,EUR,17/11/2025 09:44
PL-003342,5185,30346,55,London,08/10/2025,05/12/2025,,93200.0,15.3,GBP,07/12/2025 11:11
PL-003343,5210,32380,64,Dublin,08/10/2025,09/12/2025,,93900.0,21.3,EUR,10/12/2025 12:55
PL-003344,5226,32479,142,Zurich,08/10/2025,20/11/2025,,166000.0,18.4,CHF,23/11/2025 12:55
PL-003345,5300,32765,5,Manchester,08/10/2025,16/12/2025,,89400.0,20.5,GBP,16/12/2025 19:21
PL-003346,5237,32481,213,Malaysia,09/10/2025,04/12/2025,,195600.0,18.1,MYR,05/12/2025 14:22
PL-003347,5280,32927,84,Amsterdam,09/10/2025,01/01/2026,,91100.0,16.8,EUR,01/01/2026 07:25
PL-003348,5199,32329,165,New York,10/10/2025,05/12/2025,,159900.0,16.7,USD,06/12/2025 12:39
PL-003349,5206,32565,138,Zurich,10/10/2025,28/11/2025,,141500.0,21.1,CHF,30/11/2025 12:17
PL-003350,5241,32807,54,London,10/10/2025,30/11/2025,08/12/2025,102700.0,23.3,GBP,09/12/2025 20:46
PL-003351,5283,33113,26,Manchester,10/10/2025,23/12/2025,,68600.0,17.4,GBP,26/12/2025 17:39
PL-003352,5320,33020,199,Singapore,11/10/2025,08/12/2025,,121600.0,20.2,SGD,09/12/2025 09:01
PL-003353,5214,32519,90,Brussels,12/10/2025,28/12/2025,,115300.0,20.7,EUR,28/12/2025 08:36
PL-003354,5230,32639,179,Charlotte,12/10/2025,19/12/2025,,116700.0,24.5,USD,21/12/2025 17:31
PL-003355,5271,30214,114,Paris,12/10/2025,14/11/2025,,83700.0,19.7,EUR,17/11/2025 09:38
PL-003356,5285,30497,38,London,12/10/2025,19/12/2025,,97800.0,22.0,GBP,20/12/2025 19:42
PL-003357,5312,32803,179,Charlotte,12/10/2025,17/11/2025,,83300.0,17.9,USD,19/11/2025 11:46
PL-003358,5321,30368,209,Malaysia,12/10/2025,02/01/2026,,205800.0,20.3,MYR,04/01/2026 12:46
PL-003359,5249,32848,30,London,13/10/2025,12/12/2025,,91400.0,20.4,GBP,12/12/2025 11:40
PL-003360,5296,33080,77,Dublin,13/10/2025,16/11/2025,,77100.0,17.8,EUR,16/11/2025 07:54
PL-003361,5311,32837,147,New York,13/10/2025,16/12/2025,,140900.0,16.8,USD,19/12/2025 12:33
PL-003362,5205,32456,44,London,14/10/2025,17/12/2025,,74100.0,18.2,GBP,19/12/2025 15:24
PL-003363,5259,32451,100,Madrid,14/10/2025,24/12/2025,,76600.0,17.8,EUR,27/12/2025 10:43
PL-003364,5261,32676,163,New York,14/10/2025,31/12/2025,,122600.0,19.2,USD,02/01/2026 10:23
PL-003365,5294,33162,51,London,14/10/2025,11/12/2025,,98200.0,19.3,GBP,11/12/2025 12:13
PL-003366,5358,33195,1,Manchester,14/10/2025,20/11/2025,,70200.0,20.3,GBP,23/11/2025 18:53
PL-003367,5381,33204,8,Manchester,14/10/2025,21/11/2025,,61000.0,20.9,GBP,23/11/2025 18:24
PL-003368,5236,32358,107,Paris,15/10/2025,06/12/2025,,95900.0,23.7,EUR,08/12/2025 18:55
PL-003369,5275,33042,2,Manchester,15/10/2025,20/11/2025,,92900.0,20.3,GBP,21/11/2025 14:53
PL-003370,5281,32489,169,New York,15/10/2025,19/11/2025,,137100.0,16.4,USD,22/11/2025 17:04
PL-003371,5302,33057,112,Paris,15/10/2025,28/12/2025,,78700.0,22.9,EUR,30/12/2025 12:58
PL-003372,5227,30847,147,New York,16/10/2025,13/12/2025,,202300.0,19.7,USD,16/12/2025 12:21
PL-003373,5243,31198,61,London,16/10/2025,19/11/2025,,75700.0,19.0,GBP,22/11/2025 10:43
PL-003374,5220,32572,155,New York,17/10/2025,23/12/2025,,157400.0,18.6,USD,24/12/2025 17:26
PL-003375,5332,33177,42,London,17/10/2025,05/12/2025,,111800.0,18.4,GBP,07/12/2025 17:05
PL-003376,5262,32711,170,New York,18/10/2025,27/12/2025,02/01/2026,146900.0,19.1,USD,05/01/2026 09:21
PL-003377,5264,32882,33,London,18/10/2025,27/12/2025,,62700.0,16.3,GBP,27/12/2025 12:15
PL-003378,5266,32752,125,Paris,18/10/2025,20/11/2025,,86400.0,22.9,EUR,22/11/2025 20:52
PL-003379,5306,33059,189,Hong Kong,18/10/2025,03/12/2025,,605700.0,16.0,HKD,05/12/2025 15:39
PL-003380,5316,33222,93,Brussels,18/10/2025,20/12/2025,,121200.0,21.4,EUR,23/12/2025 07:16
PL-003381,5329,33024,130,Paris,18/10/2025,02/01/2026,,70400.0,19.3,EUR,02/01/2026 15:12
PL-003382,5340,33100,70,Dublin,18/10/2025,19/11/2025,,89100.0,18.9,EUR,20/11/2025 19:59
PL-003383,5166,29329,83,Amsterdam,19/10/2025,26/12/2025,,103100.0,22.1,EUR,27/12/2025 07:58
PL-003384,5169,31707,208,Malaysia,19/10/2025,12/12/2025,,175100.0,20.4,MYR,14/12/2025 19:26
PL-003385,5308,32940,11,Manchester,19/10/2025,30/11/2025,,84800.0,18.4,GBP,03/12/2025 16:51
PL-003386,5350,33072,160,New York,19/10/2025,03/01/2026,,185900.0,19.7,USD,03/01/2026 07:26
PL-003387,5411,33524,83,Amsterdam,19/10/2025,10/12/2025,,116200.0,17.7,EUR,13/12/2025 20:18
PL-003388,5234,32641,186,Hong Kong,20/10/2025,11/12/2025,,557700.0,21.3,HKD,14/12/2025 12:26
PL-003389,5251,32510,74,Dublin,20/10/2025,16/12/2025,,71700.0,20.8,EUR,16/12/2025 09:35
PL-003390,5256,32814,42,London,20/10/2025,16/12/2025,,88100.0,18.4,GBP,17/12/2025 18:08
PL-003391,5292,30001,159,New York,20/10/2025,27/12/2025,,110700.0,20.2,USD,30/12/2025 07:15
PL-003392,5439,33709,108,Paris,20/10/2025,26/11/2025,,88800.0,21.0,EUR,26/11/2025 10:56
PL-003393,5269,32822,208,Malaysia,21/10/2025,21/11/2025,07/02/2026,154900.0,18.1,MYR,07/02/2026 15:41
PL-003394,5333,31357,94,Brussels,21/10/2025,23/11/2025,,121600.0,18.4,EUR,23/11/2025 12:26
PL-003395,5335,33068,150,New York,21/10/2025,23/11/2025,25/01/2026,153800.0,21.7,USD,28/01/2026 10:42
PL-003396,5339,32956,64,Dublin,21/10/2025,31/12/2025,,101000.0,21.0,EUR,02/01/2026 17:30
PL-003397,5419,33448,136,Zurich,21/10/2025,26/11/2025,,120800.0,21.0,CHF,28/11/2025 15:25
PL-003398,5437,33625,85,Amsterdam,21/10/2025,06/01/2026,,131900.0,19.0,EUR,06/01/2026 16:58
PL-003399,5248,32614,29,London,22/10/2025,15/12/2025,,99100.0,17.1,GBP,17/12/2025 16:42
PL-003400,5268,32651,180,Charlotte,22/10/2025,26/12/2025,,105400.0,22.5,USD,27/12/2025 10:18
PL-003401,5299,33209,155,New York,22/10/2025,01/01/2026,,159100.0,22.8,USD,02/01/2026 13:47
PL-003402,5286,33114,66,Dublin,23/10/2025,20/11/2025,,96400.0,21.0,EUR,21/11/2025 17:17
PL-003403,5379,33468,103,Madrid,23/10/2025,29/12/2025,,104100.0,19.9,EUR,31/12/2025 16:24
PL-003404,5396,33439,107,Paris,23/10/2025,10/01/2026,,79700.0,21.9,EUR,12/01/2026 17:29
PL-003405,5214,32566,90,Brussels,24/10/2025,08/12/2025,,120100.0,17.2,EUR,10/12/2025 07:22
PL-003406,5319,32909,150,New York,24/10/2025,24/12/2025,,162000.0,17.4,USD,25/12/2025 19:58
PL-003407,5362,30169,186,Hong Kong,24/10/2025,26/11/2025,,809400.0,16.6,HKD,28/11/2025 13:10
PL-003408,5262,32853,170,New York,25/10/2025,27/11/2025,,148400.0,22.6,USD,28/11/2025 13:50
PL-003409,5274,32921,175,Charlotte,25/10/2025,25/12/2025,,92000.0,19.9,USD,27/12/2025 16:35
PL-003410,5325,33022,92,Brussels,25/10/2025,17/12/2025,,92200.0,22.4,EUR,17/12/2025 19:41
PL-003411,5228,32696,159,New York,26/10/2025,02/12/2025,10/12/2025,103800.0,18.8,USD,10/12/2025 20:34
PL-003412,5240,31943,175,Charlotte,26/10/2025,14/12/2025,,109400.0,17.6,USD,14/12/2025 08:32
PL-003413,5330,32915,170,New York,26/10/2025,30/11/2025,,202200.0,20.2,USD,01/12/2025 11:17
PL-003414,5335,33096,150,New York,26/10/2025,27/11/2025,,156900.0,20.9,USD,28/11/2025 11:34
PL-003415,5368,33631,146,New York,26/10/2025,19/12/2025,,165200.0,20.0,USD,19/12/2025 16:41
PL-003416,5373,31339,22,Manchester,26/10/2025,15/01/2026,,76300.0,16.7,GBP,15/01/2026 17:56
PL-003417,5485,33946,150,New York,26/10/2025,07/12/2025,,119600.0,22.1,USD,08/12/2025 12:19
PL-003418,5317,32019,114,Paris,27/10/2025,18/01/2026,,115600.0,24.1,EUR,18/01/2026 19:53
PL-003419,5324,33285,81,Amsterdam,27/10/2025,02/01/2026,26/02/2026,113700.0,16.5,EUR,27/02/2026 08:47
PL-003420,5341,33232,80,Amsterdam,27/10/2025,25/12/2025,,81100.0,19.7,EUR,28/12/2025 18:16
PL-003421,5388,33544,171,New York,27/10/2025,12/01/2026,30/01/2026,177300.0,20.4,USD,02/02/2026 19:37
PL-003422,5404,33778,10,Manchester,27/10/2025,17/01/2026,,67500.0,16.1,GBP,20/01/2026 18:25
PL-003423,5342,33101,85,Amsterdam,28/10/2025,15/01/2026,,112600.0,18.1,EUR,16/01/2026 19:52
PL-003424,5367,33462,53,London,28/10/2025,08/12/2025,,90700.0,20.5,GBP,08/12/2025 19:49
PL-003425,5317,32984,114,Paris,29/10/2025,17/01/2026,,111000.0,21.6,EUR,20/01/2026 07:12
PL-003426,5343,33454,139,Zurich,29/10/2025,18/12/2025,,130400.0,18.1,CHF,19/12/2025 19:58
PL-003427,5359,33196,15,Manchester,29/10/2025,05/12/2025,,85000.0,18.5,GBP,08/12/2025 11:16
PL-003428,5322,33282,39,London,30/10/2025,20/12/2025,,79900.0,16.4,GBP,23/12/2025 16:16
PL-003429,5314,32194,66,Dublin,31/10/2025,23/12/2025,27/01/2026,67700.0,18.8,EUR,30/01/2026 19:49
PL-003430,5435,33518,195,Singapore,31/10/2025,25/12/2025,,175800.0,19.2,SGD,27/12/2025 10:36
PL-003431,5253,31224,97,Madrid,01/11/2025,23/01/2026,10/03/2026,87100.0,20.3,EUR,11/03/2026 17:30
PL-003432,5267,32650,169,New York,01/11/2025,01/12/2025,31/01/2026,210500.0,22.8,USD,01/02/2026 11:25
PL-003433,5391,30772,15,Manchester,01/11/2025,03/12/2025,03/01/2026,76600.0,16.6,GBP,03/01/2026 10:19
PL-003434,5416,33782,9,Manchester,01/11/2025,06/12/2025,,73000.0,16.5,GBP,06/12/2025 19:22
PL-003435,5432,31113,73,Dublin,01/11/2025,02/01/2026,,79200.0,19.5,EUR,02/01/2026 07:24
PL-003436,5479,33911,69,Dublin,01/11/2025,02/01/2026,09/01/2026,60200.0,18.4,EUR,10/01/2026 18:19
PL-003437,5272,32434,142,Zurich,02/11/2025,15/01/2026,,212900.0,19.7,CHF,17/01/2026 14:05
PL-003438,5282,32691,201,Singapore,02/11/2025,24/12/2025,25/12/2025,124000.0,17.8,SGD,28/12/2025 18:19
PL-003439,5369,33465,184,Hong Kong,02/11/2025,14/12/2025,,655500.0,18.4,HKD,14/12/2025 15:16
PL-003440,5372,33429,14,Manchester,02/11/2025,20/01/2026,,81900.0,17.4,GBP,21/01/2026 07:37
PL-003441,5378,33673,97,Madrid,02/11/2025,20/01/2026,,111800.0,18.9,EUR,22/01/2026 14:03
PL-003442,5398,33263,161,New York,02/11/2025,15/12/2025,,118000.0,21.0,USD,18/12/2025 08:50
PL-003443,5450,33999,116,Paris,02/11/2025,07/01/2026,,76500.0,17.1,EUR,09/01/2026 07:54
PL-003444,5461,33973,159,New York,02/11/2025,19/01/2026,,129200.0,19.5,USD,21/01/2026 10:35
PL-003445,5326,33226,99,Madrid,03/11/2025,15/01/2026,,65600.0,23.6,EUR,16/01/2026 14:26
PL-003446,5327,33227,116,Paris,03/11/2025,08/01/2026,,98100.0,22.0,EUR,09/01/2026 11:16
PL-003447,5400,33313,129,Paris,03/11/2025,09/01/2026,,80100.0,24.7,EUR,10/01/2026 08:12
PL-003448,5452,33833,195,Singapore,03/11/2025,05/01/2026,,144000.0,19.9,SGD,05/01/2026 09:05
PL-003449,5462,33838,171,New York,04/11/2025,23/01/2026,,175900.0,23.2,USD,24/01/2026 08:59
PL-003450,5331,32015,172,New York,05/11/2025,31/12/2025,,179600.0,24.2,USD,31/12/2025 17:05
PL-003451,5394,33438,79,Amsterdam,05/11/2025,03/01/2026,,117600.0,19.5,EUR,05/01/2026 07:11
PL-003452,5245,31491,102,Madrid,06/11/2025,24/12/2025,,72300.0,18.2,EUR,25/12/2025 18:18
PL-003453,5339,33452,64,Dublin,06/11/2025,09/12/2025,,100800.0,20.1,EUR,12/12/2025 08:52
PL-003454,5347,31884,28,London,06/11/2025,29/12/2025,,97500.0,18.0,GBP,30/12/2025 10:50
PL-003455,5356,33458,179,Charlotte,06/11/2025,25/12/2025,23/02/2026,156700.0,17.4,USD,24/02/2026 13:53
PL-003456,5370,33540,190,Hong Kong,06/11/2025,24/01/2026,,832200.0,23.7,HKD,27/01/2026 11:40
PL-003457,5390,33546,4,Manchester,06/11/2025,07/01/2026,,69100.0,17.5,GBP,10/01/2026 12:43
PL-003458,5395,33548,82,Amsterdam,06/11/2025,06/12/2025,,88000.0,23.0,EUR,09/12/2025 08:36
PL-003459,5408,33689,24,Manchester,06/11/2025,28/12/2025,28/01/2026,76200.0,22.8,GBP,28/01/2026 14:34
PL-003460,5431,33825,44,London,06/11/2025,01/01/2026,18/01/2026,78400.0,20.3,GBP,19/01/2026 11:02
PL-003461,5462,33804,171,New York,06/11/2025,12/12/2025,,172000.0,18.1,USD,12/12/2025 16:04
PL-003462,5465,33974,31,London,06/11/2025,29/12/2025,,129300.0,17.1,GBP,30/12/2025 13:29
PL-003463,5481,34261,83,Amsterdam,06/11/2025,19/01/2026,,107500.0,20.2,EUR,20/01/2026 17:07
PL-003464,5348,33416,52,London,07/11/2025,11/01/2026,,98400.0,17.8,GBP,12/01/2026 10:53
PL-003465,5371,33346,4,Manchester,07/11/2025,18/12/2025,,98600.0,18.0,GBP,20/12/2025 07:50
PL-003466,5407,33399,136,Zurich,07/11/2025,21/12/2025,,139300.0,20.5,CHF,22/12/2025 17:43
PL-003467,5422,33924,140,Zurich,07/11/2025,13/01/2026,,109700.0,22.4,CHF,16/01/2026 07:21
PL-003468,5433,31799,154,New York,07/11/2025,25/12/2025,,122200.0,18.0,USD,28/12/2025 19:13
PL-003469,5454,33765,53,London,07/11/2025,19/01/2026,,84800.0,23.5,GBP,22/01/2026 19:05
PL-003470,5476,33888,161,New York,07/11/2025,21/12/2025,,151100.0,21.5,USD,23/12/2025 18:09
PL-003471,5562,34358,209,Malaysia,07/11/2025,13/12/2025,,197000.0,22.7,MYR,14/12/2025 13:50
PL-003472,5376,33385,61,London,08/11/2025,21/01/2026,,117400.0,19.7,GBP,24/01/2026 18:18
PL-003473,5499,34089,163,New York,08/11/2025,25/12/2025,,162700.0,17.7,USD,27/12/2025 10:37
PL-003474,5512,34098,142,Zurich,09/11/2025,29/12/2025,,145100.0,20.0,CHF,29/12/2025 11:01
PL-003475,5265,32872,88,Brussels,10/11/2025,23/12/2025,,116600.0,22.0,EUR,26/12/2025 10:46
PL-003476,5287,33115,106,Paris,10/11/2025,10/01/2026,,79200.0,17.5,EUR,13/01/2026 13:50
PL-003477,5355,33574,115,Paris,10/11/2025,01/02/2026,,81600.0,20.1,EUR,01/02/2026 17:28
PL-003478,5387,33480,140,Zurich,10/11/2025,12/01/2026,,155400.0,21.6,CHF,14/01/2026 07:12
PL-003479,5472,32827,3,Manchester,10/11/2025,24/01/2026,07/04/2026,72900.0,22.7,GBP,09/04/2026 14:25
PL-003480,5494,34364,198,Singapore,10/11/2025,18/12/2025,,125600.0,24.2,SGD,21/12/2025 18:22
PL-003481,5354,33573,100,Madrid,11/11/2025,22/01/2026,,63500.0,17.0,EUR,23/01/2026 15:00
PL-003482,5405,33687,65,Dublin,11/11/2025,24/01/2026,,87800.0,19.8,EUR,26/01/2026 10:51
PL-003483,5475,33983,128,Paris,11/11/2025,25/12/2025,,71000.0,21.6,EUR,27/12/2025 07:51
PL-003484,5486,31225,165,New York,11/11/2025,09/01/2026,,167300.0,17.7,USD,09/01/2026 07:46
PL-003485,5420,33950,144,Zurich,12/11/2025,31/01/2026,,143100.0,19.2,CHF,31/01/2026 08:50
PL-003486,5421,33646,91,Brussels,13/11/2025,08/01/2026,,111200.0,17.6,EUR,10/01/2026 17:01
PL-003487,5469,33978,134,Zurich,13/11/2025,28/01/2026,,132600.0,22.5,CHF,28/01/2026 10:14
PL-003488,5295,33165,59,London,14/11/2025,22/01/2026,27/03/2026,89900.0,21.3,GBP,30/03/2026 09:03
PL-003489,5538,34317,22,Manchester,14/11/2025,16/01/2026,,79900.0,22.7,GBP,16/01/2026 14:29
PL-003490,5403,33396,177,Charlotte,15/11/2025,27/12/2025,,83700.0,19.8,USD,29/12/2025 10:17
PL-003491,5473,33842,14,Manchester,15/11/2025,31/01/2026,,78800.0,21.5,GBP,01/02/2026 18:11
PL-003492,5380,32353,143,Zurich,16/11/2025,09/01/2026,,154400.0,18.0,CHF,09/01/2026 08:48
PL-003493,5534,34212,102,Madrid,16/11/2025,17/12/2025,,98000.0,18.5,EUR,19/12/2025 17:37
PL-003494,5541,34577,80,Amsterdam,16/11/2025,20/01/2026,,83900.0,17.4,EUR,21/01/2026 11:21
PL-003495,5444,33966,213,Malaysia,17/11/2025,06/02/2026,,264700.0,20.0,MYR,07/02/2026 20:56
PL-003496,5449,33874,107,Paris,17/11/2025,07/02/2026,,78000.0,17.1,EUR,09/02/2026 09:36
PL-003497,5492,34052,74,Dublin,17/11/2025,23/01/2026,,94000.0,20.7,EUR,24/01/2026 14:52
PL-003498,5552,33408,48,London,17/11/2025,05/01/2026,,85800.0,21.5,GBP,07/01/2026 17:31
PL-003499,5441,33572,182,Hong Kong,18/11/2025,16/01/2026,,651100.0,21.4,HKD,16/01/2026 11:45
PL-003500,5460,31922,139,Zurich,18/11/2025,06/01/2026,,93400.0,17.8,CHF,06/01/2026 07:44
PL-003501,5478,34154,20,Manchester,18/11/2025,07/01/2026,,102900.0,20.8,GBP,07/01/2026 11:36
PL-003502,5487,34125,178,Charlotte,18/11/2025,19/12/2025,,130700.0,21.9,USD,22/12/2025 08:19
PL-003503,5517,34168,61,London,18/11/2025,01/02/2026,,76800.0,19.6,GBP,04/02/2026 14:38
PL-003504,5544,34495,189,Hong Kong,18/11/2025,26/12/2025,,744600.0,20.3,HKD,27/12/2025 14:40
PL-003505,5545,31808,70,Dublin,18/11/2025,18/12/2025,,96500.0,17.2,EUR,18/12/2025 11:58
PL-003506,5507,34305,7,Manchester,19/11/2025,07/01/2026,,60400.0,21.0,GBP,07/01/2026 08:34
PL-003507,5528,34417,186,Hong Kong,19/11/2025,26/01/2026,,768500.0,16.7,HKD,26/01/2026 12:29
PL-003508,5555,34388,10,Manchester,19/11/2025,16/01/2026,,76600.0,22.0,GBP,17/01/2026 12:31
PL-003509,5511,34234,202,Singapore,20/11/2025,23/12/2025,,161100.0,21.7,SGD,26/12/2025 08:26
PL-003510,5526,33637,55,London,20/11/2025,26/01/2026,,96100.0,16.0,GBP,27/01/2026 13:12
PL-003511,5543,34345,135,Zurich,20/11/2025,18/01/2026,,110500.0,20.3,CHF,20/01/2026 13:11
PL-003512,5587,34475,88,Brussels,20/11/2025,07/01/2026,,91700.0,19.6,EUR,08/01/2026 10:10
PL-003513,5488,33478,203,Singapore,21/11/2025,30/12/2025,,147600.0,17.0,SGD,02/01/2026 14:49
PL-003514,5492,33196,74,Dublin,21/11/2025,06/01/2026,,94200.0,21.1,EUR,06/01/2026 19:29
PL-003515,5556,34353,82,Amsterdam,21/11/2025,16/01/2026,,72400.0,23.0,EUR,18/01/2026 11:31
PL-003516,5635,32436,107,Paris,21/11/2025,23/01/2026,,97500.0,19.4,EUR,23/01/2026 11:58
PL-003517,5456,34070,82,Amsterdam,22/11/2025,28/12/2025,,119200.0,18.2,EUR,28/12/2025 07:19
PL-003518,5614,34604,153,New York,22/11/2025,28/01/2026,,89000.0,18.1,USD,28/01/2026 15:36
PL-003519,5614,34890,153,New York,22/11/2025,15/01/2026,,80900.0,16.9,USD,18/01/2026 15:16
PL-003520,5353,33193,95,Brussels,23/11/2025,28/01/2026,,131100.0,17.4,EUR,29/01/2026 16:31
PL-003521,5425,33991,207,Malaysia,23/11/2025,31/12/2025,,159000.0,19.0,MYR,01/01/2026 20:44
PL-003522,5464,33933,5,Manchester,23/11/2025,13/02/2026,20/02/2026,91400.0,24.2,GBP,23/02/2026 18:03
PL-003523,5518,34452,73,Dublin,23/11/2025,17/01/2026,,67700.0,21.5,EUR,18/01/2026 12:04
PL-003524,5575,34623,123,Paris,23/11/2025,25/12/2025,,58900.0,16.7,EUR,25/12/2025 19:41
PL-003525,5529,34418,210,Malaysia,24/11/2025,24/01/2026,,197400.0,18.8,MYR,27/01/2026 10:42
PL-003526,5619,35050,194,Singapore,24/11/2025,24/12/2025,,134900.0,22.6,SGD,24/12/2025 18:01
PL-003527,5620,46846,199,Singapore,24/11/2025,15/01/2026,29/01/2026,134300.0,18.0,SGD,30/01/2026 14:16
PL-003528,5535,34382,169,New York,25/11/2025,06/02/2026,,158800.0,23.5,USD,09/02/2026 19:59
PL-003529,5547,34292,177,Charlotte,25/11/2025,31/01/2026,,133600.0,20.6,USD,01/02/2026 10:54
PL-003530,5610,34693,182,Hong Kong,25/11/2025,07/01/2026,,674900.0,18.3,HKD,07/01/2026 20:02
PL-003531,5427,33822,3,Manchester,26/11/2025,13/01/2026,,74100.0,18.2,GBP,13/01/2026 13:08
PL-003532,5463,34215,175,Charlotte,26/11/2025,26/12/2025,09/02/2026,127000.0,22.7,USD,09/02/2026 10:31
PL-003533,5480,33921,77,Dublin,26/11/2025,20/01/2026,,77500.0,18.8,EUR,22/01/2026 16:19
PL-003534,5489,32154,24,Manchester,26/11/2025,15/02/2026,,89800.0,18.4,GBP,18/02/2026 20:34
PL-003535,5546,31785,100,Madrid,26/11/2025,04/01/2026,,111500.0,20.4,EUR,05/01/2026 10:58
PL-003536,5645,35175,71,Dublin,26/11/2025,15/02/2026,,74000.0,18.9,EUR,16/02/2026 16:10
PL-003537,5453,31731,20,Manchester,27/11/2025,14/01/2026,,99800.0,21.0,GBP,15/01/2026 14:29
PL-003538,5508,34274,27,Manchester,27/11/2025,06/02/2026,,100900.0,21.7,GBP,07/02/2026 14:17
PL-003539,5540,32108,60,London,27/11/2025,17/02/2026,,120400.0,17.8,GBP,20/02/2026 10:10
PL-003540,5564,33303,17,Manchester,27/11/2025,29/12/2025,,84200.0,21.3,GBP,29/12/2025 17:03
PL-003541,5616,35049,179,Charlotte,27/11/2025,29/01/2026,,88100.0,17.2,USD,30/01/2026 07:00
PL-003542,5458,34072,93,Brussels,28/11/2025,27/12/2025,,88200.0,17.9,EUR,28/12/2025 10:01
PL-003543,5467,33976,83,Amsterdam,28/11/2025,31/12/2025,,90400.0,20.3,EUR,01/01/2026 12:54
PL-003544,5501,33992,37,London,28/11/2025,09/02/2026,,110000.0,23.0,GBP,10/02/2026 17:24
PL-003545,5510,34164,170,New York,28/11/2025,05/02/2026,,121300.0,20.7,USD,06/02/2026 14:51
PL-003546,5551,34323,47,London,28/11/2025,11/01/2026,,74800.0,17.5,GBP,12/01/2026 20:56
PL-003547,5560,34356,144,Zurich,28/11/2025,19/02/2026,,135500.0,16.7,CHF,22/02/2026 19:59
PL-003548,5604,34599,38,London,28/11/2025,11/02/2026,,80600.0,16.6,GBP,13/02/2026 20:17
PL-003549,5559,34664,134,Zurich,30/11/2025,29/01/2026,,149700.0,22.6,CHF,01/02/2026 12:51
PL-003550,5570,34669,180,Charlotte,30/11/2025,11/01/2026,,98100.0,21.5,USD,12/01/2026 14:53
PL-003551,5656,35178,45,London,30/11/2025,07/01/2026,,82400.0,16.0,GBP,09/01/2026 12:35
PL-003552,5468,33993,86,Amsterdam,01/12/2025,30/01/2026,,93300.0,21.1,EUR,30/01/2026 11:22
PL-003553,5523,34137,154,New York,01/12/2025,20/01/2026,,147700.0,17.2,USD,21/01/2026 18:17
PL-003554,5566,34588,63,London,01/12/2025,20/01/2026,,104100.0,17.3,GBP,23/01/2026 08:39
PL-003555,5585,34552,75,Dublin,01/12/2025,03/01/2026,,72100.0,18.5,EUR,04/01/2026 09:13
PL-003556,5599,34810,198,Singapore,01/12/2025,13/02/2026,,113600.0,19.2,SGD,13/02/2026 15:18
PL-003557,5571,34437,29,London,02/12/2025,27/01/2026,03/04/2026,145000.0,19.0,GBP,03/04/2026 17:08
PL-003558,5574,34672,85,Amsterdam,02/12/2025,02/01/2026,,83400.0,18.4,EUR,05/01/2026 12:27
PL-003559,5608,34739,99,Madrid,02/12/2025,10/01/2026,,81300.0,17.9,EUR,10/01/2026 08:53
PL-003560,5569,34845,162,New York,04/12/2025,17/01/2026,11/02/2026,148800.0,19.0,USD,12/02/2026 07:26
PL-003561,5573,34228,59,London,04/12/2025,15/01/2026,,115700.0,20.4,GBP,17/01/2026 08:20
PL-003562,5576,34439,128,Paris,04/12/2025,05/02/2026,,58000.0,21.8,EUR,05/02/2026 18:12
PL-003563,5589,34997,151,New York,04/12/2025,12/02/2026,,128500.0,18.3,USD,13/02/2026 13:03
PL-003564,5603,34888,25,Manchester,04/12/2025,21/02/2026,,74200.0,24.1,GBP,24/02/2026 20:35
PL-003565,5618,34648,190,Hong Kong,04/12/2025,18/01/2026,,709200.0,20.4,HKD,21/01/2026 16:25
PL-003566,5632,34936,81,Amsterdam,04/12/2025,01/02/2026,,81400.0,18.3,EUR,03/02/2026 17:00
PL-003567,5634,35228,212,Malaysia,04/12/2025,14/01/2026,,198900.0,18.3,MYR,16/01/2026 09:03
PL-003568,5664,35099,118,Paris,04/12/2025,11/01/2026,,104100.0,21.4,EUR,13/01/2026 15:31
PL-003569,5500,34369,8,Manchester,05/12/2025,08/01/2026,,52300.0,16.2,GBP,08/01/2026 16:09
PL-003570,5515,34451,44,London,05/12/2025,26/02/2026,,87800.0,18.2,GBP,28/02/2026 14:39
PL-003571,5565,33859,52,London,05/12/2025,24/01/2026,,89000.0,22.3,GBP,24/01/2026 20:03
PL-003572,5579,34724,165,New York,05/12/2025,21/02/2026,,184400.0,19.5,USD,21/02/2026 17:34
PL-003573,5525,34608,166,New York,06/12/2025,21/01/2026,,148600.0,19.4,USD,22/01/2026 14:13
PL-003574,5578,34676,138,Zurich,06/12/2025,17/01/2026,,105200.0,19.2,CHF,18/01/2026 18:40
PL-003575,5596,34808,106,Paris,06/12/2025,08/02/2026,,87800.0,21.2,EUR,11/02/2026 09:37
PL-003576,5626,34821,12,Manchester,06/12/2025,13/01/2026,,81300.0,19.7,GBP,14/01/2026 18:18
PL-003577,5633,34827,100,Madrid,06/12/2025,09/02/2026,,81100.0,18.4,EUR,12/02/2026 13:43
PL-003578,5693,35306,159,New York,06/12/2025,08/02/2026,,180500.0,19.5,USD,10/02/2026 08:33
PL-003579,5580,34550,174,Charlotte,07/12/2025,23/01/2026,,123300.0,18.5,USD,23/01/2026 13:46
PL-003580,5648,35267,137,Zurich,07/12/2025,22/01/2026,,145000.0,18.8,CHF,25/01/2026 07:44
PL-003581,5514,31758,201,Singapore,08/12/2025,11/02/2026,,157000.0,18.5,SGD,13/02/2026 09:14
PL-003582,5530,34456,64,Dublin,08/12/2025,12/02/2026,,76400.0,22.6,EUR,15/02/2026 16:58
PL-003583,5582,34801,30,London,08/12/2025,09/02/2026,,137100.0,16.8,GBP,10/02/2026 17:35
PL-003584,5601,32232,2,Manchester,08/12/2025,16/02/2026,,106300.0,20.7,GBP,18/02/2026 14:14
PL-003585,5568,34792,160,New York,09/12/2025,06/01/2026,,150700.0,17.4,USD,07/01/2026 19:44
PL-003586,5602,33268,8,Manchester,09/12/2025,06/02/2026,,86700.0,16.3,GBP,08/02/2026 10:16
PL-003587,5621,32547,3,Manchester,09/12/2025,13/02/2026,,77900.0,18.2,GBP,14/02/2026 20:18
PL-003588,5658,35150,77,Dublin,09/12/2025,01/02/2026,,63000.0,18.4,EUR,02/02/2026 08:32
PL-003589,5666,35243,207,Malaysia,09/12/2025,20/02/2026,,153900.0,20.0,MYR,20/02/2026 19:04
PL-003590,5542,34707,117,Paris,10/12/2025,28/01/2026,14/03/2026,73300.0,16.8,EUR,15/03/2026 08:10
PL-003591,5550,34497,43,London,10/12/2025,03/02/2026,,143300.0,18.9,GBP,04/02/2026 13:06
PL-003592,5588,34683,114,Paris,10/12/2025,29/01/2026,05/03/2026,96200.0,22.9,EUR,06/03/2026 07:46
PL-003593,5590,34850,1,Manchester,10/12/2025,11/01/2026,,95200.0,23.1,GBP,11/01/2026 10:20
PL-003594,5632,35084,81,Amsterdam,10/12/2025,20/01/2026,,83500.0,22.9,EUR,23/01/2026 20:28
PL-003595,5711,35365,67,Dublin,10/12/2025,28/01/2026,,103000.0,16.3,EUR,28/01/2026 07:01
PL-003596,5639,34903,25,Manchester,11/12/2025,18/01/2026,,68800.0,20.8,GBP,19/01/2026 15:34
PL-003597,5654,33169,198,Singapore,11/12/2025,04/02/2026,,143600.0,17.8,SGD,04/02/2026 20:22
PL-003598,5497,34401,94,Brussels,12/12/2025,19/01/2026,,109900.0,18.0,EUR,21/01/2026 09:35
PL-003599,5686,35331,143,Zurich,12/12/2025,11/02/2026,,133600.0,17.8,CHF,12/02/2026 10:39
PL-003600,5536,34574,179,Charlotte,13/12/2025,12/02/2026,,152400.0,23.2,USD,15/02/2026 10:55
PL-003601,5548,34660,28,London,13/12/2025,20/02/2026,,94300.0,20.4,GBP,22/02/2026 19:27
PL-003602,5553,33462,150,New York,13/12/2025,21/02/2026,,148100.0,18.3,USD,22/02/2026 19:10
PL-003603,5624,34819,146,New York,13/12/2025,14/02/2026,,137200.0,17.8,USD,15/02/2026 19:18
PL-003604,5699,33175,55,London,13/12/2025,23/02/2026,,85500.0,16.7,GBP,23/02/2026 15:57
PL-003605,5702,35259,151,New York,13/12/2025,06/02/2026,,134900.0,17.5,USD,06/02/2026 19:02
PL-003606,5732,35557,184,Hong Kong,13/12/2025,01/03/2026,,825200.0,16.9,HKD,01/03/2026 19:26
PL-003607,5572,32137,35,London,14/12/2025,28/02/2026,,113700.0,21.1,GBP,01/03/2026 12:03
PL-003608,5611,34741,7,Manchester,14/12/2025,14/02/2026,,62700.0,16.1,GBP,17/02/2026 13:17
PL-003609,5654,35270,198,Singapore,14/12/2025,22/02/2026,,130100.0,19.0,SGD,25/02/2026 10:56
PL-003610,5673,35131,175,Charlotte,14/12/2025,17/01/2026,,101900.0,19.1,USD,20/01/2026 08:22
PL-003611,5679,34345,131,Paris,14/12/2025,07/03/2026,,100400.0,17.7,EUR,09/03/2026 07:46
PL-003612,5703,35543,53,London,14/12/2025,11/01/2026,,78900.0,21.0,GBP,11/01/2026 20:25
PL-003613,5724,35428,150,New York,14/12/2025,02/02/2026,,137000.0,16.8,USD,03/02/2026 07:07
PL-003614,5632,34826,81,Amsterdam,15/12/2025,14/02/2026,15/02/2026,80300.0,17.9,EUR,17/02/2026 10:48
PL-003615,5672,32705,94,Brussels,15/12/2025,12/02/2026,,132200.0,17.4,EUR,13/02/2026 14:09
PL-003616,5696,46670,212,Malaysia,15/12/2025,20/02/2026,,192400.0,20.0,MYR,20/02/2026 07:41
PL-003617,5652,35026,139,Zurich,16/12/2025,13/02/2026,,167500.0,18.6,CHF,13/02/2026 16:00
PL-003618,5691,32605,38,London,16/12/2025,18/02/2026,,62200.0,16.2,GBP,20/02/2026 07:31
PL-003619,5651,35269,208,Malaysia,17/12/2025,16/02/2026,,180600.0,20.3,MYR,17/02/2026 07:16
PL-003620,5655,33233,38,London,17/12/2025,01/02/2026,,71800.0,23.9,GBP,04/02/2026 14:33
PL-003621,5658,35180,77,Dublin,17/12/2025,05/03/2026,,62600.0,16.5,EUR,07/03/2026 20:33
PL-003622,5733,35821,194,Singapore,17/12/2025,14/01/2026,,124200.0,19.2,SGD,14/01/2026 15:51
PL-003623,5743,35591,123,Paris,17/12/2025,25/02/2026,,95600.0,23.6,EUR,26/02/2026 09:40
PL-003624,5670,35246,44,London,18/12/2025,29/01/2026,,67800.0,17.5,GBP,29/01/2026 14:10
PL-003625,5762,35795,179,Charlotte,18/12/2025,31/01/2026,,109500.0,15.8,USD,31/01/2026 11:07
PL-003626,5581,32944,11,Manchester,19/12/2025,23/01/2026,,60600.0,18.4,GBP,25/01/2026 07:18
PL-003627,5627,35168,53,London,19/12/2025,27/02/2026,,79300.0,20.1,GBP,27/02/2026 13:48
PL-003628,5657,33448,73,Dublin,19/12/2025,13/02/2026,,118800.0,21.5,EUR,15/02/2026 11:11
PL-003629,5668,35245,31,London,19/12/2025,09/02/2026,,115600.0,24.5,GBP,10/02/2026 14:15
PL-003630,5728,35487,91,Brussels,19/12/2025,06/02/2026,,138000.0,24.6,EUR,07/02/2026 19:22
PL-003631,5731,35718,163,New York,19/12/2025,16/02/2026,,124900.0,16.7,USD,17/02/2026 13:38
PL-003632,5742,35492,102,Madrid,19/12/2025,30/01/2026,,77300.0,18.1,EUR,02/02/2026 15:36
PL-003633,5592,35032,24,Manchester,20/12/2025,14/02/2026,,88100.0,16.0,GBP,15/02/2026 18:12
PL-003634,5605,34855,56,London,20/12/2025,24/01/2026,,83000.0,15.9,GBP,27/01/2026 08:56
PL-003635,5647,35144,100,Madrid,20/12/2025,03/03/2026,21/04/2026,77000.0,17.1,EUR,24/04/2026 14:05
PL-003636,5677,33029,129,Paris,20/12/2025,17/01/2026,,68300.0,19.7,EUR,19/01/2026 19:08
PL-003637,5690,35226,115,Paris,20/12/2025,26/02/2026,,87000.0,16.5,EUR,28/02/2026 13:32
PL-003638,5567,34844,91,Brussels,21/12/2025,14/03/2026,,96800.0,18.5,EUR,15/03/2026 08:41
PL-003639,5628,34987,96,Brussels,21/12/2025,22/02/2026,,100500.0,20.6,EUR,22/02/2026 16:23
PL-003640,5637,35171,142,Zurich,22/12/2025,24/01/2026,,127200.0,18.1,CHF,26/01/2026 18:29
PL-003641,5695,35260,182,Hong Kong,22/12/2025,06/03/2026,12/03/2026,839900.0,21.1,HKD,13/03/2026 17:12
PL-003642,5696,35540,212,Malaysia,22/12/2025,17/02/2026,,191900.0,20.5,MYR,19/02/2026 18:47
PL-003643,5583,34920,33,London,23/12/2025,15/03/2026,,108100.0,19.8,GBP,16/03/2026 20:22
PL-003644,5716,35515,160,New York,23/12/2025,08/02/2026,,110400.0,17.9,USD,08/02/2026 16:58
PL-003645,5763,33515,15,Manchester,24/12/2025,24/01/2026,,73100.0,23.8,GBP,25/01/2026 12:48
PL-003646,5795,35930,154,New York,24/12/2025,06/03/2026,12/04/2026,143200.0,19.3,USD,12/04/2026 20:31
PL-003647,5797,46832,7,Manchester,24/12/2025,30/01/2026,22/02/2026,79400.0,20.0,GBP,24/02/2026 18:20
PL-003648,5660,35343,171,New York,25/12/2025,26/02/2026,,171300.0,20.7,USD,26/02/2026 12:41
PL-003649,5671,35376,82,Amsterdam,25/12/2025,12/03/2026,,89200.0,19.0,EUR,13/03/2026 20:42
PL-003650,5718,33568,30,London,25/12/2025,13/03/2026,,137200.0,17.2,GBP,15/03/2026 15:35
PL-003651,5646,33456,76,Dublin,26/12/2025,08/02/2026,,63900.0,17.3,EUR,09/02/2026 12:03
PL-003652,5663,35240,99,Madrid,26/12/2025,06/02/2026,,102200.0,23.3,EUR,09/02/2026 07:23
PL-003653,5774,35660,75,Dublin,26/12/2025,24/02/2026,,89900.0,17.3,EUR,25/02/2026 16:38
PL-003654,5808,35964,145,Zurich,26/12/2025,06/02/2026,11/04/2026,130500.0,19.1,CHF,11/04/2026 19:38
PL-003655,5600,35041,2,Manchester,27/12/2025,10/03/2026,,69200.0,18.7,GBP,12/03/2026 08:43
PL-003656,5661,34438,8,Manchester,27/12/2025,13/02/2026,,75900.0,18.9,GBP,16/02/2026 14:18
PL-003657,5751,35593,42,London,27/12/2025,04/03/2026,,100100.0,20.0,GBP,04/03/2026 15:12
PL-003658,5786,35228,85,Amsterdam,27/12/2025,29/01/2026,,87000.0,20.6,EUR,01/02/2026 08:00
PL-003659,5822,35972,107,Paris,27/12/2025,03/03/2026,,104600.0,17.7,EUR,03/03/2026 15:01
PL-003660,5726,35520,189,Hong Kong,28/12/2025,18/02/2026,,738800.0,20.8,HKD,19/02/2026 08:37
PL-003661,5653,35371,180,Charlotte,30/12/2025,12/03/2026,,121100.0,19.4,USD,15/03/2026 18:51
PL-003662,5694,35283,174,Charlotte,30/12/2025,06/02/2026,,126500.0,18.9,USD,08/02/2026 20:38
PL-003663,5704,35480,71,Dublin,30/12/2025,22/02/2026,,93900.0,18.8,EUR,24/02/2026 20:37
PL-003664,5712,35550,93,Brussels,30/12/2025,10/02/2026,,92800.0,18.0,EUR,10/02/2026 19:21
PL-003665,5769,35766,186,Hong Kong,30/12/2025,10/02/2026,,553300.0,23.7,HKD,10/02/2026 12:40
PL-003666,5792,36045,145,Zurich,31/12/2025,28/01/2026,,136600.0,18.9,CHF,30/01/2026 15:16
PL-003667,5867,34167,198,Singapore,31/12/2025,03/02/2026,,150000.0,17.4,SGD,05/02/2026 20:28
PL-003668,5675,35160,48,London,01/01/2026,23/02/2026,,69500.0,17.9,GBP,26/02/2026 17:55
PL-003669,5735,35637,69,Dublin,01/01/2026,09/03/2026,,81300.0,15.9,EUR,09/03/2026 07:41
PL-003670,5780,35738,107,Paris,01/01/2026,04/03/2026,,80700.0,17.5,EUR,04/03/2026 07:36
PL-003671,5790,36268,65,Dublin,01/01/2026,17/02/2026,,103200.0,17.9,EUR,20/02/2026 13:02
PL-003672,5865,36302,152,New York,01/01/2026,29/01/2026,,147900.0,22.7,USD,01/02/2026 12:12
PL-003673,5745,34742,136,Zurich,02/01/2026,31/01/2026,,94700.0,18.8,CHF,01/02/2026 08:35
PL-003674,5806,36208,56,London,02/01/2026,11/02/2026,,95000.0,18.2,GBP,11/02/2026 10:00
PL-003675,5681,33074,161,New York,03/01/2026,08/03/2026,,126600.0,24.8,USD,08/03/2026 14:08
PL-003676,5721,34119,114,Paris,03/01/2026,13/02/2026,,90600.0,19.7,EUR,14/02/2026 08:03
PL-003677,5734,34941,51,London,03/01/2026,24/02/2026,,98000.0,19.2,GBP,25/02/2026 15:30
PL-003678,5741,35941,14,Manchester,03/01/2026,28/02/2026,,49100.0,18.0,GBP,03/03/2026 10:37
PL-003679,5774,35736,75,Dublin,03/01/2026,11/03/2026,,79500.0,19.8,EUR,14/03/2026 12:40
PL-003680,5775,35986,81,Amsterdam,03/01/2026,14/02/2026,28/02/2026,95700.0,19.8,EUR,01/03/2026 15:10
PL-003681,5778,33634,10,Manchester,03/01/2026,02/02/2026,,83400.0,20.6,GBP,02/02/2026 08:30
PL-003682,5783,35805,180,Charlotte,03/01/2026,23/02/2026,,97100.0,19.3,USD,24/02/2026 10:28
PL-003683,5796,36135,6,Manchester,03/01/2026,03/02/2026,,59600.0,18.0,GBP,03/02/2026 15:20
PL-003684,5816,36121,17,Manchester,03/01/2026,24/03/2026,,66300.0,20.0,GBP,27/03/2026 20:54
PL-003685,5831,36096,5,Manchester,03/01/2026,09/03/2026,,85900.0,20.3,GBP,10/03/2026 13:49
PL-003686,5832,36381,9,Manchester,03/01/2026,10/03/2026,,69000.0,23.7,GBP,12/03/2026 20:39
PL-003687,5687,34044,2,Manchester,04/01/2026,17/02/2026,,116500.0,22.0,GBP,19/02/2026 14:38
PL-003688,5814,36009,42,London,04/01/2026,18/02/2026,,88600.0,19.7,GBP,19/02/2026 10:17
PL-003689,5720,35674,86,Amsterdam,05/01/2026,08/03/2026,02/05/2026,109900.0,17.7,EUR,02/05/2026 16:03
PL-003690,5739,35862,3,Manchester,05/01/2026,25/03/2026,,73000.0,21.4,GBP,25/03/2026 15:00
PL-003691,5776,35987,103,Madrid,05/01/2026,29/03/2026,,112900.0,16.8,EUR,29/03/2026 16:01
PL-003692,5812,36007,1,Manchester,05/01/2026,01/03/2026,,81900.0,18.5,GBP,02/03/2026 07:42
PL-003693,5787,36109,183,Hong Kong,06/01/2026,20/02/2026,,545500.0,18.4,HKD,22/02/2026 20:49
PL-003694,5841,36486,37,London,06/01/2026,18/03/2026,18/04/2026,88800.0,21.3,GBP,21/04/2026 19:39
PL-003695,5849,36261,143,Zurich,06/01/2026,08/03/2026,,136100.0,19.0,CHF,09/03/2026 08:35
PL-003696,5725,35775,166,New York,07/01/2026,06/03/2026,02/05/2026,221700.0,16.0,USD,04/05/2026 08:39
PL-003697,5749,35618,104,Madrid,07/01/2026,17/03/2026,,100000.0,17.5,EUR,17/03/2026 07:22
PL-003698,5824,36150,20,Manchester,07/01/2026,28/02/2026,,66800.0,24.0,GBP,28/02/2026 07:58
PL-003699,5746,35530,166,New York,08/01/2026,13/02/2026,,166800.0,21.5,USD,15/02/2026 11:17
PL-003700,5782,36038,147,New York,08/01/2026,22/03/2026,,154900.0,15.5,USD,22/03/2026 11:45
PL-003701,5789,36132,22,Manchester,08/01/2026,05/03/2026,,98200.0,21.0,GBP,05/03/2026 08:30
PL-003702,5869,36499,140,Zurich,08/01/2026,11/02/2026,,155300.0,19.1,CHF,11/02/2026 10:20
PL-003703,5706,35709,177,Charlotte,09/01/2026,22/03/2026,,143800.0,18.2,USD,23/03/2026 13:28
PL-003704,5764,35916,37,London,09/01/2026,03/03/2026,,108500.0,17.5,GBP,04/03/2026 16:25
PL-003705,5823,36149,163,New York,09/01/2026,05/03/2026,,101300.0,22.7,USD,06/03/2026 14:21
PL-003706,5685,35355,137,Zurich,10/01/2026,18/02/2026,,180800.0,21.5,CHF,18/02/2026 16:59
PL-003707,5744,35785,134,Zurich,10/01/2026,10/03/2026,,106700.0,22.1,CHF,12/03/2026 09:35
PL-003708,5809,35936,146,New York,10/01/2026,17/03/2026,,110700.0,17.7,USD,17/03/2026 14:08
PL-003709,5877,36458,106,Paris,10/01/2026,03/03/2026,,93800.0,18.5,EUR,03/03/2026 12:25
PL-003710,5680,33894,158,New York,12/01/2026,09/03/2026,,179400.0,17.1,USD,12/03/2026 17:15
PL-003711,5830,36328,159,New York,12/01/2026,24/03/2026,,109900.0,16.6,USD,25/03/2026 09:02
PL-003712,5834,36383,55,London,12/01/2026,01/04/2026,,105900.0,17.6,GBP,01/04/2026 11:23
PL-003713,5840,35662,29,London,12/01/2026,06/03/2026,,111600.0,21.1,GBP,06/03/2026 07:46
PL-003714,5758,35869,170,New York,13/01/2026,27/02/2026,,156400.0,19.4,USD,01/03/2026 15:45
PL-003715,5849,36569,143,Zurich,13/01/2026,05/03/2026,,119100.0,18.4,CHF,05/03/2026 15:34
PL-003716,5880,36646,163,New York,13/01/2026,27/02/2026,,116500.0,20.2,USD,02/03/2026 16:50
PL-003717,5768,34154,93,Brussels,14/01/2026,28/03/2026,,121100.0,20.9,EUR,29/03/2026 09:32
PL-003718,5797,35851,7,Manchester,14/01/2026,14/02/2026,,78400.0,18.5,GBP,16/02/2026 13:23
PL-003719,5863,36423,175,Charlotte,14/01/2026,17/02/2026,,106600.0,18.0,USD,20/02/2026 13:13
PL-003720,5760,35566,22,Manchester,15/01/2026,22/03/2026,,80600.0,16.2,GBP,23/03/2026 09:53
PL-003721,5770,35983,24,Manchester,15/01/2026,11/03/2026,,83700.0,17.5,GBP,13/03/2026 20:04
PL-003722,5817,36084,18,Manchester,15/01/2026,05/04/2026,,74700.0,19.7,GBP,06/04/2026 17:34
PL-003723,5843,36468,7,Manchester,15/01/2026,25/02/2026,,81100.0,16.8,GBP,28/02/2026 12:45
PL-003724,5848,36470,131,Paris,15/01/2026,02/04/2026,,58300.0,19.1,EUR,04/04/2026 16:24
PL-003725,5729,35819,92,Brussels,16/01/2026,10/04/2026,,114800.0,19.4,EUR,12/04/2026 17:37
PL-003726,5756,35728,116,Paris,16/01/2026,08/03/2026,,77700.0,24.6,EUR,11/03/2026 19:31
PL-003727,5842,36361,154,New York,17/01/2026,02/03/2026,08/05/2026,145400.0,18.7,USD,08/05/2026 11:26
PL-003728,5798,36053,26,Manchester,18/01/2026,13/03/2026,,117000.0,19.7,GBP,14/03/2026 20:23
PL-003729,5813,36061,28,London,18/01/2026,18/02/2026,,104300.0,19.5,GBP,21/02/2026 11:29
PL-003730,5818,36175,26,Manchester,18/01/2026,01/04/2026,,84700.0,22.2,GBP,04/04/2026 15:57
PL-003731,5833,34320,10,Manchester,18/01/2026,24/03/2026,25/05/2026,87700.0,19.6,GBP,26/05/2026 12:38
PL-003732,5851,36419,170,New York,18/01/2026,21/02/2026,,140300.0,17.1,USD,22/02/2026 18:53
PL-003733,5736,35900,90,Brussels,19/01/2026,29/03/2026,,111500.0,19.5,EUR,30/03/2026 07:29
PL-003734,5747,35688,210,Malaysia,19/01/2026,07/03/2026,,203700.0,18.1,MYR,09/03/2026 09:46
PL-003735,5794,36231,153,New York,19/01/2026,18/03/2026,,111800.0,18.7,USD,19/03/2026 13:10
PL-003736,5835,36098,82,Amsterdam,19/01/2026,27/03/2026,,116500.0,18.1,EUR,28/03/2026 08:49
PL-003737,5827,36091,162,New York,20/01/2026,01/03/2026,,143800.0,22.3,USD,02/03/2026 19:21
PL-003738,5855,36389,88,Brussels,20/01/2026,29/03/2026,05/06/2026,90300.0,20.6,EUR,08/06/2026 11:29
PL-003739,5906,36651,155,New York,21/01/2026,11/04/2026,,122500.0,20.7,USD,13/04/2026 19:46
PL-003740,5807,36168,140,Zurich,22/01/2026,18/03/2026,30/05/2026,133700.0,15.9,CHF,31/05/2026 19:07
PL-003741,5810,36240,172,New York,22/01/2026,11/03/2026,05/04/2026,185600.0,19.2,USD,07/04/2026 08:53
PL-003742,5856,36544,138,Zurich,22/01/2026,26/02/2026,,118100.0,20.3,CHF,28/02/2026 07:41
PL-003743,5860,34070,135,Zurich,22/01/2026,07/04/2026,15/05/2026,125800.0,18.9,CHF,16/05/2026 11:24
PL-003744,5882,34616,83,Amsterdam,22/01/2026,16/03/2026,,114800.0,20.7,EUR,16/03/2026 17:54
PL-003745,5852,36570,209,Malaysia,23/01/2026,15/04/2026,,189900.0,15.9,MYR,17/04/2026 07:29
PL-003746,5777,35701,165,New York,24/01/2026,26/02/2026,02/03/2026,165900.0,23.4,USD,05/03/2026 11:55
PL-003747,5826,36250,99,Madrid,24/01/2026,09/03/2026,,79200.0,16.2,EUR,09/03/2026 12:41
PL-003748,5845,36414,91,Brussels,24/01/2026,04/03/2026,,109600.0,18.4,EUR,04/03/2026 18:43
PL-003749,5848,36260,131,Paris,24/01/2026,31/03/2026,,61300.0,21.8,EUR,01/04/2026 16:31
PL-003750,5883,36600,208,Malaysia,24/01/2026,03/04/2026,,205300.0,19.1,MYR,06/04/2026 15:32
PL-003751,5802,36207,115,Paris,26/01/2026,05/03/2026,06/03/2026,87900.0,18.7,EUR,08/03/2026 19:14
PL-003752,5873,46604,31,London,26/01/2026,10/03/2026,,117500.0,18.4,GBP,13/03/2026 14:39
PL-003753,5931,34725,25,Manchester,26/01/2026,25/02/2026,,93400.0,19.4,GBP,25/02/2026 19:59
PL-003754,5853,36300,35,London,27/01/2026,17/03/2026,,135100.0,20.3,GBP,20/03/2026 17:59
PL-003755,5935,36903,201,Singapore,27/01/2026,02/03/2026,08/03/2026,135300.0,20.1,SGD,09/03/2026 10:17
PL-003756,5801,35337,77,Dublin,28/01/2026,06/03/2026,,86300.0,23.3,EUR,09/03/2026 09:02
PL-003757,5839,36359,187,Hong Kong,28/01/2026,18/04/2026,04/07/2026,569400.0,17.3,HKD,07/07/2026 07:52
PL-003758,5889,34426,134,Zurich,28/01/2026,12/04/2026,26/04/2026,142700.0,15.5,CHF,28/04/2026 19:18
PL-003759,5892,34065,212,Malaysia,28/01/2026,05/04/2026,,191700.0,20.8,MYR,07/04/2026 15:53
PL-003760,5928,36444,132,Zurich,28/01/2026,01/03/2026,,137300.0,22.3,CHF,04/03/2026 16:30
PL-003761,5928,36845,132,Zurich,28/01/2026,26/02/2026,,129600.0,18.5,CHF,27/02/2026 13:47
PL-003762,5837,36412,183,Hong Kong,29/01/2026,09/04/2026,,962600.0,21.8,HKD,09/04/2026 14:41
PL-003763,5909,36755,66,Dublin,29/01/2026,01/04/2026,,96700.0,17.1,EUR,01/04/2026 17:55
PL-003764,5871,36476,151,New York,30/01/2026,01/04/2026,,155100.0,18.2,USD,04/04/2026 16:17
PL-003765,5871,36501,151,New York,30/01/2026,15/03/2026,,145400.0,16.8,USD,15/03/2026 07:17
PL-003766,5889,36604,134,Zurich,30/01/2026,17/04/2026,21/06/2026,145900.0,18.9,CHF,22/06/2026 10:24
PL-003767,5913,36757,189,Hong Kong,30/01/2026,01/03/2026,,710400.0,20.7,HKD,04/03/2026 11:01
PL-003768,5943,36884,52,London,30/01/2026,30/03/2026,,90200.0,18.9,GBP,30/03/2026 20:51
PL-003769,5895,36710,24,Manchester,31/01/2026,10/04/2026,,71700.0,19.8,GBP,12/04/2026 13:00
PL-003770,5844,36539,38,London,02/02/2026,03/03/2026,,102300.0,17.9,GBP,03/03/2026 12:15
PL-003771,5891,36761,202,Singapore,02/02/2026,20/04/2026,,147500.0,17.4,SGD,23/04/2026 13:32
PL-003772,5908,36924,62,London,02/02/2026,26/04/2026,,145700.0,19.7,GBP,29/04/2026 16:37
PL-003773,5900,36689,125,Paris,04/02/2026,08/04/2026,05/06/2026,63100.0,17.3,EUR,05/06/2026 14:22
PL-003774,5900,36727,125,Paris,04/02/2026,14/04/2026,,59600.0,18.1,EUR,17/04/2026 08:33
PL-003775,5926,36963,75,Dublin,04/02/2026,27/03/2026,,58300.0,21.6,EUR,27/03/2026 16:01
PL-003776,5881,36743,2,Manchester,05/02/2026,16/03/2026,,86700.0,19.2,GBP,18/03/2026 20:30
PL-003777,5911,36926,81,Amsterdam,05/02/2026,19/03/2026,,79400.0,18.7,EUR,19/03/2026 14:59
PL-003778,5905,36730,67,Dublin,06/02/2026,24/03/2026,,87000.0,17.2,EUR,27/03/2026 09:40
PL-003779,5910,36925,76,Dublin,06/02/2026,17/04/2026,,58300.0,18.2,EUR,20/04/2026 16:11
PL-003780,6002,37086,153,New York,06/02/2026,06/04/2026,,114800.0,17.9,USD,08/04/2026 13:53
PL-003781,5923,37002,210,Malaysia,07/02/2026,21/03/2026,,174900.0,22.6,MYR,24/03/2026 11:00
PL-003782,5966,37240,44,London,07/02/2026,10/03/2026,,97400.0,19.3,GBP,11/03/2026 09:33
PL-003783,5885,36744,85,Amsterdam,08/02/2026,17/04/2026,,107000.0,16.0,EUR,20/04/2026 18:17
PL-003784,5915,34989,136,Zurich,08/02/2026,29/03/2026,,112900.0,18.3,CHF,29/03/2026 12:08
PL-003785,5924,36162,52,London,08/02/2026,13/04/2026,,94700.0,21.7,GBP,14/04/2026 08:15
PL-003786,5937,37230,51,London,08/02/2026,15/04/2026,,126100.0,17.6,GBP,16/04/2026 13:47
PL-003787,5903,35686,59,London,09/02/2026,19/04/2026,,115500.0,18.3,GBP,20/04/2026 10:06
PL-003788,5946,36944,70,Dublin,09/02/2026,14/03/2026,,101400.0,19.6,EUR,16/03/2026 11:13
PL-003789,5968,37144,92,Brussels,09/02/2026,14/04/2026,,128000.0,16.2,EUR,17/04/2026 12:57
PL-003790,6088,37619,140,Zurich,09/02/2026,02/04/2026,,97700.0,19.7,CHF,04/04/2026 10:49
PL-003791,5904,36662,94,Brussels,10/02/2026,10/03/2026,,100600.0,21.8,EUR,12/03/2026 19:28
PL-003792,5914,36792,47,London,10/02/2026,20/04/2026,,91200.0,19.1,GBP,23/04/2026 13:12
PL-003793,5917,36866,15,Manchester,10/02/2026,06/04/2026,,58800.0,18.5,GBP,09/04/2026 18:33
PL-003794,5956,36363,90,Brussels,11/02/2026,09/04/2026,,95700.0,18.6,EUR,11/04/2026 20:23
PL-003795,5969,37022,132,Zurich,12/02/2026,28/03/2026,,161400.0,17.9,CHF,31/03/2026 20:23
PL-003796,5975,37116,59,London,12/02/2026,17/04/2026,,123700.0,24.1,GBP,18/04/2026 08:18
PL-003797,5991,37041,189,Hong Kong,12/02/2026,04/04/2026,,634500.0,23.0,HKD,04/04/2026 10:27
PL-003798,6016,37451,123,Paris,12/02/2026,01/04/2026,,66000.0,18.7,EUR,01/04/2026 19:29
PL-003799,6082,37569,180,Charlotte,12/02/2026,14/04/2026,,93300.0,19.5,USD,16/04/2026 08:19
PL-003800,5957,37138,65,Dublin,13/02/2026,17/04/2026,,97000.0,18.8,EUR,17/04/2026 14:51
PL-003801,5988,37037,146,New York,13/02/2026,05/04/2026,21/04/2026,124100.0,20.7,USD,24/04/2026 15:32
PL-003802,6050,37423,83,Amsterdam,13/02/2026,19/03/2026,,84300.0,20.9,EUR,20/03/2026 08:39
PL-003803,5932,36877,96,Brussels,14/02/2026,24/04/2026,,118200.0,16.8,EUR,25/04/2026 15:54
PL-003804,5939,34282,114,Paris,14/02/2026,16/04/2026,,106300.0,20.3,EUR,18/04/2026 18:40
PL-003805,5978,37387,175,Charlotte,14/02/2026,12/04/2026,,114900.0,16.9,USD,14/04/2026 07:46
PL-003806,6024,37369,199,Singapore,14/02/2026,09/05/2026,,170100.0,16.4,SGD,11/05/2026 10:59
PL-003807,6029,37414,158,New York,14/02/2026,10/04/2026,,136400.0,24.2,USD,13/04/2026 19:31
PL-003808,6091,37706,4,Manchester,14/02/2026,22/04/2026,,84000.0,18.5,GBP,24/04/2026 10:37
PL-003809,5896,36536,117,Paris,15/02/2026,08/04/2026,,79300.0,18.0,EUR,08/04/2026 16:22
PL-003810,5955,37059,85,Amsterdam,15/02/2026,22/03/2026,,121000.0,21.2,EUR,22/03/2026 20:23
PL-003811,6020,37535,76,Dublin,15/02/2026,18/03/2026,22/05/2026,91200.0,18.5,EUR,23/05/2026 09:08
PL-003812,6023,37337,198,Singapore,15/02/2026,23/03/2026,,160300.0,18.1,SGD,23/03/2026 15:12
PL-003813,5949,37199,155,New York,16/02/2026,29/03/2026,,105200.0,22.9,USD,30/03/2026 10:30
PL-003814,5996,37289,38,London,16/02/2026,06/04/2026,,92600.0,19.5,GBP,07/04/2026 12:17
PL-003815,6041,37841,106,Paris,16/02/2026,05/04/2026,,101300.0,18.2,EUR,05/04/2026 15:46
PL-003816,6043,37641,130,Paris,16/02/2026,07/05/2026,,63600.0,21.1,EUR,08/05/2026 14:16
PL-003817,6044,37381,140,Zurich,16/02/2026,05/04/2026,,131700.0,16.9,CHF,08/04/2026 09:33
PL-003818,6071,37564,177,Charlotte,16/02/2026,19/04/2026,,125100.0,16.4,USD,19/04/2026 20:15
PL-003819,5899,36687,105,Madrid,17/02/2026,19/04/2026,,97900.0,19.7,EUR,21/04/2026 11:44
PL-003820,5936,37229,24,Manchester,17/02/2026,25/04/2026,,98300.0,17.3,GBP,28/04/2026 18:23
PL-003821,5960,37105,166,New York,17/02/2026,29/04/2026,,137600.0,19.0,USD,29/04/2026 16:25
PL-003822,5961,37174,180,Charlotte,17/02/2026,18/04/2026,,123800.0,17.0,USD,19/04/2026 15:05
PL-003823,5963,36951,11,Manchester,17/02/2026,24/04/2026,,68200.0,17.7,GBP,24/04/2026 15:22
PL-003824,5967,37111,48,London,17/02/2026,25/03/2026,,91100.0,22.6,GBP,27/03/2026 12:28
PL-003825,5976,37427,147,New York,17/02/2026,15/04/2026,,146000.0,16.2,USD,17/04/2026 19:46
PL-003826,5977,37263,170,New York,17/02/2026,08/04/2026,,198800.0,16.5,USD,11/04/2026 10:21
PL-003827,5987,37432,116,Paris,17/02/2026,18/04/2026,,78700.0,16.5,EUR,20/04/2026 17:03
PL-003828,6001,36412,137,Zurich,17/02/2026,18/04/2026,,112500.0,23.5,CHF,18/04/2026 09:46
PL-003829,6020,37758,76,Dublin,17/02/2026,31/03/2026,,88600.0,23.8,EUR,02/04/2026 18:25
PL-003830,6023,35391,198,Singapore,17/02/2026,10/04/2026,,171000.0,19.1,SGD,13/04/2026 14:22
PL-003831,5992,37324,208,Malaysia,18/02/2026,22/04/2026,27/04/2026,218200.0,18.6,MYR,29/04/2026 10:03
PL-003832,6144,37971,80,Amsterdam,18/02/2026,02/05/2026,13/05/2026,96900.0,21.1,EUR,15/05/2026 08:42
PL-003833,5953,34690,62,London,19/02/2026,30/03/2026,,135300.0,24.7,GBP,31/03/2026 14:04
PL-003834,5958,36982,152,New York,19/02/2026,28/04/2026,,104000.0,16.4,USD,30/04/2026 15:56
PL-003835,5970,37317,147,New York,19/02/2026,12/05/2026,,128700.0,17.7,USD,12/05/2026 15:39
PL-003836,5995,37400,24,Manchester,19/02/2026,11/05/2026,19/05/2026,80400.0,19.6,GBP,20/05/2026 18:42
PL-003837,6017,37261,179,Charlotte,19/02/2026,07/04/2026,,86500.0,17.8,USD,10/04/2026 08:18
PL-003838,5944,36942,60,London,20/02/2026,29/04/2026,,134000.0,22.4,GBP,30/04/2026 20:00
PL-003839,5989,36447,169,New York,20/02/2026,02/04/2026,,147800.0,18.6,USD,04/04/2026 09:56
PL-003840,6021,37676,153,New York,20/02/2026,05/05/2026,01/07/2026,160600.0,20.4,USD,01/07/2026 07:18
PL-003841,6068,37693,97,Madrid,20/02/2026,21/03/2026,,117500.0,18.8,EUR,22/03/2026 07:41
PL-003842,6101,37711,209,Malaysia,20/02/2026,11/04/2026,,123500.0,20.4,MYR,11/04/2026 15:50
PL-003843,5893,36725,12,Manchester,21/02/2026,10/05/2026,,93100.0,19.6,GBP,11/05/2026 18:56
PL-003844,5912,36790,186,Hong Kong,21/02/2026,29/04/2026,,1244700.0,18.0,HKD,01/05/2026 11:40
PL-003845,5938,34357,69,Dublin,21/02/2026,23/04/2026,,72900.0,18.0,EUR,25/04/2026 16:21
PL-003846,5993,36435,4,Manchester,21/02/2026,09/05/2026,,83500.0,22.1,GBP,11/05/2026 15:01
PL-003847,6027,36913,138,Zurich,21/02/2026,28/03/2026,,90700.0,18.9,CHF,31/03/2026 10:14
PL-003848,6036,37459,145,Zurich,21/02/2026,13/05/2026,,112400.0,18.6,CHF,14/05/2026 19:28
PL-003849,6037,37152,165,New York,21/02/2026,29/04/2026,,210900.0,16.5,USD,02/05/2026 12:15
PL-003850,6038,37838,183,Hong Kong,21/02/2026,14/05/2026,,701700.0,19.2,HKD,16/05/2026 07:52
PL-003851,6104,37782,80,Amsterdam,21/02/2026,26/03/2026,,87700.0,22.6,EUR,27/03/2026 11:08
PL-003852,6120,37884,67,Dublin,21/02/2026,14/04/2026,,86100.0,15.6,EUR,15/04/2026 17:13
PL-003853,5938,35676,69,Dublin,22/02/2026,07/05/2026,10/05/2026,75600.0,18.3,EUR,12/05/2026 13:40
PL-003854,5948,37166,136,Zurich,22/02/2026,11/04/2026,,82900.0,21.3,CHF,13/04/2026 07:35
PL-003855,6052,37550,199,Singapore,22/02/2026,22/04/2026,,131400.0,21.2,SGD,22/04/2026 13:43
PL-003856,6086,37862,75,Dublin,22/02/2026,16/04/2026,,90600.0,19.3,EUR,16/04/2026 14:34
PL-003857,6019,37488,28,London,23/02/2026,07/05/2026,,133000.0,18.0,GBP,09/05/2026 09:37
PL-003858,6042,37639,125,Paris,23/02/2026,29/03/2026,,72500.0,20.2,EUR,01/04/2026 19:12
PL-003859,5934,37129,153,New York,24/02/2026,18/05/2026,,128100.0,22.6,USD,20/05/2026 20:28
PL-003860,5947,36887,92,Brussels,24/02/2026,15/04/2026,,84300.0,20.3,EUR,18/04/2026 12:36
PL-003861,5985,36520,71,Dublin,24/02/2026,31/03/2026,,72100.0,17.1,EUR,03/04/2026 09:07
PL-003862,6049,37422,54,London,24/02/2026,17/04/2026,19/05/2026,92800.0,19.6,GBP,20/05/2026 11:05
PL-003863,5989,37216,169,New York,25/02/2026,31/03/2026,,160500.0,18.5,USD,31/03/2026 18:17
PL-003864,6089,37745,177,Charlotte,25/02/2026,24/04/2026,,132300.0,23.7,USD,26/04/2026 17:35
PL-003865,6106,37716,86,Amsterdam,25/02/2026,18/05/2026,,87000.0,19.0,EUR,20/05/2026 13:09
PL-003866,6167,38138,83,Amsterdam,25/02/2026,13/04/2026,,103400.0,18.4,EUR,14/04/2026 20:31
PL-003867,5998,35441,74,Dublin,26/02/2026,10/04/2026,,96100.0,19.3,EUR,13/04/2026 18:23
PL-003868,6004,37221,144,Zurich,26/02/2026,19/04/2026,,141700.0,21.7,CHF,20/04/2026 19:28
PL-003869,6054,37503,14,Manchester,26/02/2026,02/05/2026,,91000.0,19.7,GBP,03/05/2026 10:58
PL-003870,6066,37560,93,Brussels,26/02/2026,25/04/2026,,129400.0,22.8,EUR,26/04/2026 17:15
PL-003871,6079,37656,137,Zurich,26/02/2026,27/03/2026,,131300.0,17.1,CHF,27/03/2026 07:06
PL-003872,6143,38245,66,Dublin,26/02/2026,27/03/2026,,66100.0,20.8,EUR,29/03/2026 15:20
PL-003873,5972,37243,209,Malaysia,27/02/2026,21/05/2026,,161500.0,17.6,MYR,23/05/2026 12:16
PL-003874,5974,37426,52,London,27/02/2026,14/04/2026,,103700.0,19.9,GBP,16/04/2026 13:13
PL-003875,5980,37248,31,London,27/02/2026,17/04/2026,,104700.0,20.1,GBP,18/04/2026 09:17
PL-003876,6031,37836,95,Brussels,27/02/2026,26/04/2026,,94400.0,15.7,EUR,28/04/2026 14:00
PL-003877,6113,35133,76,Dublin,27/02/2026,22/05/2026,,102100.0,18.4,EUR,22/05/2026 11:18
PL-003878,6126,37922,154,New York,27/02/2026,04/05/2026,,189700.0,17.1,USD,07/05/2026 13:19
PL-003879,6169,38177,108,Paris,27/02/2026,26/04/2026,,84100.0,16.1,EUR,26/04/2026 13:12
PL-003880,5949,37235,155,New York,28/02/2026,13/04/2026,,125400.0,19.4,USD,16/04/2026 19:44
PL-003881,6007,36859,97,Madrid,28/02/2026,08/04/2026,,88500.0,21.4,EUR,10/04/2026 07:28
PL-003882,6013,37192,62,London,28/02/2026,07/04/2026,,104200.0,19.8,GBP,10/04/2026 09:22
PL-003883,6013,37226,62,London,28/02/2026,16/05/2026,,101200.0,18.8,GBP,19/05/2026 16:00
PL-003884,6030,37372,174,Charlotte,28/02/2026,15/05/2026,,116300.0,17.5,USD,15/05/2026 09:45
PL-003885,6053,37687,7,Manchester,28/02/2026,12/04/2026,,50300.0,21.9,GBP,12/04/2026 07:41
PL-003886,6141,38129,202,Singapore,28/02/2026,12/04/2026,,129700.0,20.0,SGD,12/04/2026 16:12
PL-003887,5927,36938,115,Paris,01/03/2026,16/04/2026,,109400.0,19.1,EUR,17/04/2026 07:16
PL-003888,6099,37873,189,Hong Kong,01/03/2026,12/04/2026,,802800.0,16.4,HKD,15/04/2026 13:35
PL-003889,6102,35841,3,Manchester,01/03/2026,14/04/2026,,101100.0,18.7,GBP,17/04/2026 16:59
PL-003890,5997,37520,61,London,02/03/2026,01/05/2026,,115500.0,21.3,GBP,04/05/2026 16:09
PL-003891,6098,38023,143,Zurich,02/03/2026,25/04/2026,,177500.0,23.6,CHF,25/04/2026 16:31
PL-003892,6231,38492,201,Singapore,02/03/2026,09/04/2026,,181800.0,22.6,SGD,11/04/2026 10:41
PL-003893,6018,37298,210,Malaysia,03/03/2026,24/05/2026,,179600.0,15.9,MYR,25/05/2026 13:05
PL-003894,6057,37650,84,Amsterdam,03/03/2026,27/04/2026,,110200.0,19.6,EUR,30/04/2026 09:12
PL-003895,6078,37612,115,Paris,03/03/2026,01/04/2026,,96400.0,19.5,EUR,04/04/2026 11:32
PL-003896,6096,37709,99,Madrid,03/03/2026,12/05/2026,,103900.0,18.6,EUR,15/05/2026 13:41
PL-003897,6114,37825,138,Zurich,03/03/2026,08/05/2026,,132900.0,17.0,CHF,11/05/2026 20:15
PL-003898,6128,36560,183,Hong Kong,03/03/2026,07/05/2026,,666400.0,20.9,HKD,08/05/2026 19:49
PL-003899,6003,35287,74,Dublin,04/03/2026,16/04/2026,,80600.0,22.5,EUR,19/04/2026 10:46
PL-003900,6022,36352,163,New York,04/03/2026,28/04/2026,,173400.0,15.8,USD,29/04/2026 18:37
PL-003901,6070,37510,150,New York,04/03/2026,10/05/2026,,161500.0,22.0,USD,11/05/2026 14:42
PL-003902,6008,37671,104,Madrid,05/03/2026,21/05/2026,,68500.0,16.7,EUR,24/05/2026 13:58
PL-003903,6045,37929,162,New York,05/03/2026,15/04/2026,,158500.0,17.1,USD,17/04/2026 11:00
PL-003904,6170,38465,132,Zurich,05/03/2026,11/05/2026,,132600.0,18.6,CHF,13/05/2026 16:35
PL-003905,6171,38371,142,Zurich,05/03/2026,14/05/2026,,146000.0,18.1,CHF,17/05/2026 15:29
PL-003906,6177,38216,78,Dublin,06/03/2026,03/04/2026,,104700.0,20.2,EUR,05/04/2026 12:00
PL-003907,6063,37737,26,Manchester,07/03/2026,12/04/2026,,74100.0,21.1,GBP,13/04/2026 19:36
PL-003908,6077,37901,81,Amsterdam,07/03/2026,30/05/2026,,82300.0,17.8,EUR,02/06/2026 08:56
PL-003909,6081,37811,172,New York,07/03/2026,15/04/2026,,147700.0,16.4,USD,18/04/2026 19:45
PL-003910,6087,36804,88,Brussels,07/03/2026,15/05/2026,,115000.0,18.3,EUR,15/05/2026 17:27
PL-003911,6130,36711,79,Amsterdam,07/03/2026,20/05/2026,,95800.0,21.2,EUR,23/05/2026 18:13
PL-003912,6166,36729,81,Amsterdam,07/03/2026,16/04/2026,,80200.0,16.2,EUR,16/04/2026 19:32
PL-003913,6174,38468,212,Malaysia,07/03/2026,05/04/2026,,132500.0,18.5,MYR,05/04/2026 12:04
PL-003914,6188,38342,172,New York,08/03/2026,29/05/2026,,205200.0,20.7,USD,31/05/2026 09:56
PL-003915,6099,37948,189,Hong Kong,09/03/2026,31/05/2026,,876800.0,17.1,HKD,02/06/2026 08:18
PL-003916,6115,38273,143,Zurich,09/03/2026,02/05/2026,,132000.0,18.2,CHF,05/05/2026 18:00
PL-003917,6144,36719,80,Amsterdam,09/03/2026,29/05/2026,,89900.0,17.7,EUR,31/05/2026 07:17
PL-003918,6157,38292,7,Manchester,09/03/2026,18/05/2026,,69900.0,18.7,GBP,18/05/2026 12:52
PL-003919,6204,38483,202,Singapore,09/03/2026,25/05/2026,,134300.0,18.4,SGD,28/05/2026 16:57
PL-003920,5984,37123,70,Dublin,10/03/2026,14/05/2026,,121200.0,15.7,EUR,16/05/2026 14:23
PL-003921,5990,35405,182,Hong Kong,10/03/2026,17/04/2026,,691000.0,16.6,HKD,20/04/2026 13:36
PL-003922,6056,46660,63,London,10/03/2026,10/04/2026,,121500.0,18.9,GBP,11/04/2026 20:59
PL-003923,6074,37770,1,Manchester,10/03/2026,28/04/2026,,87700.0,16.8,GBP,28/04/2026 08:25
PL-003924,6135,38000,27,Manchester,10/03/2026,13/04/2026,,97100.0,18.8,GBP,16/04/2026 19:04
PL-003925,6138,38396,134,Zurich,10/03/2026,14/04/2026,,87900.0,21.2,CHF,17/04/2026 20:49
PL-003926,6172,38182,145,Zurich,10/03/2026,24/04/2026,,91300.0,19.3,CHF,27/04/2026 18:51
PL-003927,6180,38509,139,Zurich,10/03/2026,19/05/2026,,167500.0,20.1,CHF,19/05/2026 20:58
PL-003928,6189,38263,28,London,10/03/2026,08/04/2026,,153200.0,19.5,GBP,11/04/2026 12:01
PL-003929,6228,38604,128,Paris,10/03/2026,17/05/2026,,94200.0,20.9,EUR,19/05/2026 19:19
PL-003930,5981,37146,35,London,11/03/2026,14/05/2026,,107800.0,18.0,GBP,14/05/2026 10:55
PL-003931,6011,37257,25,Manchester,11/03/2026,24/05/2026,,107800.0,23.6,GBP,27/05/2026 18:25
PL-003932,6040,37592,99,Madrid,11/03/2026,12/05/2026,,70100.0,17.9,EUR,12/05/2026 16:27
PL-003933,6126,37831,154,New York,11/03/2026,14/05/2026,,188000.0,21.0,USD,17/05/2026 13:11
PL-003934,6126,38279,154,New York,11/03/2026,24/05/2026,04/06/2026,189200.0,19.5,USD,07/06/2026 16:19
PL-003935,6150,38289,142,Zurich,11/03/2026,27/04/2026,,117200.0,20.8,CHF,27/04/2026 16:25
PL-003936,6064,38051,37,London,12/03/2026,22/05/2026,,88800.0,18.6,GBP,23/05/2026 08:30
PL-003937,6083,37942,198,Singapore,12/03/2026,21/04/2026,,228300.0,22.1,SGD,24/04/2026 10:26
PL-003938,6085,37943,55,London,12/03/2026,24/04/2026,,86700.0,21.3,GBP,27/04/2026 08:21
PL-003939,6123,38318,108,Paris,12/03/2026,14/04/2026,,73600.0,19.6,EUR,14/04/2026 10:50
PL-003940,6184,37734,60,London,12/03/2026,14/04/2026,,127600.0,19.5,GBP,17/04/2026 20:20
PL-003941,6194,38359,175,Charlotte,12/03/2026,27/05/2026,,129000.0,20.4,USD,27/05/2026 12:57
PL-003942,6084,35262,20,Manchester,13/03/2026,14/05/2026,,63300.0,22.3,GBP,16/05/2026 12:53
PL-003943,6103,37875,75,Dublin,13/03/2026,17/05/2026,,58400.0,19.1,EUR,17/05/2026 14:10
PL-003944,6110,38066,184,Hong Kong,13/03/2026,31/05/2026,,764700.0,19.7,HKD,02/06/2026 12:50
PL-003945,6181,38588,159,New York,13/03/2026,12/05/2026,,107500.0,17.8,USD,12/05/2026 19:20
PL-003946,6182,36687,166,New York,13/03/2026,22/05/2026,,232300.0,20.7,USD,22/05/2026 13:25
PL-003947,6207,38485,121,Paris,13/03/2026,25/05/2026,19/06/2026,71300.0,19.1,EUR,22/06/2026 07:17
PL-003948,6254,38659,72,Dublin,13/03/2026,26/05/2026,,61700.0,19.5,EUR,28/05/2026 11:18
PL-003949,6046,37800,184,Hong Kong,14/03/2026,06/05/2026,,572900.0,23.1,HKD,08/05/2026 07:18
PL-003950,6108,38230,160,New York,14/03/2026,14/05/2026,,185900.0,19.0,USD,14/05/2026 20:25
PL-003951,6137,37969,128,Paris,14/03/2026,19/04/2026,,109800.0,18.7,EUR,22/04/2026 11:15
PL-003952,6173,35647,172,New York,14/03/2026,24/05/2026,,165900.0,21.7,USD,27/05/2026 19:50
PL-003953,6062,37979,22,Manchester,15/03/2026,25/04/2026,,90600.0,17.6,GBP,26/04/2026 17:00
PL-003954,6142,38285,56,London,15/03/2026,25/04/2026,,119700.0,19.6,GBP,27/04/2026 09:03
PL-003955,6195,38058,213,Malaysia,15/03/2026,07/05/2026,,218500.0,18.5,MYR,10/05/2026 07:31
PL-003956,6210,38598,177,Charlotte,15/03/2026,07/06/2026,,89700.0,17.8,USD,09/06/2026 16:26
PL-003957,6214,38772,91,Brussels,15/03/2026,28/04/2026,,127800.0,18.5,EUR,28/04/2026 15:02
PL-003958,6083,37857,198,Singapore,16/03/2026,28/05/2026,,229900.0,21.9,SGD,29/05/2026 18:12
PL-003959,6155,38576,1,Manchester,16/03/2026,01/06/2026,23/08/2026,70200.0,17.8,GBP,26/08/2026 14:35
PL-003960,6202,38516,194,Singapore,16/03/2026,07/06/2026,,109600.0,17.5,SGD,07/06/2026 13:28
PL-003961,6220,38490,99,Madrid,16/03/2026,24/05/2026,,104300.0,18.1,EUR,25/05/2026 08:51
PL-003962,6222,38728,125,Paris,16/03/2026,06/06/2026,,99600.0,19.2,EUR,08/06/2026 11:01
PL-003963,6034,37590,82,Amsterdam,17/03/2026,16/05/2026,,122000.0,17.5,EUR,18/05/2026 13:32
PL-003964,6139,37928,139,Zurich,17/03/2026,24/04/2026,,156400.0,20.8,CHF,27/04/2026 19:13
PL-003965,6153,36031,186,Hong Kong,17/03/2026,13/05/2026,,636200.0,16.7,HKD,13/05/2026 07:04
PL-003966,6163,38253,31,London,17/03/2026,16/04/2026,24/05/2026,86200.0,18.2,GBP,26/05/2026 12:19
PL-003967,6257,37553,212,Malaysia,17/03/2026,30/05/2026,,169800.0,20.9,MYR,30/05/2026 15:15
PL-003968,6121,37827,3,Manchester,18/03/2026,13/05/2026,,96000.0,20.7,GBP,14/05/2026 20:39
PL-003969,6133,38354,203,Singapore,18/03/2026,17/04/2026,,145000.0,20.9,SGD,17/04/2026 08:31
PL-003970,6208,37198,136,Zurich,18/03/2026,27/05/2026,,125400.0,20.4,CHF,30/05/2026 16:56
PL-003971,6269,38936,208,Malaysia,18/03/2026,12/05/2026,,192200.0,18.0,MYR,14/05/2026 14:45
PL-003972,6342,39318,174,Charlotte,18/03/2026,03/06/2026,,90500.0,17.9,USD,05/06/2026 18:47
PL-003973,6136,37968,33,London,19/03/2026,02/06/2026,19/06/2026,98100.0,17.3,GBP,19/06/2026 19:03
PL-003974,6211,38488,207,Malaysia,19/03/2026,16/04/2026,,258000.0,22.5,MYR,17/04/2026 09:57
PL-003975,6289,38806,142,Zurich,19/03/2026,06/06/2026,,185900.0,16.2,CHF,09/06/2026 16:56
PL-003976,6299,36151,210,Malaysia,19/03/2026,03/06/2026,,174800.0,22.4,MYR,06/06/2026 20:08
PL-003977,6311,39080,155,New York,19/03/2026,04/06/2026,,132000.0,15.6,USD,06/06/2026 14:10
PL-003978,6322,39045,129,Paris,19/03/2026,06/05/2026,,87800.0,18.8,EUR,08/05/2026 20:49
PL-003979,5994,37438,17,Manchester,20/03/2026,15/05/2026,,98600.0,23.1,GBP,15/05/2026 20:30
PL-003980,6047,37930,10,Manchester,20/03/2026,10/05/2026,,54600.0,22.3,GBP,11/05/2026 09:11
PL-003981,6193,38446,170,New York,20/03/2026,20/04/2026,,204700.0,20.9,USD,23/04/2026 12:04
PL-003982,6205,38639,71,Dublin,20/03/2026,10/06/2026,,74200.0,18.9,EUR,13/06/2026 16:18
PL-003983,6235,38409,95,Brussels,20/03/2026,14/05/2026,03/06/2026,95300.0,16.4,EUR,03/06/2026 15:52
PL-003984,6256,37958,135,Zurich,20/03/2026,28/04/2026,,101500.0,18.4,CHF,28/04/2026 16:54
PL-003985,6270,37662,3,Manchester,20/03/2026,09/06/2026,,94200.0,18.8,GBP,12/06/2026 09:07
PL-003986,6154,38532,212,Malaysia,21/03/2026,14/05/2026,,153500.0,21.8,MYR,17/05/2026 20:19
PL-003987,6185,38099,114,Paris,21/03/2026,28/04/2026,,82000.0,22.3,EUR,28/04/2026 08:32
PL-003988,6035,36315,103,Madrid,22/03/2026,06/06/2026,,65400.0,21.2,EUR,08/06/2026 08:40
PL-003989,6090,38189,2,Manchester,22/03/2026,23/04/2026,,112500.0,17.8,GBP,23/04/2026 19:12
PL-003990,6199,35774,90,Brussels,22/03/2026,29/04/2026,,98900.0,18.5,EUR,29/04/2026 16:56
PL-003991,6207,38517,121,Paris,22/03/2026,07/06/2026,,68000.0,20.8,EUR,09/06/2026 12:23
PL-003992,6161,38460,94,Brussels,23/03/2026,28/05/2026,,55200.0,18.0,EUR,30/05/2026 13:57
PL-003993,6162,38296,152,New York,23/03/2026,26/04/2026,,146500.0,16.3,USD,28/04/2026 09:10
PL-003994,6223,38651,12,Manchester,23/03/2026,15/05/2026,,84400.0,17.6,GBP,15/05/2026 15:40
PL-003995,6261,38703,39,London,23/03/2026,28/05/2026,,78800.0,19.3,GBP,28/05/2026 17:37
PL-003996,6282,39286,182,Hong Kong,23/03/2026,17/05/2026,,744500.0,20.0,HKD,20/05/2026 07:33
PL-003997,6309,39387,134,Zurich,23/03/2026,26/05/2026,,137500.0,19.6,CHF,26/05/2026 09:41
PL-003998,6072,37897,194,Singapore,24/03/2026,01/05/2026,,151500.0,16.4,SGD,04/05/2026 09:16
PL-003999,6125,37995,144,Zurich,24/03/2026,07/06/2026,,135500.0,17.3,CHF,10/06/2026 17:06
PL-004000,6158,38365,18,Manchester,24/03/2026,06/05/2026,,64400.0,19.6,GBP,09/05/2026 20:17
PL-004001,6192,38684,165,New York,24/03/2026,03/05/2026,,144400.0,20.0,USD,06/05/2026 09:34
PL-004002,6065,37935,60,London,25/03/2026,03/06/2026,,136700.0,16.2,GBP,03/06/2026 13:22
PL-004003,6111,38270,2,Manchester,25/03/2026,30/05/2026,28/06/2026,84500.0,15.4,GBP,29/06/2026 15:41
PL-004004,6140,38445,166,New York,25/03/2026,11/06/2026,,162100.0,17.1,USD,13/06/2026 20:27
PL-004005,6159,38367,33,London,25/03/2026,06/06/2026,,136100.0,19.3,GBP,08/06/2026 07:13
PL-004006,6176,38337,60,London,25/03/2026,04/06/2026,,107900.0,17.6,GBP,06/06/2026 15:05
PL-004007,6219,38566,88,Brussels,25/03/2026,08/05/2026,,87300.0,20.1,EUR,08/05/2026 18:12
PL-004008,6284,38802,22,Manchester,25/03/2026,02/06/2026,,91800.0,24.7,GBP,03/06/2026 20:50
PL-004009,6156,36095,140,Zurich,26/03/2026,29/05/2026,,120300.0,17.4,CHF,29/05/2026 13:32
PL-004010,6280,38755,137,Zurich,26/03/2026,23/05/2026,,141100.0,18.2,CHF,25/05/2026 17:42
PL-004011,6318,39307,66,Dublin,26/03/2026,26/04/2026,,105600.0,17.3,EUR,28/04/2026 18:02
PL-004012,6119,36834,59,London,27/03/2026,02/06/2026,,94100.0,18.6,GBP,05/06/2026 08:45
PL-004013,6148,38497,129,Paris,27/03/2026,14/05/2026,,104000.0,20.8,EUR,16/05/2026 16:29
PL-004014,6165,37443,38,London,27/03/2026,28/04/2026,23/05/2026,113100.0,19.9,GBP,23/05/2026 20:52
PL-004015,6242,38655,55,London,27/03/2026,03/05/2026,,127200.0,15.6,GBP,06/05/2026 14:57
PL-004016,6250,39060,20,Manchester,27/03/2026,15/05/2026,,87800.0,20.6,GBP,15/05/2026 12:47
PL-004017,6268,38662,183,Hong Kong,27/03/2026,13/06/2026,,565300.0,20.9,HKD,15/06/2026 11:47
PL-004018,6316,39126,189,Hong Kong,27/03/2026,31/05/2026,,595200.0,18.1,HKD,02/06/2026 09:57
PL-004019,6317,39449,19,Manchester,27/03/2026,17/05/2026,,56000.0,20.5,GBP,18/05/2026 17:53
PL-004020,6354,39365,76,Dublin,27/03/2026,04/05/2026,,85900.0,16.6,EUR,05/05/2026 11:45
PL-004021,6186,37628,115,Paris,28/03/2026,09/05/2026,,89600.0,17.1,EUR,11/05/2026 11:51
PL-004022,6249,39058,15,Manchester,28/03/2026,18/06/2026,,86200.0,18.1,GBP,18/06/2026 14:03
PL-004023,6265,39152,154,New York,28/03/2026,07/06/2026,,119600.0,22.7,USD,07/06/2026 18:55
PL-004024,6344,39583,199,Singapore,28/03/2026,30/04/2026,,171200.0,17.1,SGD,01/05/2026 14:45
PL-004025,6094,38017,29,London,29/03/2026,26/04/2026,,96400.0,18.2,GBP,26/04/2026 11:36
PL-004026,6248,38872,5,Manchester,29/03/2026,04/05/2026,13/05/2026,95000.0,20.8,GBP,15/05/2026 15:30
PL-004027,6283,39200,6,Manchester,29/03/2026,06/06/2026,,71400.0,19.9,GBP,09/06/2026 10:51
PL-004028,6288,38984,139,Zurich,30/03/2026,02/06/2026,,141500.0,22.6,CHF,05/06/2026 20:01
PL-004029,6301,36507,45,London,30/03/2026,11/06/2026,,112900.0,18.9,GBP,11/06/2026 12:33
PL-004030,6374,39610,163,New York,30/03/2026,08/06/2026,,146200.0,23.6,USD,09/06/2026 10:19
PL-004031,6080,38058,169,New York,31/03/2026,18/05/2026,,196200.0,18.2,USD,20/05/2026 09:46
PL-004032,6131,38353,136,Zurich,31/03/2026,21/05/2026,,153400.0,15.9,CHF,24/05/2026 13:36
PL-004033,6234,37689,82,Amsterdam,31/03/2026,12/05/2026,,120200.0,21.8,EUR,14/05/2026 15:25
PL-004034,6353,39364,74,Dublin,31/03/2026,20/05/2026,,72900.0,17.7,EUR,22/05/2026 15:17
PL-004035,6390,39528,115,Paris,31/03/2026,03/05/2026,,76200.0,17.0,EUR,06/05/2026 12:13
PL-004036,6132,38204,186,Hong Kong,01/04/2026,09/06/2026,05/07/2026,1249000.0,23.6,HKD,08/07/2026 14:01
PL-004037,6197,38840,66,Dublin,01/04/2026,08/05/2026,,87000.0,17.7,EUR,11/05/2026 09:32
PL-004038,6241,38105,42,London,01/04/2026,06/05/2026,,101800.0,22.2,GBP,09/05/2026 08:50
PL-004039,6271,38834,5,Manchester,01/04/2026,10/06/2026,,102100.0,16.1,GBP,11/06/2026 18:34
PL-004040,6226,38951,97,Madrid,02/04/2026,01/06/2026,,66800.0,19.8,EUR,03/06/2026 09:40
PL-004041,6237,37957,163,New York,02/04/2026,16/05/2026,,136400.0,17.9,USD,18/05/2026 13:34
PL-004042,6290,39375,161,New York,02/04/2026,19/06/2026,,172700.0,21.9,USD,21/06/2026 15:37
PL-004043,6309,39343,134,Zurich,02/04/2026,22/05/2026,,130700.0,19.2,CHF,22/05/2026 20:19
PL-004044,6366,39683,198,Singapore,02/04/2026,03/06/2026,,142700.0,20.3,SGD,05/06/2026 09:40
PL-004045,6160,38618,75,Dublin,03/04/2026,27/05/2026,,106800.0,21.4,EUR,30/05/2026 13:52
PL-004046,6225,39047,79,Amsterdam,03/04/2026,19/06/2026,,124200.0,19.0,EUR,20/06/2026 12:11
PL-004047,6244,39092,85,Amsterdam,03/04/2026,22/05/2026,,115200.0,20.6,EUR,22/05/2026 11:57
PL-004048,6272,37207,14,Manchester,03/04/2026,19/05/2026,,69500.0,20.5,GBP,19/05/2026 07:03
PL-004049,6278,39018,147,New York,03/04/2026,02/06/2026,,117500.0,18.8,USD,05/06/2026 19:34
PL-004050,6323,39493,145,Zurich,03/04/2026,17/05/2026,,171600.0,17.2,CHF,19/05/2026 20:36
PL-004051,6332,39575,52,London,03/04/2026,12/06/2026,,96400.0,17.6,GBP,13/06/2026 14:58
PL-004052,6350,38883,29,London,03/04/2026,27/05/2026,,101500.0,18.5,GBP,28/05/2026 10:25
PL-004053,6303,39260,71,Dublin,04/04/2026,19/06/2026,,109500.0,18.4,EUR,22/06/2026 16:20
PL-004054,6313,39040,150,New York,04/04/2026,09/06/2026,,154500.0,16.4,USD,11/06/2026 13:16
PL-004055,6358,39472,18,Manchester,04/04/2026,30/05/2026,,63800.0,18.5,GBP,30/05/2026 11:59
PL-004056,6367,39476,2,Manchester,05/04/2026,04/06/2026,,105000.0,17.5,GBP,04/06/2026 17:24
PL-004057,6385,39483,4,Manchester,05/04/2026,30/05/2026,,66900.0,21.7,GBP,31/05/2026 07:15
PL-004058,6407,39769,7,Manchester,05/04/2026,09/05/2026,,58000.0,17.6,GBP,12/05/2026 15:41
PL-004059,6266,38889,155,New York,06/04/2026,21/06/2026,,150000.0,17.6,USD,24/06/2026 19:58
PL-004060,6370,39685,55,London,06/04/2026,21/06/2026,,114700.0,21.6,GBP,21/06/2026 18:52
PL-004061,6380,39651,152,New York,06/04/2026,03/06/2026,,154800.0,15.9,USD,04/06/2026 07:24
PL-004062,6277,39068,100,Madrid,07/04/2026,22/05/2026,,108000.0,15.6,EUR,23/05/2026 19:30
PL-004063,6348,39426,158,New York,07/04/2026,14/05/2026,08/06/2026,149500.0,17.1,USD,10/06/2026 14:21
PL-004064,6349,39550,175,Charlotte,07/04/2026,10/05/2026,,130500.0,23.0,USD,11/05/2026 07:37
PL-004065,6349,39638,175,Charlotte,07/04/2026,20/06/2026,,141300.0,18.4,USD,20/06/2026 10:21
PL-004066,6352,39363,56,London,07/04/2026,17/05/2026,,99500.0,18.3,GBP,19/05/2026 17:50
PL-004067,6388,39655,151,New York,07/04/2026,12/06/2026,,132000.0,19.4,USD,14/06/2026 11:54
PL-004068,6397,39085,177,Charlotte,07/04/2026,17/06/2026,,133600.0,17.3,USD,19/06/2026 08:25
PL-004069,6430,39826,60,London,07/04/2026,16/05/2026,,92100.0,18.3,GBP,17/05/2026 12:46
PL-004070,6236,38783,102,Madrid,08/04/2026,23/05/2026,,103500.0,18.6,EUR,25/05/2026 13:55
PL-004071,6368,39516,24,Manchester,08/04/2026,27/06/2026,,81300.0,19.1,GBP,30/06/2026 19:46
PL-004072,6320,39271,94,Brussels,09/04/2026,08/05/2026,,81000.0,18.5,EUR,11/05/2026 18:43
PL-004073,6336,39317,59,London,09/04/2026,03/06/2026,,112100.0,21.0,GBP,03/06/2026 17:33
PL-004074,6251,46643,37,London,10/04/2026,22/05/2026,,86100.0,18.0,GBP,23/05/2026 18:04
PL-004075,6291,38945,183,Hong Kong,10/04/2026,11/05/2026,,740400.0,19.6,HKD,11/05/2026 10:55
PL-004076,6307,39301,123,Paris,10/04/2026,01/07/2026,,90100.0,18.7,EUR,04/07/2026 15:57
PL-004077,6338,39462,65,Dublin,10/04/2026,25/06/2026,15/07/2026,109000.0,21.3,EUR,15/07/2026 11:40
PL-004078,6404,39659,178,Charlotte,10/04/2026,22/06/2026,,106600.0,21.3,USD,22/06/2026 12:50
PL-004079,6450,40085,146,New York,10/04/2026,08/06/2026,,125400.0,20.2,USD,10/06/2026 18:00
PL-004080,6227,38778,105,Madrid,11/04/2026,24/06/2026,,89300.0,23.7,EUR,25/06/2026 17:40
PL-004081,6297,39294,99,Madrid,11/04/2026,20/05/2026,,65600.0,15.7,EUR,23/05/2026 20:48
PL-004082,6306,39300,65,Dublin,11/04/2026,03/06/2026,,118000.0,18.6,EUR,04/06/2026 14:48
PL-004083,6319,39571,84,Amsterdam,11/04/2026,27/05/2026,,92600.0,17.5,EUR,29/05/2026 17:42
PL-004084,6368,39517,24,Manchester,11/04/2026,05/06/2026,,81800.0,16.2,GBP,05/06/2026 16:53
PL-004085,6310,39415,152,New York,12/04/2026,09/06/2026,,147900.0,24.0,USD,10/06/2026 18:24
PL-004086,6384,39804,179,Charlotte,12/04/2026,08/06/2026,,131700.0,16.1,USD,11/06/2026 19:28
PL-004087,6391,39619,139,Zurich,12/04/2026,09/06/2026,,140400.0,17.8,CHF,11/06/2026 16:40
PL-004088,6408,40095,10,Manchester,12/04/2026,01/07/2026,,67500.0,22.9,GBP,04/07/2026 13:14
PL-004089,6263,39190,134,Zurich,13/04/2026,16/06/2026,,114800.0,17.5,CHF,17/06/2026 20:13
PL-004090,6315,39447,179,Charlotte,13/04/2026,24/06/2026,,94800.0,20.3,USD,27/06/2026 20:33
PL-004091,6331,39232,159,New York,13/04/2026,08/06/2026,,109300.0,19.1,USD,11/06/2026 20:17
PL-004092,6431,39780,97,Madrid,13/04/2026,24/05/2026,,106200.0,16.8,EUR,25/05/2026 09:10
PL-004093,6357,38953,17,Manchester,14/04/2026,24/06/2026,,60100.0,21.2,GBP,24/06/2026 07:39
PL-004094,6409,39724,25,Manchester,14/04/2026,08/06/2026,,89100.0,17.2,GBP,08/06/2026 19:28
PL-004095,6438,40225,85,Amsterdam,14/04/2026,04/06/2026,03/07/2026,116700.0,18.7,EUR,04/07/2026 16:26
PL-004096,6446,40120,56,London,14/04/2026,07/07/2026,23/08/2026,76500.0,21.8,GBP,23/08/2026 07:13
PL-004097,6252,38929,61,London,15/04/2026,02/06/2026,,96900.0,19.2,GBP,03/06/2026 12:25
PL-004098,6270,39033,3,Manchester,15/04/2026,30/06/2026,,101700.0,20.9,GBP,30/06/2026 20:59
PL-004099,6377,39481,38,London,15/04/2026,02/06/2026,08/07/2026,89100.0,22.1,GBP,09/07/2026 09:07
PL-004100,6422,39990,2,Manchester,15/04/2026,23/05/2026,,75500.0,17.5,GBP,23/05/2026 17:54
PL-004101,6455,38381,213,Malaysia,15/04/2026,11/06/2026,,227300.0,18.7,MYR,11/06/2026 17:13
PL-004102,6465,38386,51,London,15/04/2026,27/05/2026,,73900.0,20.2,GBP,30/05/2026 08:09
PL-004103,6528,40385,155,New York,15/04/2026,01/06/2026,,147400.0,17.3,USD,01/06/2026 07:00
PL-004104,6292,39379,4,Manchester,16/04/2026,21/05/2026,,76500.0,19.4,GBP,24/05/2026 11:55
PL-004105,6372,39607,147,New York,16/04/2026,09/06/2026,30/06/2026,118700.0,17.0,USD,30/06/2026 10:24
PL-004106,6437,38425,28,London,16/04/2026,27/05/2026,,138600.0,22.3,GBP,30/05/2026 10:15
PL-004107,6320,39391,94,Brussels,17/04/2026,20/05/2026,,76000.0,20.5,EUR,21/05/2026 08:04
PL-004108,6414,39926,160,New York,17/04/2026,23/05/2026,,155400.0,20.5,USD,24/05/2026 12:49
PL-004109,6415,39888,189,Hong Kong,17/04/2026,05/06/2026,,769500.0,23.1,HKD,06/06/2026 20:17
PL-004110,6433,39690,153,New York,17/04/2026,22/05/2026,,108300.0,17.7,USD,22/05/2026 11:05
PL-004111,6373,39872,156,New York,18/04/2026,16/05/2026,,141300.0,20.1,USD,17/05/2026 13:05
PL-004112,6400,39955,76,Dublin,18/04/2026,18/05/2026,,80400.0,17.7,EUR,20/05/2026 10:26
PL-004113,6425,40023,83,Amsterdam,18/04/2026,01/07/2026,,103900.0,15.2,EUR,02/07/2026 16:22
PL-004114,6451,38491,170,New York,18/04/2026,02/06/2026,,120700.0,19.1,USD,03/06/2026 10:02
PL-004115,6454,40290,144,Zurich,18/04/2026,16/06/2026,,146100.0,21.1,CHF,16/06/2026 07:48
PL-004116,6255,39012,102,Madrid,19/04/2026,05/06/2026,,96600.0,16.8,EUR,06/06/2026 18:07
PL-004117,6392,39911,201,Singapore,19/04/2026,22/05/2026,,123700.0,19.1,SGD,22/05/2026 08:29
PL-004118,6452,39941,175,Charlotte,19/04/2026,24/06/2026,,75900.0,18.8,USD,24/06/2026 10:20
PL-004119,6482,40168,116,Paris,19/04/2026,01/06/2026,,107000.0,17.5,EUR,01/06/2026 08:24
PL-004120,6304,39298,74,Dublin,20/04/2026,30/06/2026,,85000.0,17.3,EUR,30/06/2026 12:48
PL-004121,6320,39224,94,Brussels,20/04/2026,09/06/2026,,78600.0,21.6,EUR,11/06/2026 20:35
PL-004122,6436,40074,204,Singapore,20/04/2026,24/05/2026,,143800.0,20.9,SGD,24/05/2026 07:25
PL-004123,6447,40151,61,London,20/04/2026,23/06/2026,,121000.0,20.6,GBP,23/06/2026 09:38
PL-004124,6479,40337,24,Manchester,20/04/2026,17/06/2026,,90400.0,20.1,GBP,20/06/2026 18:06
PL-004125,6519,37553,52,London,20/04/2026,01/06/2026,,100200.0,17.5,GBP,01/06/2026 09:16
PL-004126,6389,39563,9,Manchester,21/04/2026,23/05/2026,26/07/2026,65900.0,18.7,GBP,26/07/2026 10:00
PL-004127,6394,39812,116,Paris,21/04/2026,04/06/2026,,101600.0,17.8,EUR,04/06/2026 16:35
PL-004128,6428,39865,170,New York,21/04/2026,31/05/2026,,192600.0,18.5,USD,01/06/2026 12:23
PL-004129,6491,40171,159,New York,21/04/2026,23/06/2026,30/06/2026,172200.0,19.2,USD,01/07/2026 16:23
PL-004130,6378,39655,54,London,22/04/2026,04/07/2026,,70000.0,18.1,GBP,07/07/2026 18:00
PL-004131,6393,39948,48,London,22/04/2026,01/07/2026,,149400.0,16.9,GBP,02/07/2026 17:17
PL-004132,6429,39962,213,Malaysia,22/04/2026,06/06/2026,,187100.0,20.5,MYR,09/06/2026 07:42
PL-004133,6465,40367,51,London,22/04/2026,13/06/2026,,82300.0,19.6,GBP,14/06/2026 12:29
PL-004134,6339,39580,118,Paris,23/04/2026,29/06/2026,,94300.0,17.3,EUR,02/07/2026 18:52
PL-004135,6343,39672,190,Hong Kong,23/04/2026,19/06/2026,,557200.0,21.4,HKD,19/06/2026 09:09
PL-004136,6406,39695,208,Malaysia,23/04/2026,04/07/2026,,165700.0,22.2,MYR,05/07/2026 20:51
PL-004137,6505,40245,33,London,23/04/2026,22/05/2026,,99200.0,16.3,GBP,25/05/2026 20:18
PL-004138,6294,39335,51,London,24/04/2026,14/06/2026,,102700.0,17.5,GBP,14/06/2026 19:45
PL-004139,6333,39459,59,London,24/04/2026,17/06/2026,,119000.0,23.2,GBP,20/06/2026 16:09
PL-004140,6444,39968,169,New York,24/04/2026,31/05/2026,,142600.0,20.1,USD,03/06/2026 20:20
PL-004141,6474,40166,158,New York,24/04/2026,17/06/2026,,141200.0,20.3,USD,19/06/2026 11:23
PL-004142,6480,40476,100,Madrid,24/04/2026,05/06/2026,,105200.0,17.1,EUR,07/06/2026 20:27
PL-004143,6500,40243,106,Paris,24/04/2026,07/07/2026,,78200.0,16.7,EUR,10/07/2026 08:52
PL-004144,6476,38958,190,Hong Kong,25/04/2026,05/07/2026,,830300.0,19.6,HKD,05/07/2026 11:23
PL-004145,6485,40273,184,Hong Kong,25/04/2026,28/06/2026,,670700.0,17.3,HKD,29/06/2026 17:28
PL-004146,6363,39747,131,Paris,26/04/2026,30/05/2026,,81200.0,18.4,EUR,01/06/2026 18:04
PL-004147,6411,39924,67,Dublin,26/04/2026,07/06/2026,,60100.0,17.7,EUR,10/06/2026 08:06
PL-004148,6517,40283,207,Malaysia,26/04/2026,04/06/2026,,145700.0,17.2,MYR,07/06/2026 18:02
PL-004149,6566,37834,190,Hong Kong,26/04/2026,26/05/2026,,632200.0,23.9,HKD,26/05/2026 18:30
PL-004150,6415,39698,189,Hong Kong,27/04/2026,03/07/2026,,900800.0,22.1,HKD,05/07/2026 11:40
PL-004151,6434,40072,174,Charlotte,27/04/2026,01/07/2026,,125800.0,20.7,USD,02/07/2026 08:16
PL-004152,6549,40592,83,Amsterdam,27/04/2026,09/06/2026,,126000.0,18.1,EUR,09/06/2026 13:05
PL-004153,6361,39510,92,Brussels,28/04/2026,03/06/2026,,87300.0,19.8,EUR,05/06/2026 16:33
PL-004154,6367,39871,2,Manchester,28/04/2026,17/07/2026,,105200.0,21.3,GBP,17/07/2026 11:56
PL-004155,6467,40162,180,Charlotte,28/04/2026,01/07/2026,,95200.0,18.7,USD,02/07/2026 14:18
PL-004156,6483,40477,121,Paris,28/04/2026,26/06/2026,,104000.0,19.3,EUR,28/06/2026 16:24
PL-004157,6494,40344,12,Manchester,28/04/2026,16/07/2026,,75400.0,17.7,GBP,18/07/2026 07:57
PL-004158,6530,40359,194,Singapore,28/04/2026,08/07/2026,,184100.0,19.7,SGD,10/07/2026 17:57
PL-004159,6550,40503,87,Amsterdam,28/04/2026,25/06/2026,,91000.0,17.3,EUR,27/06/2026 10:42
PL-004160,6553,40506,135,Zurich,28/04/2026,15/06/2026,,135900.0,20.7,CHF,17/06/2026 12:53
PL-004161,6419,36871,45,London,29/04/2026,27/06/2026,28/06/2026,95800.0,15.6,GBP,30/06/2026 17:40
PL-004162,6420,40103,73,Dublin,29/04/2026,24/06/2026,,83600.0,18.4,EUR,24/06/2026 14:58
PL-004163,6460,40364,60,London,29/04/2026,05/06/2026,28/08/2026,73100.0,18.1,GBP,29/08/2026 07:08
PL-004164,6529,39484,172,New York,29/04/2026,24/06/2026,,148100.0,20.9,USD,27/06/2026 09:34
PL-004165,6591,40751,177,Charlotte,29/04/2026,28/05/2026,,115200.0,17.5,USD,28/05/2026 09:59
PL-004166,6337,37293,62,London,30/04/2026,11/07/2026,,74100.0,23.1,GBP,11/07/2026 18:11
PL-004167,6456,40155,69,Dublin,30/04/2026,17/06/2026,,66400.0,20.0,EUR,17/06/2026 16:04
PL-004168,6490,40482,134,Zurich,30/04/2026,15/06/2026,,123800.0,20.8,CHF,15/06/2026 07:35
PL-004169,6501,40415,125,Paris,30/04/2026,20/06/2026,,108600.0,20.5,EUR,20/06/2026 07:00
PL-004170,6410,39923,26,Manchester,01/05/2026,28/06/2026,,76400.0,19.3,GBP,01/07/2026 13:38
PL-004171,6424,37986,74,Dublin,01/05/2026,20/06/2026,,87700.0,20.1,EUR,20/06/2026 16:29
PL-004172,6469,40203,53,London,01/05/2026,07/06/2026,,86200.0,22.7,GBP,10/06/2026 11:25
PL-004173,6486,40307,202,Singapore,01/05/2026,23/06/2026,,160700.0,20.7,SGD,24/06/2026 07:39
PL-004174,6540,40919,14,Manchester,01/05/2026,04/07/2026,,60300.0,16.4,GBP,05/07/2026 13:58
PL-004175,6403,46585,130,Paris,02/05/2026,23/06/2026,,77200.0,22.3,EUR,24/06/2026 10:42
PL-004176,6496,38694,22,Manchester,02/05/2026,19/06/2026,,58800.0,21.2,GBP,20/06/2026 17:33
PL-004177,6514,40454,153,New York,02/05/2026,03/07/2026,,123900.0,20.9,USD,03/07/2026 18:10
PL-004178,6520,38697,4,Manchester,02/05/2026,22/07/2026,,71000.0,20.3,GBP,22/07/2026 16:24
PL-004179,6461,40038,64,Dublin,03/05/2026,04/06/2026,,91100.0,17.3,EUR,04/06/2026 17:32
PL-004180,6510,40455,80,Amsterdam,03/05/2026,26/07/2026,,116800.0,21.8,EUR,26/07/2026 12:44
PL-004181,6560,40549,80,Amsterdam,03/05/2026,16/06/2026,,109300.0,18.6,EUR,17/06/2026 20:48
PL-004182,6564,40348,69,Dublin,03/05/2026,02/07/2026,,99800.0,19.9,EUR,04/07/2026 08:23
PL-004183,6503,39825,209,Malaysia,04/05/2026,04/06/2026,28/06/2026,174600.0,18.8,MYR,30/06/2026 18:23
PL-004184,6554,39445,150,New York,04/05/2026,11/07/2026,,113500.0,19.6,USD,11/07/2026 17:22
PL-004185,6557,40594,7,Manchester,04/05/2026,01/07/2026,,61200.0,19.6,GBP,01/07/2026 09:04
PL-004186,6592,40703,199,Singapore,04/05/2026,22/07/2026,,139200.0,16.2,SGD,25/07/2026 18:56
PL-004187,6604,40912,53,London,04/05/2026,27/06/2026,,90600.0,20.7,GBP,30/06/2026 14:04
PL-004188,6608,40945,183,Hong Kong,04/05/2026,14/07/2026,,747100.0,21.8,HKD,17/07/2026 16:28
PL-004189,6395,38821,145,Zurich,05/05/2026,07/06/2026,,139500.0,19.0,CHF,10/06/2026 16:03
PL-004190,6606,40878,108,Paris,05/05/2026,07/06/2026,,77400.0,21.7,EUR,09/06/2026 15:51
PL-004191,6399,39816,70,Dublin,06/05/2026,30/06/2026,,60300.0,17.8,EUR,01/07/2026 12:06
PL-004192,6440,39460,125,Paris,06/05/2026,27/06/2026,,104100.0,19.3,EUR,29/06/2026 17:38
PL-004193,6478,40369,8,Manchester,06/05/2026,24/06/2026,01/07/2026,52600.0,22.0,GBP,01/07/2026 20:35
PL-004194,6493,37569,186,Hong Kong,06/05/2026,02/07/2026,,515800.0,20.4,HKD,05/07/2026 19:28
PL-004195,6502,40416,161,New York,06/05/2026,07/06/2026,,184900.0,18.1,USD,09/06/2026 17:12
PL-004196,6507,40642,147,New York,06/05/2026,24/06/2026,,170800.0,19.1,USD,25/06/2026 09:30
PL-004197,6545,40537,163,New York,06/05/2026,14/07/2026,,115900.0,21.6,USD,14/07/2026 20:11
PL-004198,6488,40241,31,London,07/05/2026,28/07/2026,,123200.0,18.1,GBP,31/07/2026 09:40
PL-004199,6503,40029,209,Malaysia,07/05/2026,08/06/2026,,180500.0,23.8,MYR,10/06/2026 16:47
PL-004200,6515,40708,166,New York,07/05/2026,25/07/2026,,124200.0,20.3,USD,27/07/2026 07:23
PL-004201,6526,40714,37,London,07/05/2026,12/07/2026,,79400.0,16.6,GBP,15/07/2026 17:02
PL-004202,6565,40817,177,Charlotte,07/05/2026,04/07/2026,,67200.0,18.6,USD,07/07/2026 08:01
PL-004203,6556,40661,189,Hong Kong,08/05/2026,23/06/2026,22/07/2026,629500.0,19.7,HKD,25/07/2026 12:30
PL-004204,6566,40856,190,Hong Kong,08/05/2026,24/06/2026,,629100.0,18.5,HKD,27/06/2026 11:22
PL-004205,6582,40746,106,Paris,08/05/2026,28/07/2026,,116800.0,16.7,EUR,31/07/2026 18:57
PL-004206,6588,40870,83,Amsterdam,08/05/2026,22/07/2026,,100100.0,20.4,EUR,22/07/2026 12:05
PL-004207,6413,40064,150,New York,09/05/2026,18/07/2026,,127500.0,18.9,USD,18/07/2026 14:30
PL-004208,6511,40318,117,Paris,09/05/2026,22/07/2026,08/08/2026,94600.0,21.3,EUR,11/08/2026 09:16
PL-004209,6513,40380,140,Zurich,09/05/2026,26/06/2026,31/07/2026,196200.0,24.4,CHF,02/08/2026 14:31
PL-004210,6539,40766,151,New York,09/05/2026,15/06/2026,,133600.0,22.0,USD,16/06/2026 17:02
PL-004211,6555,38270,171,New York,09/05/2026,20/07/2026,,190200.0,23.6,USD,23/07/2026 07:09
PL-004212,6563,41034,67,Dublin,09/05/2026,27/07/2026,12/08/2026,59200.0,19.0,EUR,12/08/2026 12:21
PL-004213,6576,40865,51,London,09/05/2026,23/07/2026,,75800.0,19.3,GBP,23/07/2026 11:20
PL-004214,6621,41200,51,London,09/05/2026,05/07/2026,,81900.0,18.5,GBP,08/07/2026 17:03
PL-004215,6627,40989,128,Paris,09/05/2026,27/07/2026,,102500.0,20.3,EUR,27/07/2026 08:58
PL-004216,6632,40993,194,Singapore,09/05/2026,08/07/2026,,131000.0,16.7,SGD,09/07/2026 18:54
PL-004217,6512,40644,138,Zurich,10/05/2026,21/07/2026,,117800.0,18.7,CHF,22/07/2026 07:00
PL-004218,6556,40631,189,Hong Kong,10/05/2026,02/08/2026,,639600.0,18.3,HKD,02/08/2026 19:04
PL-004219,6558,39205,9,Manchester,10/05/2026,08/06/2026,,55600.0,19.6,GBP,09/06/2026 11:16
PL-004220,6614,40917,159,New York,10/05/2026,30/06/2026,,131900.0,22.2,USD,01/07/2026 08:41
PL-004221,6492,40213,179,Charlotte,11/05/2026,06/07/2026,,102300.0,22.6,USD,07/07/2026 20:47
PL-004222,6499,40345,61,London,11/05/2026,07/07/2026,19/08/2026,99900.0,16.4,GBP,20/08/2026 18:30
PL-004223,6523,40673,154,New York,11/05/2026,12/07/2026,,119100.0,22.0,USD,12/07/2026 17:21
PL-004224,6532,40838,15,Manchester,11/05/2026,22/07/2026,16/08/2026,61300.0,19.3,GBP,19/08/2026 18:28
PL-004225,6534,40388,93,Brussels,11/05/2026,12/06/2026,,106300.0,19.5,EUR,14/06/2026 07:25
PL-004226,6544,40770,120,Paris,11/05/2026,18/07/2026,,108100.0,22.8,EUR,21/07/2026 13:47
PL-004227,6585,40868,18,Manchester,11/05/2026,20/07/2026,,81100.0,21.9,GBP,22/07/2026 08:54
PL-004228,6587,40791,82,Amsterdam,11/05/2026,12/07/2026,,97800.0,19.4,EUR,12/07/2026 09:50
PL-004229,6612,41019,60,London,11/05/2026,08/07/2026,,112900.0,16.7,GBP,08/07/2026 15:15
PL-004230,6633,39375,212,Malaysia,11/05/2026,31/07/2026,,156400.0,20.3,MYR,31/07/2026 12:46
PL-004231,6704,41496,174,Charlotte,11/05/2026,29/06/2026,,113700.0,18.4,USD,01/07/2026 07:55
PL-004232,6524,38671,183,Hong Kong,12/05/2026,07/07/2026,,852100.0,16.7,HKD,09/07/2026 08:28
PL-004233,6535,40534,94,Brussels,12/05/2026,17/06/2026,,147100.0,21.7,EUR,18/06/2026 09:13
PL-004234,6603,40978,37,London,12/05/2026,01/08/2026,,68300.0,19.5,GBP,04/08/2026 12:13
PL-004235,6439,40145,103,Madrid,13/05/2026,19/07/2026,,87300.0,21.1,EUR,21/07/2026 14:25
PL-004236,6463,39772,6,Manchester,13/05/2026,07/07/2026,,62200.0,17.2,GBP,09/07/2026 09:43
PL-004237,6568,40600,12,Manchester,13/05/2026,03/07/2026,,90800.0,24.3,GBP,03/07/2026 09:14
PL-004238,6611,41087,52,London,13/05/2026,10/07/2026,24/08/2026,107500.0,20.5,GBP,24/08/2026 15:28
PL-004239,6427,37895,165,New York,14/05/2026,30/07/2026,,152500.0,20.8,USD,31/07/2026 08:30
PL-004240,6442,40284,43,London,14/05/2026,29/06/2026,,106200.0,17.3,GBP,02/07/2026 11:08
PL-004241,6475,40297,162,New York,14/05/2026,04/08/2026,20/08/2026,138300.0,18.9,USD,22/08/2026 16:56
PL-004242,6484,40012,136,Zurich,14/05/2026,06/07/2026,,87100.0,19.1,CHF,07/07/2026 07:50
PL-004243,6509,37702,62,London,14/05/2026,07/07/2026,,138400.0,17.3,GBP,08/07/2026 17:14
PL-004244,6542,40683,94,Brussels,14/05/2026,15/07/2026,,107300.0,18.6,EUR,15/07/2026 08:35
PL-004245,6562,40551,42,London,14/05/2026,01/07/2026,04/08/2026,84900.0,20.5,GBP,06/08/2026 17:12
PL-004246,6596,39176,151,New York,14/05/2026,25/07/2026,,107200.0,22.7,USD,25/07/2026 07:09
PL-004247,6620,41335,38,London,14/05/2026,04/07/2026,,71500.0,21.3,GBP,07/07/2026 17:14
PL-004248,6497,40242,29,London,15/05/2026,18/06/2026,,97400.0,23.5,GBP,18/06/2026 17:40
PL-004249,6531,40717,209,Malaysia,15/05/2026,28/06/2026,,222900.0,19.4,MYR,30/06/2026 10:09
PL-004250,6543,40427,114,Paris,15/05/2026,13/07/2026,,101800.0,22.0,EUR,13/07/2026 10:33
PL-004251,6568,40664,12,Manchester,15/05/2026,25/07/2026,,87100.0,23.6,GBP,26/07/2026 12:00
PL-004252,6650,41381,138,Zurich,15/05/2026,24/07/2026,,146900.0,18.7,CHF,27/07/2026 19:56
PL-004253,6594,41143,63,London,16/05/2026,21/07/2026,,102200.0,23.6,GBP,24/07/2026 16:02
PL-004254,6609,41055,186,Hong Kong,16/05/2026,30/07/2026,,733800.0,19.7,HKD,02/08/2026 08:04
PL-004255,6684,41394,147,New York,16/05/2026,17/07/2026,,157000.0,19.1,USD,19/07/2026 07:23
PL-004256,6459,40259,25,Manchester,17/05/2026,29/06/2026,,81400.0,19.4,GBP,29/06/2026 19:31
PL-004257,6663,41185,74,Dublin,17/05/2026,06/08/2026,,91900.0,18.3,EUR,06/08/2026 13:03
PL-004258,6667,41478,129,Paris,17/05/2026,24/07/2026,,69700.0,19.2,EUR,27/07/2026 20:52
PL-004259,6686,41396,79,Amsterdam,17/05/2026,17/07/2026,,87600.0,19.1,EUR,20/07/2026 09:06
PL-004260,6625,41373,84,Amsterdam,18/05/2026,23/07/2026,03/08/2026,105800.0,18.9,EUR,03/08/2026 10:20
PL-004261,6703,41495,173,New York,18/05/2026,30/07/2026,,190800.0,18.9,USD,01/08/2026 18:10
PL-004262,6731,39125,163,New York,18/05/2026,27/07/2026,,131900.0,18.6,USD,29/07/2026 13:00
PL-004263,6527,40580,56,London,19/05/2026,09/07/2026,03/08/2026,133000.0,17.5,GBP,04/08/2026 11:57
PL-004264,6691,41491,31,London,19/05/2026,16/07/2026,,93200.0,19.3,GBP,17/07/2026 14:37
PL-004265,6700,38630,118,Paris,19/05/2026,17/06/2026,,66200.0,18.1,EUR,17/06/2026 19:11
PL-004266,6551,40542,93,Brussels,20/05/2026,30/06/2026,,89300.0,20.7,EUR,03/07/2026 16:45
PL-004267,6630,40215,178,Charlotte,20/05/2026,06/07/2026,,93500.0,19.5,USD,07/07/2026 09:34
PL-004268,6649,41240,130,Paris,20/05/2026,30/07/2026,,99800.0,17.9,EUR,30/07/2026 18:44
PL-004269,6541,37747,35,London,21/05/2026,17/07/2026,,109300.0,22.0,GBP,20/07/2026 19:08
PL-004270,6567,40599,198,Singapore,21/05/2026,22/07/2026,,140800.0,15.3,SGD,25/07/2026 09:05
PL-004271,6580,40666,198,Singapore,21/05/2026,16/07/2026,27/08/2026,120900.0,20.4,SGD,28/08/2026 13:36
PL-004272,6581,40826,4,Manchester,21/05/2026,26/06/2026,,110300.0,17.1,GBP,26/06/2026 08:59
PL-004273,6644,41174,171,New York,21/05/2026,26/07/2026,,139100.0,17.8,USD,27/07/2026 09:24
PL-004274,6710,41571,44,London,21/05/2026,11/07/2026,,64000.0,18.6,GBP,14/07/2026 13:51
PL-004275,6552,40660,102,Madrid,22/05/2026,02/08/2026,,115200.0,21.6,EUR,04/08/2026 07:47
PL-004276,6570,40895,70,Dublin,22/05/2026,31/07/2026,,63200.0,18.8,EUR,31/07/2026 07:09
PL-004277,6623,38756,20,Manchester,22/05/2026,24/06/2026,,52900.0,20.5,GBP,27/06/2026 15:41
PL-004278,6671,41555,162,New York,22/05/2026,04/08/2026,,194100.0,17.3,USD,06/08/2026 07:01
PL-004279,6521,40034,62,London,23/05/2026,12/07/2026,,88400.0,19.8,GBP,15/07/2026 18:05
PL-004280,6631,41236,180,Charlotte,23/05/2026,08/08/2026,,94900.0,17.6,USD,10/08/2026 17:01
PL-004281,6657,41247,104,Madrid,23/05/2026,16/07/2026,,78400.0,19.7,EUR,19/07/2026 15:46
PL-004282,6548,40686,82,Amsterdam,24/05/2026,24/06/2026,,105700.0,19.8,EUR,24/06/2026 17:05
PL-004283,6549,40774,83,Amsterdam,24/05/2026,05/07/2026,19/07/2026,115200.0,18.0,EUR,21/07/2026 12:08
PL-004284,6610,40979,7,Manchester,24/05/2026,22/06/2026,,77900.0,21.2,GBP,23/06/2026 18:29
PL-004285,6616,40983,66,Dublin,24/05/2026,28/07/2026,,95100.0,17.2,EUR,29/07/2026 18:47
PL-004286,6641,41170,147,New York,24/05/2026,07/08/2026,,125700.0,19.4,USD,10/08/2026 10:48
PL-004287,6605,41017,59,London,25/05/2026,23/06/2026,,111900.0,23.0,GBP,25/06/2026 15:39
PL-004288,6626,38998,102,Madrid,25/05/2026,08/07/2026,,113200.0,23.5,EUR,10/07/2026 12:47
PL-004289,6648,41205,96,Brussels,26/05/2026,15/07/2026,,111400.0,20.7,EUR,16/07/2026 14:48
PL-004290,6665,38843,85,Amsterdam,26/05/2026,21/07/2026,,74000.0,18.2,EUR,22/07/2026 10:40
PL-004291,6738,41899,154,New York,26/05/2026,25/06/2026,30/07/2026,162200.0,20.9,USD,30/07/2026 14:11
PL-004292,6662,41213,19,Manchester,27/05/2026,12/08/2026,17/08/2026,49200.0,18.0,GBP,18/08/2026 07:18
PL-004293,6628,41203,170,New York,28/05/2026,14/07/2026,,154600.0,23.4,USD,17/07/2026 09:20
PL-004294,6634,41098,15,Manchester,28/05/2026,25/07/2026,,48100.0,20.8,GBP,26/07/2026 15:20
PL-004295,6720,38980,56,London,28/05/2026,08/07/2026,,93600.0,19.9,GBP,10/07/2026 13:21
PL-004296,6635,41099,31,London,29/05/2026,30/06/2026,,121400.0,18.8,GBP,03/07/2026 19:39
PL-004297,6669,41481,181,Charlotte,29/05/2026,16/08/2026,,123900.0,18.3,USD,18/08/2026 18:09
PL-004298,6701,41566,144,Zurich,29/05/2026,14/08/2026,,152900.0,19.0,CHF,17/08/2026 13:07
PL-004299,6721,41746,91,Brussels,29/05/2026,12/07/2026,,84800.0,20.9,EUR,12/07/2026 10:36
PL-004300,6735,41512,178,Charlotte,29/05/2026,11/08/2026,,79800.0,20.8,USD,11/08/2026 13:01
PL-004301,6546,40806,5,Manchester,30/05/2026,10/08/2026,,74500.0,18.8,GBP,12/08/2026 10:09
PL-004302,6593,41048,14,Manchester,30/05/2026,20/08/2026,,64600.0,19.2,GBP,23/08/2026 09:17
PL-004303,6706,41632,35,London,30/05/2026,19/07/2026,,141200.0,19.5,GBP,19/07/2026 14:30
PL-004304,6651,41548,29,London,31/05/2026,29/07/2026,,126700.0,22.1,GBP,30/07/2026 08:33
PL-004305,6668,41449,143,Zurich,31/05/2026,12/07/2026,,134200.0,22.1,CHF,13/07/2026 11:49
PL-004306,6740,42083,52,London,31/05/2026,16/08/2026,,84100.0,23.2,GBP,16/08/2026 17:32
PL-004307,6569,41066,62,London,01/06/2026,19/07/2026,,146400.0,17.9,GBP,21/07/2026 11:47
PL-004308,6661,41447,2,Manchester,01/06/2026,24/07/2026,,62400.0,21.3,GBP,24/07/2026 15:54
PL-004309,6712,41638,134,Zurich,01/06/2026,08/07/2026,,164500.0,19.4,CHF,10/07/2026 19:30
PL-004310,6733,40029,202,Singapore,01/06/2026,15/08/2026,,174800.0,18.5,SGD,16/08/2026 20:47
PL-004311,6736,41860,8,Manchester,01/06/2026,06/08/2026,,68100.0,19.0,GBP,08/08/2026 17:01
PL-004312,6744,40985,22,Manchester,01/06/2026,29/06/2026,,89400.0,22.7,GBP,02/07/2026 11:42
PL-004313,6681,41010,86,Amsterdam,02/06/2026,02/07/2026,13/07/2026,89500.0,20.0,EUR,13/07/2026 20:59
PL-004314,6730,41962,73,Dublin,02/06/2026,21/08/2026,,123800.0,18.4,EUR,24/08/2026 12:34
PL-004315,6725,40103,209,Malaysia,03/06/2026,21/08/2026,,160200.0,16.1,MYR,23/08/2026 12:40
PL-004316,6584,40900,146,New York,04/06/2026,27/07/2026,25/08/2026,130700.0,18.3,USD,27/08/2026 08:02
PL-004317,6638,41206,140,Zurich,04/06/2026,05/08/2026,,115400.0,18.9,CHF,06/08/2026 18:59
PL-004318,6640,41100,134,Zurich,04/06/2026,03/07/2026,,154900.0,15.4,CHF,04/07/2026 12:46
PL-004319,6659,40715,161,New York,04/06/2026,15/08/2026,,138600.0,17.9,USD,18/08/2026 07:09
PL-004320,6723,41850,154,New York,04/06/2026,06/07/2026,,120700.0,21.6,USD,08/07/2026 15:32
PL-004321,6724,41890,184,Hong Kong,04/06/2026,28/07/2026,,726000.0,20.9,HKD,31/07/2026 18:02
PL-004322,6727,41680,10,Manchester,04/06/2026,23/07/2026,,61600.0,19.3,GBP,25/07/2026 13:02
PL-004323,6751,42166,84,Amsterdam,04/06/2026,04/08/2026,,97200.0,18.0,EUR,05/08/2026 08:42
PL-004324,6795,41399,100,Madrid,04/06/2026,05/07/2026,,73100.0,17.4,EUR,05/07/2026 07:39
PL-004325,6799,42274,191,Hong Kong,04/06/2026,22/08/2026,,572900.0,18.8,HKD,24/08/2026 07:29
PL-004326,6547,40807,65,Dublin,05/06/2026,25/07/2026,,95600.0,18.5,EUR,27/07/2026 19:28
PL-004327,6617,41155,212,Malaysia,05/06/2026,04/08/2026,04/09/2026,170400.0,19.7,MYR,07/09/2026 07:52
PL-004328,6619,39068,5,Manchester,05/06/2026,27/08/2026,,113400.0,18.0,GBP,27/08/2026 20:42
PL-004329,6786,40434,5,Manchester,05/06/2026,20/08/2026,,99300.0,19.9,GBP,23/08/2026 15:49
PL-004330,6811,42233,69,Dublin,05/06/2026,05/07/2026,,80900.0,19.8,EUR,05/07/2026 18:08
PL-004331,6839,42454,130,Paris,06/06/2026,13/07/2026,,86400.0,17.0,EUR,15/07/2026 08:48
PL-004332,6624,40826,25,Manchester,07/06/2026,28/07/2026,,91600.0,16.8,GBP,30/07/2026 12:10
PL-004333,6670,41649,160,New York,07/06/2026,10/07/2026,,111400.0,16.8,USD,10/07/2026 20:52
PL-004334,6675,40981,28,London,07/06/2026,15/07/2026,,91200.0,18.9,GBP,18/07/2026 11:02
PL-004335,6701,41565,144,Zurich,07/06/2026,21/08/2026,25/08/2026,147500.0,17.2,CHF,26/08/2026 11:52
PL-004336,6729,41834,61,London,07/06/2026,22/08/2026,,137100.0,18.7,GBP,22/08/2026 13:56
PL-004337,6741,41787,65,Dublin,07/06/2026,15/08/2026,,90400.0,18.4,EUR,17/08/2026 12:17
PL-004338,6748,40947,207,Malaysia,07/06/2026,17/07/2026,,182100.0,22.0,MYR,17/07/2026 07:13
PL-004339,6642,41342,155,New York,08/06/2026,25/08/2026,,168400.0,17.7,USD,25/08/2026 13:22
PL-004340,6674,41557,24,Manchester,08/06/2026,18/07/2026,,104600.0,19.0,GBP,21/07/2026 17:36
PL-004341,6682,41361,135,Zurich,08/06/2026,13/08/2026,,87300.0,20.3,CHF,13/08/2026 09:08
PL-004342,6688,41459,152,New York,08/06/2026,22/08/2026,,116700.0,16.8,USD,25/08/2026 10:34
PL-004343,6753,41792,95,Brussels,08/06/2026,11/08/2026,,132500.0,19.5,EUR,13/08/2026 16:59
PL-004344,6690,41624,199,Singapore,09/06/2026,26/07/2026,,157300.0,18.7,SGD,26/07/2026 16:31
PL-004345,6716,41918,132,Zurich,09/06/2026,24/08/2026,,155000.0,20.7,CHF,27/08/2026 14:54
PL-004346,6745,42013,119,Paris,09/06/2026,25/07/2026,,82200.0,22.3,EUR,28/07/2026 07:58
PL-004347,6658,41550,135,Zurich,10/06/2026,17/08/2026,,97600.0,18.8,CHF,18/08/2026 13:44
PL-004348,6708,41569,144,Zurich,10/06/2026,14/07/2026,,147800.0,20.0,CHF,16/07/2026 18:34
PL-004349,6711,41500,95,Brussels,10/06/2026,10/07/2026,,123500.0,17.7,EUR,13/07/2026 16:26
PL-004350,6750,42092,45,London,10/06/2026,23/07/2026,,100700.0,20.2,GBP,24/07/2026 12:38
PL-004351,6752,41791,93,Brussels,10/06/2026,31/07/2026,,113500.0,20.0,EUR,03/08/2026 11:05
PL-004352,6793,41996,42,London,10/06/2026,09/08/2026,23/08/2026,101000.0,20.6,GBP,23/08/2026 20:28
PL-004353,6806,42513,39,London,10/06/2026,02/08/2026,,113000.0,19.7,GBP,03/08/2026 08:46
PL-004354,6832,42580,2,Manchester,10/06/2026,08/07/2026,,89000.0,20.3,GBP,09/07/2026 14:44
PL-004355,6647,40220,94,Brussels,11/06/2026,14/08/2026,,133700.0,23.4,EUR,15/08/2026 10:28
PL-004356,6653,41246,46,London,11/06/2026,24/07/2026,,95800.0,22.6,GBP,24/07/2026 15:07
PL-004357,6717,39155,139,Zurich,11/06/2026,26/08/2026,,123700.0,19.0,CHF,27/08/2026 11:45
PL-004358,6773,41980,86,Amsterdam,11/06/2026,14/07/2026,,79400.0,18.2,EUR,17/07/2026 07:06
PL-004359,6820,42204,11,Manchester,12/06/2026,13/08/2026,,58900.0,17.3,GBP,15/08/2026 08:09
PL-004360,6654,41509,75,Dublin,13/06/2026,13/07/2026,,94300.0,20.1,EUR,13/07/2026 10:29
PL-004361,6668,41583,143,Zurich,13/06/2026,06/08/2026,,133200.0,24.4,CHF,06/08/2026 14:44
PL-004362,6678,38487,85,Amsterdam,13/06/2026,03/08/2026,,99900.0,18.8,EUR,05/08/2026 18:59
PL-004363,6759,41833,14,Manchester,13/06/2026,15/08/2026,,70000.0,20.5,GBP,17/08/2026 13:40
PL-004364,6666,41477,99,Madrid,14/06/2026,26/08/2026,,98100.0,17.1,EUR,26/08/2026 18:12
PL-004365,6679,41391,88,Brussels,14/06/2026,16/07/2026,,83600.0,24.4,EUR,18/07/2026 16:47
PL-004366,6717,41775,139,Zurich,14/06/2026,15/07/2026,,112800.0,21.3,CHF,17/07/2026 17:55
PL-004367,6718,40878,142,Zurich,14/06/2026,10/08/2026,,174100.0,21.2,CHF,11/08/2026 12:58
PL-004368,6754,41936,108,Paris,14/06/2026,02/09/2026,,108300.0,19.3,EUR,05/09/2026 17:39
PL-004369,6797,41934,147,New York,14/06/2026,16/08/2026,,168000.0,21.7,USD,19/08/2026 13:43
PL-004370,6821,42326,48,London,14/06/2026,07/08/2026,,110500.0,15.2,GBP,07/08/2026 16:55
PL-004371,6849,42532,80,Amsterdam,14/06/2026,16/08/2026,,72900.0,18.4,EUR,16/08/2026 16:02
PL-004372,6706,40529,35,London,15/06/2026,03/09/2026,,166700.0,22.5,GBP,06/09/2026 15:47
PL-004373,6711,41740,95,Brussels,15/06/2026,26/08/2026,,124700.0,18.4,EUR,26/08/2026 12:01
PL-004374,6776,42181,121,Paris,15/06/2026,27/07/2026,,82400.0,21.6,EUR,30/07/2026 10:52
PL-004375,6778,41947,26,Manchester,15/06/2026,03/08/2026,,100800.0,16.5,GBP,05/08/2026 20:19
PL-004376,6779,41914,53,London,15/06/2026,19/07/2026,,74100.0,18.8,GBP,21/07/2026 08:27
PL-004377,6805,42444,203,Singapore,15/06/2026,23/07/2026,,116600.0,19.0,SGD,23/07/2026 14:14
PL-004378,6640,41465,134,Zurich,16/06/2026,02/09/2026,,160300.0,16.5,CHF,05/09/2026 13:01
PL-004379,6722,41779,131,Paris,16/06/2026,17/07/2026,,62200.0,21.1,EUR,17/07/2026 12:45
PL-004380,6790,42350,163,New York,16/06/2026,23/08/2026,,120700.0,18.0,USD,24/08/2026 15:05
PL-004381,6817,42324,137,Zurich,16/06/2026,22/07/2026,,121300.0,19.8,CHF,25/07/2026 12:58
PL-004382,6867,42742,161,New York,16/06/2026,04/09/2026,,184600.0,15.3,USD,06/09/2026 14:01
PL-004383,6655,41445,93,Brussels,17/06/2026,13/08/2026,,98000.0,16.5,EUR,16/08/2026 17:28
PL-004384,6761,42172,51,London,17/06/2026,03/08/2026,,95400.0,21.0,GBP,06/08/2026 11:05
PL-004385,6751,42094,84,Amsterdam,18/06/2026,12/08/2026,,96700.0,19.9,EUR,14/08/2026 16:38
PL-004386,6765,42174,166,New York,18/06/2026,08/09/2026,,224400.0,17.0,USD,08/09/2026 15:54
PL-004387,6792,42393,29,London,18/06/2026,31/07/2026,,89500.0,22.0,GBP,01/08/2026 14:20
PL-004388,6815,42238,90,Brussels,19/06/2026,06/08/2026,,145800.0,23.0,EUR,06/08/2026 20:43
PL-004389,6863,42667,76,Dublin,19/06/2026,19/07/2026,,93800.0,17.2,EUR,22/07/2026 18:23
PL-004390,6769,42378,36,London,20/06/2026,28/07/2026,,103200.0,22.5,GBP,31/07/2026 10:37
PL-004391,6831,42291,169,New York,20/06/2026,17/08/2026,,147700.0,17.0,USD,19/08/2026 08:34
PL-004392,6835,42453,37,London,20/06/2026,27/08/2026,,88500.0,16.1,GBP,28/08/2026 20:16
PL-004393,6728,41856,55,London,21/06/2026,21/07/2026,,128400.0,18.9,GBP,23/07/2026 09:06
PL-004394,6757,39661,177,Charlotte,21/06/2026,16/08/2026,,126200.0,15.1,USD,16/08/2026 15:18
PL-004395,6766,42101,183,Hong Kong,21/06/2026,26/08/2026,,668800.0,24.2,HKD,27/08/2026 17:51
PL-004396,6791,42226,9,Manchester,21/06/2026,24/08/2026,,58300.0,20.6,GBP,25/08/2026 20:27
PL-004397,6796,40440,134,Zurich,21/06/2026,11/08/2026,,146300.0,18.0,CHF,13/08/2026 11:23
PL-004398,6812,42405,153,New York,21/06/2026,13/09/2026,,91000.0,18.0,USD,12/09/2026 17:59
PL-004399,6845,42776,71,Dublin,21/06/2026,21/07/2026,,63700.0,15.8,EUR,21/07/2026 09:33
PL-004400,6758,42249,186,Hong Kong,22/06/2026,27/07/2026,,712200.0,17.7,HKD,30/07/2026 08:58
PL-004401,6780,42029,61,London,22/06/2026,27/07/2026,,124300.0,18.4,GBP,27/07/2026 19:22
PL-004402,6782,41980,114,Paris,22/06/2026,11/09/2026,,95800.0,17.2,EUR,12/09/2026 16:45
PL-004403,6822,42682,130,Paris,22/06/2026,27/07/2026,,69300.0,16.9,EUR,28/07/2026 11:48
PL-004404,6906,42827,189,Hong Kong,22/06/2026,10/08/2026,,958000.0,21.5,HKD,11/08/2026 14:57
PL-004405,6646,41415,76,Dublin,23/06/2026,28/07/2026,,90000.0,22.5,EUR,29/07/2026 12:07
PL-004406,6788,42433,71,Dublin,23/06/2026,19/08/2026,,76800.0,17.3,EUR,22/08/2026 11:51
PL-004407,6825,42547,174,Charlotte,23/06/2026,03/09/2026,,105300.0,20.0,USD,04/09/2026 14:23
PL-004408,6777,42182,190,Hong Kong,24/06/2026,25/07/2026,,1074600.0,17.7,HKD,25/07/2026 20:10
PL-004409,6828,39842,43,London,24/06/2026,12/09/2026,,98700.0,20.3,GBP,12/09/2026 18:05
PL-004410,6844,42691,54,London,24/06/2026,08/09/2026,,117900.0,23.6,GBP,08/09/2026 08:23
PL-004411,6848,41513,1,Manchester,24/06/2026,13/09/2026,,92900.0,18.7,GBP,12/09/2026 09:32
PL-004412,6851,42558,165,New York,24/06/2026,28/07/2026,,172300.0,21.7,USD,28/07/2026 18:52
PL-004413,6857,42694,79,Amsterdam,24/06/2026,07/08/2026,,88300.0,22.3,EUR,09/08/2026 20:52
PL-004414,6868,42566,62,London,24/06/2026,04/08/2026,,122800.0,17.6,GBP,06/08/2026 12:25
PL-004415,6689,41489,165,New York,25/06/2026,03/08/2026,,218900.0,20.7,USD,06/08/2026 13:08
PL-004416,6762,42173,91,Brussels,25/06/2026,25/08/2026,,93200.0,19.2,EUR,28/08/2026 08:37
PL-004417,6781,41989,82,Amsterdam,25/06/2026,29/07/2026,,94000.0,22.8,EUR,30/07/2026 13:22
PL-004418,6785,41010,201,Singapore,25/06/2026,31/07/2026,,125400.0,20.7,SGD,02/08/2026 12:43
PL-004419,6803,42537,144,Zurich,25/06/2026,31/08/2026,,140000.0,17.3,CHF,01/09/2026 20:20
PL-004420,6819,41329,192,Hong Kong,25/06/2026,05/08/2026,,870200.0,19.1,HKD,08/08/2026 12:27
PL-004421,6902,42761,150,New York,25/06/2026,24/08/2026,,118600.0,21.1,USD,26/08/2026 07:30
PL-004422,6916,40911,179,Charlotte,25/06/2026,27/07/2026,,140500.0,19.2,USD,28/07/2026 17:18
PL-004423,6771,40013,61,London,26/06/2026,04/08/2026,,128500.0,18.8,GBP,05/08/2026 10:44
PL-004424,6896,42886,186,Hong Kong,26/06/2026,25/08/2026,,738000.0,20.3,HKD,26/08/2026 07:51
PL-004425,6965,43194,179,Charlotte,26/06/2026,20/08/2026,,87600.0,19.8,USD,21/08/2026 15:26
PL-004426,6827,40703,38,London,28/06/2026,19/08/2026,,70900.0,18.0,GBP,22/08/2026 13:12
PL-004427,6841,42555,145,Zurich,28/06/2026,08/08/2026,29/08/2026,135600.0,19.6,CHF,29/08/2026 08:09
PL-004428,6862,42535,66,Dublin,28/06/2026,23/08/2026,,73900.0,18.2,EUR,26/08/2026 18:41
PL-004429,6770,42135,59,London,29/06/2026,26/08/2026,,129700.0,17.7,GBP,29/08/2026 08:47
PL-004430,6772,42341,85,Amsterdam,29/06/2026,24/08/2026,,108300.0,16.1,EUR,25/08/2026 16:02
PL-004431,6784,42349,136,Zurich,29/06/2026,01/09/2026,,112400.0,17.5,CHF,02/09/2026 16:20
PL-004432,6787,42261,55,London,29/06/2026,12/09/2026,,124000.0,22.1,GBP,12/09/2026 10:19
PL-004433,6830,42549,132,Zurich,29/06/2026,03/08/2026,,120700.0,20.9,CHF,03/08/2026 07:15
PL-004434,6881,42943,160,New York,29/06/2026,25/08/2026,,125600.0,18.0,USD,26/08/2026 11:07
PL-004435,6907,41319,213,Malaysia,30/06/2026,25/08/2026,,180100.0,22.2,MYR,25/08/2026 09:18
PL-004436,6743,42085,8,Manchester,01/07/2026,26/08/2026,,54800.0,18.7,GBP,27/08/2026 07:15
PL-004437,6789,42434,129,Paris,01/07/2026,17/09/2026,,55000.0,18.6,EUR,12/09/2026 10:10
PL-004438,6865,42631,202,Singapore,01/07/2026,17/08/2026,,171800.0,22.1,SGD,17/08/2026 16:20
PL-004439,6871,42744,125,Paris,01/07/2026,18/08/2026,,74100.0,16.7,EUR,21/08/2026 13:28
PL-004440,6903,41402,152,New York,01/07/2026,09/09/2026,,106300.0,21.2,USD,09/09/2026 14:20
PL-004441,6921,42282,117,Paris,01/07/2026,10/09/2026,,94400.0,22.1,EUR,12/09/2026 10:18
PL-004442,6946,43081,65,Dublin,01/07/2026,30/08/2026,,100000.0,19.6,EUR,31/08/2026 09:05
PL-004443,6751,42095,84,Amsterdam,02/07/2026,18/09/2026,,84500.0,17.8,EUR,12/09/2026 07:33
PL-004444,6763,42251,135,Zurich,02/07/2026,31/07/2026,,94900.0,19.9,CHF,01/08/2026 07:17
PL-004445,6802,39664,100,Madrid,02/07/2026,13/08/2026,,69200.0,19.5,EUR,15/08/2026 16:45
PL-004446,6861,42736,60,London,02/07/2026,05/08/2026,,118500.0,21.1,GBP,06/08/2026 07:23
PL-004447,6898,42750,44,London,02/07/2026,07/09/2026,,102700.0,17.6,GBP,08/09/2026 08:45
PL-004448,6904,42719,166,New York,02/07/2026,29/08/2026,,158900.0,19.1,USD,01/09/2026 11:15
PL-004449,6764,41974,153,New York,03/07/2026,19/09/2026,,144600.0,16.9,USD,12/09/2026 11:18
PL-004450,6814,42608,53,London,03/07/2026,07/09/2026,,97400.0,19.7,GBP,07/09/2026 10:53
PL-004451,6870,39836,97,Madrid,03/07/2026,05/09/2026,,108800.0,22.8,EUR,06/09/2026 10:55
PL-004452,6875,40951,28,London,03/07/2026,04/09/2026,,104200.0,23.9,GBP,04/09/2026 10:35
PL-004453,6808,42478,152,New York,04/07/2026,29/08/2026,,155400.0,20.7,USD,01/09/2026 08:53
PL-004454,6823,42613,140,Zurich,04/07/2026,19/09/2026,,122300.0,17.2,CHF,12/09/2026 09:35
PL-004455,6876,42603,35,London,04/07/2026,22/09/2026,,100500.0,17.9,GBP,12/09/2026 09:07
PL-004456,6889,42945,18,Manchester,04/07/2026,23/08/2026,,82200.0,19.0,GBP,25/08/2026 16:35
PL-004457,6945,43311,202,Singapore,04/07/2026,14/08/2026,,146600.0,21.9,SGD,14/08/2026 19:34
PL-004458,6807,42152,83,Amsterdam,05/07/2026,13/09/2026,,100700.0,17.7,EUR,12/09/2026 16:05
PL-004459,6820,42575,11,Manchester,05/07/2026,23/09/2026,,60300.0,18.7,GBP,12/09/2026 12:32
PL-004460,6892,43015,131,Paris,05/07/2026,19/08/2026,,104500.0,19.9,EUR,21/08/2026 10:31
PL-004461,6956,43157,39,London,05/07/2026,16/08/2026,07/09/2026,73100.0,18.4,GBP,08/09/2026 14:15
PL-004462,6801,42400,73,Dublin,06/07/2026,09/08/2026,,90900.0,18.4,EUR,11/08/2026 09:03
PL-004463,6837,42336,99,Madrid,06/07/2026,18/08/2026,,100600.0,19.1,EUR,20/08/2026 13:47
PL-004464,6858,42628,143,Zurich,06/07/2026,18/08/2026,,122400.0,17.5,CHF,20/08/2026 15:24
PL-004465,6868,42633,62,London,06/07/2026,04/08/2026,,132200.0,18.5,GBP,06/08/2026 18:55
PL-004466,6917,42987,17,Manchester,06/07/2026,06/08/2026,,68300.0,18.2,GBP,07/08/2026 08:18
PL-004467,6882,42707,27,Manchester,07/07/2026,23/09/2026,,84500.0,19.4,GBP,12/09/2026 17:46
PL-004468,6941,42964,203,Singapore,07/07/2026,26/09/2026,,122200.0,19.7,SGD,12/09/2026 12:32
PL-004469,6942,43046,74,Dublin,07/07/2026,23/08/2026,,72200.0,17.1,EUR,25/08/2026 12:58
PL-004470,6928,41825,86,Amsterdam,08/07/2026,24/09/2026,,80200.0,18.3,EUR,12/09/2026 17:08
PL-004471,6877,42912,62,London,09/07/2026,14/08/2026,,90200.0,17.6,GBP,14/08/2026 20:43
PL-004472,6888,42795,15,Manchester,09/07/2026,22/09/2026,,49800.0,18.5,GBP,12/09/2026 19:21
PL-004473,6918,42866,171,New York,10/07/2026,21/08/2026,,171800.0,17.7,USD,22/08/2026 15:45
PL-004474,6883,42708,76,Dublin,11/07/2026,15/09/2026,,100100.0,19.1,EUR,12/09/2026 20:43
PL-004475,6866,40670,52,London,12/07/2026,23/08/2026,,116700.0,21.4,GBP,26/08/2026 14:45
PL-004476,6952,43338,85,Amsterdam,12/07/2026,24/09/2026,,93800.0,19.0,EUR,12/09/2026 15:23
PL-004477,6965,43403,179,Charlotte,12/07/2026,25/08/2026,,97400.0,18.1,USD,28/08/2026 18:07
PL-004478,6879,42913,94,Brussels,13/07/2026,17/09/2026,,121300.0,20.6,EUR,12/09/2026 10:35
PL-004479,6886,41020,146,New York,13/07/2026,22/09/2026,,141100.0,21.2,USD,12/09/2026 12:55
PL-004480,6886,42793,146,New York,13/07/2026,27/08/2026,,151400.0,22.8,USD,27/08/2026 15:03
PL-004481,6908,43106,25,Manchester,13/07/2026,12/09/2026,,74600.0,17.9,GBP,12/09/2026 17:11
PL-004482,6943,43247,104,Madrid,15/07/2026,16/09/2026,,86700.0,18.1,EUR,12/09/2026 12:40
PL-004483,7013,43458,199,Singapore,15/07/2026,17/09/2026,,174300.0,20.6,SGD,12/09/2026 17:44
PL-004484,6824,42615,156,New York,16/07/2026,10/09/2026,,163900.0,19.1,USD,10/09/2026 17:45
PL-004485,6913,40539,159,New York,16/07/2026,29/08/2026,,178000.0,20.2,USD,30/08/2026 16:36
PL-004486,6924,43170,190,Hong Kong,16/07/2026,01/09/2026,,575800.0,20.8,HKD,03/09/2026 13:01
PL-004487,6940,43002,201,Singapore,16/07/2026,01/10/2026,,175900.0,20.0,SGD,12/09/2026 19:58
PL-004488,6974,43529,87,Amsterdam,16/07/2026,05/09/2026,,100600.0,17.6,EUR,07/09/2026 19:24
PL-004489,6984,42870,128,Paris,16/07/2026,29/08/2026,10/09/2026,86400.0,17.1,EUR,10/09/2026 14:48
PL-004490,7018,43583,8,Manchester,16/07/2026,27/08/2026,,88600.0,22.2,GBP,27/08/2026 16:46
PL-004491,6950,43215,209,Malaysia,17/07/2026,06/10/2026,,217900.0,20.9,MYR,12/09/2026 08:23
PL-004492,6976,43286,153,New York,17/07/2026,12/09/2026,,132200.0,15.8,USD,12/09/2026 14:52
PL-004493,7027,43778,97,Madrid,17/07/2026,15/09/2026,,85700.0,18.4,EUR,12/09/2026 12:35
PL-004494,7029,43736,140,Zurich,17/07/2026,15/08/2026,,98600.0,17.9,CHF,15/08/2026 20:13
PL-004495,7033,43661,27,Manchester,17/07/2026,20/08/2026,,104100.0,16.9,GBP,21/08/2026 11:01
PL-004496,6922,43110,139,Zurich,18/07/2026,18/08/2026,,141300.0,21.4,CHF,19/08/2026 09:59
PL-004497,6931,42810,15,Manchester,18/07/2026,17/08/2026,,70100.0,17.6,GBP,19/08/2026 19:53
PL-004498,6964,43321,138,Zurich,18/07/2026,21/08/2026,,146900.0,20.1,CHF,23/08/2026 09:02
PL-004499,7008,43653,142,Zurich,18/07/2026,04/09/2026,,119400.0,20.7,CHF,06/09/2026 12:32
PL-004500,7013,43889,199,Singapore,18/07/2026,07/09/2026,,191500.0,18.0,SGD,09/09/2026 07:31
PL-004501,6949,43214,170,New York,19/07/2026,30/08/2026,,103300.0,23.1,USD,30/08/2026 17:06
PL-004502,6985,43411,161,New York,19/07/2026,08/09/2026,,135800.0,19.2,USD,11/09/2026 15:02
PL-004503,7095,43712,116,Paris,19/07/2026,20/09/2026,,96700.0,20.0,EUR,12/09/2026 17:53
PL-004504,6946,43048,65,Dublin,20/07/2026,08/10/2026,,93200.0,20.8,EUR,12/09/2026 16:30
PL-004505,6981,43497,174,Charlotte,20/07/2026,01/10/2026,,115900.0,19.6,USD,12/09/2026 13:56
PL-004506,6972,43441,44,London,21/07/2026,06/09/2026,,81000.0,18.3,GBP,07/09/2026 18:37
PL-004507,6978,41607,25,Manchester,21/07/2026,20/09/2026,,99200.0,18.2,GBP,12/09/2026 19:18
PL-004508,7001,43651,2,Manchester,21/07/2026,09/09/2026,,108100.0,18.4,GBP,12/09/2026 18:33
PL-004509,7036,43237,85,Amsterdam,21/07/2026,03/10/2026,,88000.0,17.3,EUR,12/09/2026 14:20
PL-004510,6842,42689,199,Singapore,22/07/2026,26/08/2026,,147900.0,22.5,SGD,27/08/2026 14:15
PL-004511,6894,42797,151,New York,22/07/2026,12/09/2026,,173000.0,17.4,USD,12/09/2026 10:12
PL-004512,6914,41252,162,New York,22/07/2026,08/10/2026,,146300.0,19.6,USD,12/09/2026 07:39
PL-004513,6975,43442,136,Zurich,22/07/2026,23/09/2026,,98200.0,18.9,CHF,12/09/2026 17:18
PL-004514,7015,43582,209,Malaysia,22/07/2026,03/10/2026,,235800.0,18.3,MYR,12/09/2026 14:10
PL-004515,7023,40835,63,London,22/07/2026,24/09/2026,,123300.0,20.0,GBP,12/09/2026 07:10
PL-004516,7108,42457,160,New York,22/07/2026,16/09/2026,,164600.0,19.3,USD,12/09/2026 19:23
PL-004517,6986,43327,4,Manchester,23/07/2026,27/09/2026,,109200.0,20.5,GBP,12/09/2026 08:25
PL-004518,6810,42539,20,Manchester,24/07/2026,16/10/2026,,65800.0,20.9,GBP,12/09/2026 11:26
PL-004519,6987,43682,52,London,24/07/2026,02/09/2026,,93300.0,20.7,GBP,04/09/2026 10:05
PL-004520,7021,43557,44,London,24/07/2026,25/09/2026,,106400.0,17.6,GBP,12/09/2026 19:30
PL-004521,7026,41623,95,Brussels,24/07/2026,07/10/2026,,109300.0,17.4,EUR,12/09/2026 08:39
PL-004522,7030,43700,182,Hong Kong,24/07/2026,12/09/2026,,1084600.0,21.1,HKD,12/09/2026 19:12
PL-004523,7054,43831,212,Malaysia,24/07/2026,27/08/2026,,216000.0,20.6,MYR,28/08/2026 12:08
PL-004524,7070,43125,213,Malaysia,24/07/2026,14/10/2026,,227200.0,16.3,MYR,12/09/2026 11:38
PL-004525,7092,44088,66,Dublin,24/07/2026,30/09/2026,,108100.0,20.0,EUR,12/09/2026 07:12
PL-004526,6936,43180,165,New York,25/07/2026,28/09/2026,,199600.0,19.2,USD,12/09/2026 19:34
PL-004527,6990,43542,125,Paris,25/07/2026,23/09/2026,,73000.0,17.8,EUR,12/09/2026 15:35
PL-004528,7084,43845,15,Manchester,25/07/2026,03/10/2026,,52400.0,20.1,GBP,12/09/2026 08:07
PL-004529,6932,43205,67,Dublin,26/07/2026,09/10/2026,,105600.0,23.6,EUR,12/09/2026 07:54
PL-004530,6847,40527,92,Brussels,27/07/2026,08/09/2026,,112400.0,18.6,EUR,08/09/2026 18:50
PL-004531,6872,42909,142,Zurich,27/07/2026,07/10/2026,,121200.0,21.0,CHF,12/09/2026 11:27
PL-004532,6948,43082,147,New York,27/07/2026,07/10/2026,,127700.0,17.1,USD,12/09/2026 12:48
PL-004533,6963,43256,59,London,27/07/2026,05/10/2026,,118500.0,18.4,GBP,12/09/2026 15:19
PL-004534,7007,43690,137,Zurich,27/07/2026,23/09/2026,,129800.0,22.3,CHF,12/09/2026 19:24
PL-004535,6969,43375,14,Manchester,28/07/2026,15/10/2026,,88100.0,23.8,GBP,12/09/2026 15:57
PL-004536,6970,43527,171,New York,28/07/2026,07/10/2026,,187300.0,22.4,USD,12/09/2026 07:11
PL-004537,6996,43390,144,Zurich,28/07/2026,15/10/2026,,181000.0,18.0,CHF,12/09/2026 17:29
PL-004538,7030,43783,182,Hong Kong,28/07/2026,09/09/2026,,1166600.0,22.1,HKD,12/09/2026 20:46
PL-004539,7083,43881,5,Manchester,28/07/2026,28/09/2026,,74600.0,20.5,GBP,12/09/2026 07:09
PL-004540,7017,43896,170,New York,29/07/2026,23/09/2026,,162300.0,18.4,USD,12/09/2026 19:01
PL-004541,7069,44075,142,Zurich,29/07/2026,05/10/2026,,115200.0,22.4,CHF,12/09/2026 16:45
PL-004542,7084,43929,15,Manchester,29/07/2026,11/10/2026,,52900.0,18.8,GBP,12/09/2026 07:21
PL-004543,6961,43492,147,New York,30/07/2026,31/08/2026,,153200.0,17.7,USD,01/09/2026 11:10
PL-004544,7081,44083,201,Singapore,30/07/2026,02/10/2026,,180100.0,20.3,SGD,12/09/2026 07:07
PL-004545,7090,44043,3,Manchester,30/07/2026,20/10/2026,,78200.0,16.4,GBP,12/09/2026 14:46
PL-004546,6995,43808,134,Zurich,31/07/2026,26/09/2026,,135600.0,18.6,CHF,12/09/2026 09:11
PL-004547,7067,41497,190,Hong Kong,31/07/2026,08/10/2026,,835700.0,20.0,HKD,12/09/2026 13:56
PL-004548,7068,43962,26,Manchester,31/07/2026,08/09/2026,,73700.0,17.1,GBP,10/09/2026 19:14
PL-004549,7110,44096,165,New York,31/07/2026,30/09/2026,,179200.0,17.2,USD,12/09/2026 15:42
PL-004550,6988,40841,61,London,01/08/2026,21/09/2026,,123000.0,15.5,GBP,12/09/2026 19:12
PL-004551,6997,43391,158,New York,01/08/2026,29/09/2026,,108900.0,22.0,USD,12/09/2026 08:04
PL-004552,7025,42972,80,Amsterdam,01/08/2026,22/09/2026,,63300.0,18.1,EUR,12/09/2026 08:54
PL-004553,7106,44136,48,London,01/08/2026,24/10/2026,,107000.0,19.2,GBP,12/09/2026 07:29
PL-004554,7117,44139,73,Dublin,01/08/2026,03/10/2026,,99200.0,21.0,EUR,12/09/2026 07:28
PL-004555,7159,44501,116,Paris,01/08/2026,24/09/2026,,106300.0,22.7,EUR,12/09/2026 19:47
PL-004556,6979,43640,39,London,02/08/2026,19/10/2026,,92600.0,18.1,GBP,12/09/2026 09:48
PL-004557,6994,43576,64,Dublin,02/08/2026,07/10/2026,,79000.0,16.8,EUR,12/09/2026 15:06
PL-004558,7020,43693,24,Manchester,02/08/2026,18/10/2026,,63500.0,17.0,GBP,12/09/2026 15:30
PL-004559,7035,44027,70,Dublin,02/08/2026,18/09/2026,,78800.0,23.2,EUR,12/09/2026 20:18
PL-004560,7051,43709,154,New York,02/08/2026,02/09/2026,,151800.0,16.9,USD,04/09/2026 07:33
PL-004561,7059,43753,162,New York,02/08/2026,10/10/2026,,106500.0,20.7,USD,12/09/2026 15:54
PL-004562,6989,41768,62,London,03/08/2026,15/09/2026,,92600.0,22.2,GBP,12/09/2026 08:05
PL-004563,7041,43740,43,London,04/08/2026,10/09/2026,,105200.0,16.7,GBP,10/09/2026 18:22
PL-004564,7053,43746,178,Charlotte,04/08/2026,23/09/2026,,102900.0,19.2,USD,12/09/2026 09:05
PL-004565,7142,44289,150,New York,05/08/2026,28/09/2026,,117400.0,18.2,USD,12/09/2026 09:03
PL-004566,7009,43457,145,Zurich,06/08/2026,03/09/2026,,128200.0,17.3,CHF,05/09/2026 07:19
PL-004567,7012,43769,186,Hong Kong,06/08/2026,21/09/2026,,598900.0,20.3,HKD,12/09/2026 15:49
PL-004568,7062,43958,180,Charlotte,06/08/2026,06/09/2026,,107700.0,17.6,USD,08/09/2026 15:33
PL-004569,7063,44120,24,Manchester,06/08/2026,14/10/2026,,99800.0,19.4,GBP,12/09/2026 15:40
PL-004570,7109,44052,162,New York,06/08/2026,03/10/2026,,207800.0,17.6,USD,12/09/2026 09:09
PL-004571,7118,44445,81,Amsterdam,06/08/2026,24/10/2026,,122800.0,18.1,EUR,12/09/2026 08:29
PL-004572,7170,43611,26,Manchester,06/08/2026,05/09/2026,,63400.0,19.9,GBP,06/09/2026 14:05
PL-004573,7050,44109,143,Zurich,07/08/2026,15/10/2026,,146400.0,19.6,CHF,12/09/2026 13:32
PL-004574,7130,42839,42,London,07/08/2026,08/09/2026,,109300.0,17.1,GBP,08/09/2026 13:14
PL-004575,7003,43614,20,Manchester,08/08/2026,22/10/2026,,86500.0,16.5,GBP,12/09/2026 15:58
PL-004576,7006,42650,74,Dublin,08/08/2026,31/10/2026,,107600.0,19.9,EUR,12/09/2026 10:44
PL-004577,7073,41786,79,Amsterdam,08/08/2026,02/10/2026,,137300.0,19.3,EUR,12/09/2026 09:41
PL-004578,7080,43843,183,Hong Kong,08/08/2026,05/09/2026,,651600.0,16.8,HKD,05/09/2026 19:56
PL-004579,7157,44540,144,Zurich,08/08/2026,05/09/2026,,140900.0,21.5,CHF,05/09/2026 11:25
PL-004580,6993,43720,60,London,09/08/2026,10/09/2026,,96500.0,17.1,GBP,12/09/2026 09:39
PL-004581,7057,43686,54,London,09/08/2026,16/10/2026,,101400.0,18.3,GBP,12/09/2026 20:26
PL-004582,7071,44230,214,Malaysia,09/08/2026,18/10/2026,,153000.0,19.2,MYR,12/09/2026 10:44
PL-004583,7082,43880,1,Manchester,09/08/2026,09/09/2026,,114600.0,19.8,GBP,11/09/2026 17:58
PL-004584,7146,44331,186,Hong Kong,09/08/2026,25/10/2026,,695900.0,17.4,HKD,12/09/2026 14:02
PL-004585,7148,44462,24,Manchester,09/08/2026,15/10/2026,,86700.0,21.1,GBP,12/09/2026 17:26
PL-004586,7177,44604,17,Manchester,09/08/2026,01/10/2026,,55400.0,20.7,GBP,12/09/2026 20:41
PL-004587,7186,44552,204,Singapore,09/08/2026,11/09/2026,,140000.0,20.7,SGD,12/09/2026 11:12
PL-004588,7048,44149,100,Madrid,10/08/2026,28/10/2026,,78500.0,16.1,EUR,12/09/2026 15:03
PL-004589,7075,44267,105,Madrid,10/08/2026,10/09/2026,,81400.0,17.5,EUR,12/09/2026 17:19
PL-004590,7087,43931,96,Brussels,10/08/2026,22/09/2026,,96800.0,20.4,EUR,12/09/2026 15:10
PL-004591,7103,44213,169,New York,10/08/2026,03/10/2026,,156900.0,23.7,USD,12/09/2026 11:38
PL-004592,7132,44385,65,Dublin,10/08/2026,14/09/2026,,105100.0,17.4,EUR,12/09/2026 19:05
PL-004593,7163,44428,95,Brussels,10/08/2026,10/10/2026,,109700.0,20.3,EUR,12/09/2026 17:35
PL-004594,7111,41925,180,Charlotte,11/08/2026,21/09/2026,,139200.0,16.9,USD,12/09/2026 10:14
PL-004595,7115,44099,20,Manchester,11/08/2026,05/10/2026,,107500.0,17.0,GBP,12/09/2026 20:03
PL-004596,7129,44611,19,Manchester,11/08/2026,10/10/2026,,72100.0,22.6,GBP,12/09/2026 08:33
PL-004597,7028,43780,118,Paris,12/08/2026,16/09/2026,,76300.0,21.5,EUR,12/09/2026 13:19
PL-004598,7091,44046,53,London,12/08/2026,14/10/2026,,103500.0,20.0,GBP,12/09/2026 17:30
PL-004599,7096,44209,135,Zurich,12/08/2026,04/10/2026,,152400.0,17.5,CHF,12/09/2026 14:46
PL-004600,7097,44210,9,Manchester,12/08/2026,12/10/2026,,74800.0,19.1,GBP,12/09/2026 09:37
PL-004601,7105,44215,28,London,12/08/2026,03/10/2026,,103600.0,20.0,GBP,12/09/2026 20:44
PL-004602,7032,43627,6,Manchester,13/08/2026,01/11/2026,,83300.0,16.4,GBP,12/09/2026 14:07
PL-004603,7044,43994,169,New York,13/08/2026,11/10/2026,,196900.0,22.7,USD,12/09/2026 14:20
PL-004604,7094,44341,103,Madrid,13/08/2026,19/09/2026,,84400.0,20.0,EUR,12/09/2026 18:45
PL-004605,7144,44652,136,Zurich,13/08/2026,13/10/2026,,131700.0,17.6,CHF,12/09/2026 10:48
PL-004606,7053,42502,178,Charlotte,14/08/2026,05/11/2026,,106100.0,22.7,USD,12/09/2026 10:02
PL-004607,7151,44536,135,Zurich,14/08/2026,13/10/2026,,117300.0,16.9,CHF,12/09/2026 11:56
PL-004608,7179,44548,76,Dublin,14/08/2026,30/09/2026,,91600.0,18.9,EUR,12/09/2026 14:44
PL-004609,7180,44861,86,Amsterdam,14/08/2026,01/11/2026,,102300.0,17.7,EUR,12/09/2026 20:53
PL-004610,7078,44161,150,New York,15/08/2026,26/10/2026,,167500.0,17.8,USD,12/09/2026 12:56
PL-004611,7101,44279,64,Dublin,15/08/2026,28/09/2026,,111800.0,20.2,EUR,12/09/2026 20:56
PL-004612,7119,42559,199,Singapore,15/08/2026,26/09/2026,,180000.0,23.4,SGD,12/09/2026 08:51
PL-004613,7150,44394,70,Dublin,15/08/2026,12/09/2026,,86800.0,16.8,EUR,12/09/2026 12:06
PL-004614,7171,44576,31,London,15/08/2026,18/10/2026,,142000.0,23.0,GBP,12/09/2026 07:25
PL-004615,7122,44250,44,London,16/08/2026,13/09/2026,,105300.0,23.5,GBP,12/09/2026 15:10
PL-004616,7190,44805,71,Dublin,16/08/2026,17/10/2026,,56200.0,21.6,EUR,12/09/2026 18:00
PL-004617,7052,43999,166,New York,17/08/2026,06/11/2026,,145700.0,18.0,USD,12/09/2026 10:15
PL-004618,7137,44356,45,London,17/08/2026,01/10/2026,,82600.0,20.3,GBP,12/09/2026 10:49
PL-004619,7238,44917,7,Manchester,17/08/2026,04/11/2026,,75000.0,18.3,GBP,12/09/2026 11:14
PL-004620,7248,45107,140,Zurich,17/08/2026,26/09/2026,,142700.0,18.6,CHF,12/09/2026 12:52
PL-004621,7127,44451,170,New York,18/08/2026,12/10/2026,,160800.0,16.1,USD,12/09/2026 20:08
PL-004622,7174,44602,130,Paris,18/08/2026,13/10/2026,,100200.0,20.2,EUR,12/09/2026 18:40
PL-004623,7241,44948,123,Paris,18/08/2026,03/10/2026,,96000.0,16.0,EUR,12/09/2026 19:34
PL-004624,7125,41474,134,Zurich,19/08/2026,22/10/2026,,127300.0,20.3,CHF,12/09/2026 20:07
PL-004625,7167,44505,114,Paris,19/08/2026,21/09/2026,,73200.0,22.3,EUR,12/09/2026 09:42
PL-004626,7182,43424,151,New York,19/08/2026,05/10/2026,,170700.0,17.9,USD,12/09/2026 09:21
PL-004627,7273,45032,153,New York,19/08/2026,22/09/2026,,155700.0,19.8,USD,12/09/2026 12:26
PL-004628,7045,43995,59,London,20/08/2026,23/10/2026,,108700.0,20.8,GBP,12/09/2026 09:56
PL-004629,7141,43133,117,Paris,20/08/2026,06/10/2026,,81200.0,20.3,EUR,12/09/2026 07:53
PL-004630,7158,44627,90,Brussels,20/08/2026,09/10/2026,,147300.0,18.6,EUR,12/09/2026 12:57
PL-004631,7193,44868,154,New York,20/08/2026,05/10/2026,,137600.0,20.0,USD,12/09/2026 12:03
PL-004632,7201,45038,145,Zurich,20/08/2026,30/10/2026,,143800.0,19.1,CHF,12/09/2026 09:57
PL-004633,7089,43848,172,New York,21/08/2026,21/09/2026,,236800.0,22.4,USD,12/09/2026 14:58
PL-004634,7195,44268,37,London,21/08/2026,18/09/2026,,77500.0,16.6,GBP,12/09/2026 14:54
PL-004635,7121,44521,12,Manchester,22/08/2026,25/09/2026,,85300.0,21.5,GBP,12/09/2026 18:33
PL-004636,7134,42814,108,Paris,22/08/2026,12/10/2026,,72900.0,24.2,EUR,12/09/2026 18:05
PL-004637,7136,44416,5,Manchester,22/08/2026,10/11/2026,,120700.0,17.7,GBP,12/09/2026 18:02
PL-004638,7225,44794,82,Amsterdam,23/08/2026,20/10/2026,,81700.0,20.5,EUR,12/09/2026 16:24
PL-004639,7138,44357,95,Brussels,24/08/2026,26/10/2026,,113200.0,17.5,EUR,12/09/2026 17:58
PL-004640,7155,44596,53,London,24/08/2026,15/11/2026,,79200.0,20.5,GBP,12/09/2026 15:42
PL-004641,7199,44871,60,London,24/08/2026,29/09/2026,,106100.0,21.3,GBP,12/09/2026 07:45
PL-004642,7224,45096,78,Dublin,24/08/2026,23/10/2026,,67400.0,22.6,EUR,12/09/2026 14:55
PL-004643,7039,43667,29,London,25/08/2026,26/10/2026,,92200.0,20.7,GBP,12/09/2026 16:23
PL-004644,7099,43166,94,Brussels,25/08/2026,01/11/2026,,136100.0,22.5,EUR,12/09/2026 20:56
PL-004645,7196,44808,62,London,25/08/2026,02/11/2026,,89300.0,24.3,GBP,12/09/2026 18:19
PL-004646,7252,45309,84,Amsterdam,25/08/2026,26/09/2026,,117200.0,18.7,EUR,12/09/2026 09:47
PL-004647,7288,45121,153,New York,25/08/2026,15/10/2026,,123500.0,22.8,USD,12/09/2026 19:12
PL-004648,7098,44019,55,London,26/08/2026,21/10/2026,,107200.0,16.7,GBP,12/09/2026 09:35
PL-004649,7105,44436,28,London,26/08/2026,31/10/2026,,100700.0,19.5,GBP,12/09/2026 09:08
PL-004650,7154,44396,29,London,26/08/2026,05/11/2026,,85600.0,18.0,GBP,12/09/2026 09:39
PL-004651,7169,44508,18,Manchester,26/08/2026,23/09/2026,,75500.0,20.9,GBP,12/09/2026 17:48
PL-004652,7270,45030,100,Madrid,26/08/2026,29/09/2026,,91700.0,18.8,EUR,12/09/2026 10:16
PL-004653,6980,43600,93,Brussels,27/08/2026,02/10/2026,,97500.0,21.0,EUR,12/09/2026 13:57
PL-004654,7055,41893,31,London,27/08/2026,31/10/2026,,151600.0,19.1,GBP,12/09/2026 12:34
PL-004655,7282,45120,85,Amsterdam,27/08/2026,11/11/2026,,90700.0,19.1,EUR,12/09/2026 17:07
PL-004656,7210,45087,150,New York,28/08/2026,06/10/2026,,174700.0,20.7,USD,12/09/2026 15:33
PL-004657,7131,44586,43,London,29/08/2026,09/10/2026,,76800.0,20.1,GBP,12/09/2026 12:26
PL-004658,7165,44658,174,Charlotte,29/08/2026,13/11/2026,,82600.0,20.1,USD,12/09/2026 15:20
PL-004659,7200,44781,61,London,29/08/2026,12/10/2026,,90000.0,17.7,GBP,12/09/2026 13:26
PL-004660,7209,44963,135,Zurich,30/08/2026,06/11/2026,,92200.0,17.3,CHF,12/09/2026 09:46
PL-004661,7274,45033,194,Singapore,30/08/2026,04/11/2026,,150800.0,24.0,SGD,12/09/2026 07:13
PL-004662,7168,44660,129,Paris,31/08/2026,20/11/2026,,95200.0,22.0,EUR,12/09/2026 11:24
PL-004663,7223,45055,61,London,31/08/2026,08/11/2026,,103000.0,22.4,GBP,12/09/2026 16:32
PL-004664,7232,44978,159,New York,31/08/2026,26/10/2026,,114800.0,24.1,USD,12/09/2026 18:31
PL-004665,7233,44851,212,Malaysia,31/08/2026,20/10/2026,,246500.0,21.5,MYR,12/09/2026 16:25
PL-004666,7245,42683,66,Dublin,31/08/2026,30/10/2026,,110300.0,18.7,EUR,12/09/2026 08:13
PL-004667,7261,44503,52,London,31/08/2026,26/10/2026,,85600.0,20.5,GBP,12/09/2026 07:56
PL-004668,7209,43127,135,Zurich,01/09/2026,11/11/2026,,94200.0,18.3,CHF,12/09/2026 11:41
PL-004669,7235,43699,52,London,01/09/2026,12/11/2026,,106300.0,22.1,GBP,12/09/2026 15:11
PL-004670,7250,44950,179,Charlotte,01/09/2026,19/11/2026,,85400.0,18.6,USD,12/09/2026 08:14
PL-004671,7185,44923,143,Zurich,02/09/2026,17/11/2026,,143100.0,16.0,CHF,12/09/2026 08:10
PL-004672,7213,45088,74,Dublin,02/09/2026,27/10/2026,,74800.0,19.3,EUR,12/09/2026 20:57
PL-004673,7230,44912,10,Manchester,02/09/2026,26/10/2026,,95200.0,20.2,GBP,12/09/2026 19:10
PL-004674,7249,43067,152,New York,02/09/2026,13/10/2026,,114100.0,20.0,USD,12/09/2026 16:19
PL-004675,7218,44942,161,New York,03/09/2026,07/10/2026,,181200.0,17.4,USD,12/09/2026 19:23
PL-004676,7228,45057,177,Charlotte,03/09/2026,16/10/2026,,93200.0,17.6,USD,12/09/2026 12:10
PL-004677,7311,44168,12,Manchester,03/09/2026,11/10/2026,,59300.0,21.7,GBP,12/09/2026 07:23
PL-004678,7152,44656,146,New York,04/09/2026,24/10/2026,,160600.0,17.0,USD,12/09/2026 14:37
PL-004679,7194,44777,25,Manchester,04/09/2026,02/11/2026,,76200.0,18.2,GBP,12/09/2026 19:00
PL-004680,7212,44731,3,Manchester,04/09/2026,01/11/2026,,97100.0,19.8,GBP,12/09/2026 08:30
PL-004681,7267,45154,47,London,04/09/2026,16/10/2026,,99900.0,20.1,GBP,12/09/2026 09:25
PL-004682,7304,45467,80,Amsterdam,04/09/2026,30/10/2026,,86300.0,17.9,EUR,12/09/2026 09:51
PL-004683,7319,43379,94,Brussels,04/09/2026,22/11/2026,,83900.0,20.2,EUR,12/09/2026 08:41
PL-004684,7175,44635,175,Charlotte,05/09/2026,18/11/2026,,133100.0,21.5,USD,12/09/2026 18:09
PL-004685,7183,44770,179,Charlotte,05/09/2026,14/11/2026,,153200.0,19.3,USD,12/09/2026 10:22
PL-004686,7254,45310,120,Paris,05/09/2026,02/11/2026,,97500.0,19.8,EUR,12/09/2026 07:20
PL-004687,7278,45235,172,New York,05/09/2026,28/10/2026,,158700.0,21.7,USD,12/09/2026 08:07
PL-004688,7208,43592,97,Madrid,06/09/2026,08/11/2026,,69200.0,19.3,EUR,12/09/2026 11:31
PL-004689,7296,45595,82,Amsterdam,06/09/2026,14/11/2026,,81000.0,18.7,EUR,12/09/2026 11:39
PL-004690,7187,44829,4,Manchester,07/09/2026,08/11/2026,,110800.0,23.7,GBP,12/09/2026 17:54
PL-004691,7226,43043,92,Brussels,07/09/2026,07/10/2026,,133900.0,24.4,EUR,12/09/2026 15:04
PL-004692,7242,42229,171,New York,07/09/2026,10/10/2026,,180500.0,23.1,USD,12/09/2026 20:54
PL-004693,7275,45317,202,Singapore,07/09/2026,30/10/2026,,134600.0,18.1,SGD,12/09/2026 12:49
PL-004694,7279,45524,205,Singapore,07/09/2026,05/10/2026,,124700.0,20.9,SGD,12/09/2026 10:03
PL-004695,7292,45394,155,New York,07/09/2026,15/11/2026,,139200.0,17.5,USD,12/09/2026 13:04
PL-004696,7298,43704,96,Brussels,07/09/2026,28/11/2026,,70900.0,18.3,EUR,12/09/2026 13:15
PL-004697,7140,41884,105,Madrid,08/09/2026,01/12/2026,,70200.0,17.5,EUR,12/09/2026 19:02
PL-004698,7178,42248,62,London,08/09/2026,15/10/2026,,96500.0,17.6,GBP,12/09/2026 09:10
PL-004699,7191,44723,94,Brussels,08/09/2026,11/11/2026,,96800.0,23.7,EUR,12/09/2026 11:57
PL-004700,7204,44839,5,Manchester,08/09/2026,16/11/2026,,83100.0,20.5,GBP,12/09/2026 11:56
PL-004701,7317,45685,65,Dublin,08/09/2026,08/10/2026,,67300.0,20.0,EUR,12/09/2026 18:56
PL-004702,7211,44967,172,New York,09/09/2026,20/10/2026,,138900.0,22.0,USD,12/09/2026 15:59
PL-004703,7219,45002,59,London,09/09/2026,05/11/2026,,108600.0,19.5,GBP,12/09/2026 19:13
PL-004704,7238,45183,7,Manchester,09/09/2026,16/11/2026,,74600.0,21.2,GBP,12/09/2026 13:16
PL-004705,7265,45313,155,New York,09/09/2026,15/11/2026,,166500.0,16.3,USD,12/09/2026 18:07
PL-004706,7308,42450,161,New York,09/09/2026,10/11/2026,,184600.0,20.0,USD,12/09/2026 15:47
PL-004707,7149,44496,54,London,10/09/2026,25/10/2026,,109500.0,16.2,GBP,12/09/2026 12:39
PL-004708,7202,45083,164,New York,10/09/2026,22/11/2026,,165500.0,19.7,USD,12/09/2026 18:35
PL-004709,7216,45168,106,Paris,10/09/2026,03/11/2026,,74200.0,23.2,EUR,12/09/2026 14:57
PL-004710,7300,45565,165,New York,10/09/2026,07/11/2026,,192500.0,19.6,USD,12/09/2026 09:24
PL-004711,7277,45079,210,Malaysia,11/09/2026,12/10/2026,,185400.0,24.3,MYR,12/09/2026 08:15
PL-004712,7305,45050,104,Madrid,11/09/2026,31/10/2026,,110300.0,19.0,EUR,12/09/2026 18:58
PL-004713,7237,44947,139,Zurich,12/09/2026,04/11/2026,,195200.0,16.7,CHF,12/09/2026 20:25
PL-004714,7330,45450,213,Malaysia,12/09/2026,25/10/2026,,218800.0,20.0,MYR,12/09/2026 17:17
