user_id,month,target_nfi_gbp,modified_at
1,2023-04,8750,03/04/2023 11:57
1,2023-05,8750,01/04/2023 20:54
1,2023-06,9200,11/04/2023 12:19
1,2023-07,8300,20/04/2023 19:31
1,2023-08,6550,11/04/2023 18:16
1,2023-09,10500,16/04/2023 10:41
1,2023-10,9600,17/04/2023 19:45
1,2023-11,8750,10/04/2023 19:06
1,2023-12,6100,08/04/2023 12:53
1,2024-01,10950,11/04/2023 09:47
1,2024-02,10050,20/04/2023 07:38
1,2024-03,9600,12/04/2023 12:55
1,2024-04,9200,09/04/2024 16:42
1,2024-05,9200,07/04/2024 10:18
1,2024-06,9650,12/04/2024 19:18
1,2024-07,8750,02/04/2024 16:28
1,2024-08,6900,05/04/2024 13:55
1,2024-09,11000,12/04/2024 07:08
1,2024-10,10100,04/04/2024 20:05
1,2024-11,9200,19/04/2024 16:06
1,2024-12,6450,10/04/2024 12:35
1,2025-01,11500,20/04/2024 11:09
1,2025-02,10550,21/04/2024 10:11
1,2025-03,10100,16/04/2024 17:57
1,2025-04,9650,10/04/2025 10:56
1,2025-05,9650,06/04/2025 17:51
1,2025-06,10150,21/04/2025 09:14
1,2025-07,9150,13/04/2025 16:42
1,2025-08,7250,21/04/2025 08:47
1,2025-09,11550,05/04/2025 12:07
1,2025-10,10600,19/04/2025 20:40
1,2025-11,9650,03/04/2025 12:29
1,2025-12,6750,12/04/2025 19:20
1,2026-01,12050,04/04/2025 20:00
1,2026-02,11100,08/04/2025 18:24
1,2026-03,10600,05/04/2025 20:15
1,2026-04,10150,17/04/2026 15:52
1,2026-05,10150,02/04/2026 13:03
1,2026-06,10650,21/04/2026 14:23
1,2026-07,9600,05/04/2026 17:03
1,2026-08,7600,10/04/2026 08:13
1,2026-09,12150,04/04/2026 15:06
2,2023-04,12500,12/04/2023 20:52
2,2023-05,12500,08/04/2023 08:27
2,2023-06,13100,01/04/2023 16:54
2,2023-07,11850,13/04/2023 08:39
2,2023-08,9350,18/04/2023 09:37
2,2023-09,15000,05/04/2023 13:23
2,2023-10,13750,02/04/2023 09:21
2,2023-11,12500,02/04/2023 17:31
2,2023-12,8750,04/04/2023 09:13
2,2024-01,15600,10/04/2023 07:25
2,2024-02,14350,10/04/2023 14:57
2,2024-03,13750,14/04/2023 17:32
2,2024-04,13100,02/04/2024 19:20
2,2024-05,13100,09/04/2024 19:06
2,2024-06,13800,13/04/2024 12:21
2,2024-07,12450,09/04/2024 14:32
2,2024-08,9850,16/04/2024 17:10
2,2024-09,15750,12/04/2024 16:57
2,2024-10,14450,02/04/2024 07:46
2,2024-11,13100,02/04/2024 12:01
2,2024-12,9200,01/04/2024 14:03
2,2025-01,16400,05/04/2024 14:32
2,2025-02,15100,06/04/2024 10:34
2,2025-03,14450,08/04/2024 15:45
2,2025-04,13800,14/04/2025 11:08
2,2025-05,13800,13/04/2025 17:20
2,2025-06,14450,05/04/2025 20:31
2,2025-07,13100,13/04/2025 09:26
2,2025-08,10350,04/04/2025 19:45
2,2025-09,16550,08/04/2025 10:08
2,2025-10,15150,12/04/2025 17:39
2,2025-11,13800,11/04/2025 12:18
2,2025-12,9650,04/04/2025 20:14
2,2026-01,17200,19/04/2025 09:56
2,2026-02,15850,20/04/2025 13:22
2,2026-03,15150,08/04/2025 20:03
2,2026-04,14450,09/04/2026 11:19
2,2026-05,14450,21/04/2026 16:48
2,2026-06,15200,07/04/2026 16:40
2,2026-07,13750,12/04/2026 19:10
2,2026-08,10850,18/04/2026 19:56
2,2026-09,17350,10/04/2026 15:15
3,2023-04,12500,06/04/2023 16:03
3,2023-05,12500,19/04/2023 14:49
3,2023-06,13100,14/04/2023 18:21
3,2023-07,11850,21/04/2023 12:39
3,2023-08,9350,05/04/2023 16:29
3,2023-09,15000,21/04/2023 20:19
3,2023-10,13750,03/04/2023 15:55
3,2023-11,12500,04/04/2023 08:29
3,2023-12,8750,04/04/2023 09:56
3,2024-01,15600,18/04/2023 16:47
3,2024-02,14350,14/04/2023 17:22
3,2024-03,13750,01/04/2023 17:47
3,2024-04,13100,18/04/2024 20:34
3,2024-05,13100,19/04/2024 08:29
3,2024-06,13800,19/04/2024 10:24
3,2024-07,12450,18/04/2024 13:21
3,2024-08,9850,05/04/2024 13:27
3,2024-09,15750,03/04/2024 19:26
3,2024-10,14450,04/04/2024 09:59
3,2024-11,13100,10/04/2024 17:29
3,2024-12,9200,07/04/2024 20:28
3,2025-01,16400,09/04/2024 13:03
3,2025-02,15100,18/04/2024 07:42
3,2025-03,14450,10/04/2024 19:08
3,2025-04,13800,20/04/2025 20:22
3,2025-05,13800,05/04/2025 18:02
3,2025-06,14450,06/04/2025 15:05
3,2025-07,13100,18/04/2025 10:51
3,2025-08,10350,18/04/2025 09:02
3,2025-09,16550,18/04/2025 10:26
3,2025-10,15150,06/04/2025 18:23
3,2025-11,13800,17/04/2025 13:31
3,2025-12,9650,17/04/2025 19:31
3,2026-01,17200,08/04/2025 20:09
3,2026-02,15850,02/04/2025 17:25
3,2026-03,15150,02/04/2025 15:29
3,2026-04,14450,02/04/2026 15:53
3,2026-05,14450,20/04/2026 09:44
3,2026-06,15200,03/04/2026 11:47
3,2026-07,13750,13/04/2026 10:55
3,2026-08,10850,12/04/2026 09:10
3,2026-09,17350,16/04/2026 08:45
4,2023-04,12500,10/04/2023 07:26
4,2023-05,12500,16/04/2023 09:34
4,2023-06,13100,09/04/2023 11:00
4,2023-07,11850,08/04/2023 10:20
4,2023-08,9350,07/04/2023 07:08
4,2023-09,15000,20/04/2023 11:44
4,2023-10,13750,11/04/2023 07:14
4,2023-11,12500,12/04/2023 09:09
4,2023-12,8750,07/04/2023 09:41
4,2024-01,15600,06/04/2023 07:58
4,2024-02,14350,17/04/2023 16:20
4,2024-03,13750,01/04/2023 13:12
4,2024-04,13100,08/04/2024 08:52
4,2024-05,13100,05/04/2024 17:36
4,2024-06,13800,08/04/2024 17:27
4,2024-07,12450,08/04/2024 11:54
4,2024-08,9850,13/04/2024 12:02
4,2024-09,15750,16/04/2024 07:51
4,2024-10,14450,02/04/2024 20:18
4,2024-11,13100,18/04/2024 11:30
4,2024-12,9200,02/04/2024 19:28
4,2025-01,16400,16/04/2024 11:24
4,2025-02,15100,15/04/2024 20:22
4,2025-03,14450,05/04/2024 11:41
4,2025-04,13800,19/04/2025 12:43
4,2025-05,13800,08/04/2025 14:59
4,2025-06,14450,08/04/2025 19:48
4,2025-07,13100,01/04/2025 12:41
4,2025-08,10350,06/04/2025 07:51
4,2025-09,16550,01/04/2025 12:25
4,2025-10,15150,13/04/2025 07:36
4,2025-11,13800,21/04/2025 18:06
4,2025-12,9650,20/04/2025 17:39
4,2026-01,17200,08/04/2025 09:17
4,2026-02,15850,17/04/2025 13:52
4,2026-03,15150,08/04/2025 17:56
4,2026-04,14450,17/04/2026 19:30
4,2026-05,14450,19/04/2026 17:12
4,2026-06,15200,19/04/2026 19:44
4,2026-07,13750,01/04/2026 18:41
4,2026-08,10850,12/04/2026 07:59
4,2026-09,17350,14/04/2026 17:57
5,2024-10,4350,20/04/2024 16:26
5,2024-11,3950,12/04/2024 12:36
5,2024-12,2750,12/04/2024 20:50
5,2025-01,4900,15/04/2024 09:59
5,2025-02,4550,11/04/2024 07:27
5,2025-03,4350,17/04/2024 14:14
5,2025-04,4150,13/04/2025 13:54
5,2025-05,4150,13/04/2025 16:10
5,2025-06,4350,19/04/2025 14:02
5,2025-07,3950,11/04/2025 10:33
5,2025-08,7250,15/04/2025 16:36
5,2025-09,11550,18/04/2025 08:31
5,2025-10,10600,11/04/2025 18:07
5,2025-11,9650,01/04/2025 13:58
5,2025-12,6750,01/04/2025 20:16
5,2026-01,12050,18/04/2025 13:06
5,2026-02,15850,20/04/2025 19:43
5,2026-03,15150,04/04/2025 13:46
5,2026-04,14450,05/04/2026 19:32
5,2026-05,14450,15/04/2026 10:52
5,2026-06,15200,19/04/2026 18:13
5,2026-07,13750,13/04/2026 11:00
5,2026-08,10850,09/04/2026 07:00
5,2026-09,17350,06/04/2026 08:34
6,2023-04,6500,20/04/2023 14:07
6,2023-05,6500,06/04/2023 13:25
6,2023-06,6800,07/04/2023 16:52
6,2023-07,6150,10/04/2023 13:08
6,2023-08,4850,14/04/2023 19:03
6,2023-09,7800,21/04/2023 15:57
6,2023-10,7150,10/04/2023 08:33
6,2023-11,6500,15/04/2023 16:02
6,2023-12,4550,02/04/2023 13:03
6,2024-01,8100,21/04/2023 19:28
6,2024-02,7450,05/04/2023 16:51
6,2024-03,7150,03/04/2023 15:41
6,2024-04,6800,05/04/2024 10:39
6,2024-05,6800,01/04/2024 11:53
6,2024-06,7150,13/04/2024 09:58
6,2024-07,6450,12/04/2024 18:11
6,2024-08,5100,02/04/2024 20:21
6,2024-09,8150,16/04/2024 19:49
6,2024-10,7500,06/04/2024 19:40
6,2024-11,6800,02/04/2024 17:24
6,2024-12,4750,10/04/2024 18:17
6,2025-01,8500,18/04/2024 09:25
6,2025-02,7850,15/04/2024 20:26
6,2025-03,7500,13/04/2024 10:26
6,2025-04,7150,19/04/2025 20:25
6,2025-05,7150,15/04/2025 17:35
6,2025-06,7500,06/04/2025 09:30
6,2025-07,6800,19/04/2025 10:31
6,2025-08,5350,07/04/2025 07:12
6,2025-09,8600,16/04/2025 08:11
6,2025-10,7850,04/04/2025 16:46
6,2025-11,7150,13/04/2025 08:44
6,2025-12,5000,03/04/2025 17:13
6,2026-01,8950,07/04/2025 20:06
6,2026-02,8250,21/04/2025 15:07
6,2026-03,7850,11/04/2025 20:23
6,2026-04,7500,01/04/2026 07:24
6,2026-05,7500,13/04/2026 12:23
6,2026-06,7900,17/04/2026 13:28
6,2026-07,7150,10/04/2026 16:54
6,2026-08,5650,17/04/2026 17:22
6,2026-09,9000,06/04/2026 18:53
7,2023-04,9250,02/04/2023 14:29
7,2023-05,9250,20/04/2023 10:02
7,2023-06,9750,07/04/2023 17:28
7,2023-07,8800,16/04/2023 18:12
7,2023-08,6950,07/04/2023 16:17
7,2023-09,11100,07/04/2023 09:15
7,2023-10,10200,10/04/2023 18:52
7,2023-11,9250,06/04/2023 16:41
7,2023-12,6500,21/04/2023 15:59
7,2024-01,11600,15/04/2023 16:32
7,2024-02,10650,04/04/2023 13:43
7,2024-03,10200,17/04/2023 16:04
7,2024-04,9750,18/04/2024 19:58
7,2024-05,9750,02/04/2024 15:49
7,2024-06,10200,13/04/2024 07:46
7,2024-07,9250,12/04/2024 20:31
7,2024-08,7300,07/04/2024 17:39
7,2024-09,11700,05/04/2024 11:25
7,2024-10,10700,01/04/2024 10:59
7,2024-11,9750,17/04/2024 14:46
7,2024-12,6800,12/04/2024 11:20
7,2025-01,12150,10/04/2024 16:07
7,2025-02,11200,18/04/2024 14:25
7,2025-03,10700,10/04/2024 17:24
7,2025-04,10200,10/04/2025 11:03
7,2025-05,10200,03/04/2025 07:34
7,2025-06,10750,20/04/2025 19:38
7,2025-07,9700,05/04/2025 14:09
7,2025-08,7650,10/04/2025 14:01
7,2025-09,12250,07/04/2025 08:22
7,2025-10,11250,20/04/2025 20:33
7,2025-11,10200,15/04/2025 13:00
7,2025-12,7150,05/04/2025 16:39
7,2026-01,12750,08/04/2025 09:09
7,2026-02,11750,20/04/2025 12:49
7,2026-03,11250,18/04/2025 11:30
7,2026-04,10750,09/04/2026 16:50
7,2026-05,10750,07/04/2026 07:27
7,2026-06,11250,09/04/2026 07:33
7,2026-07,10200,07/04/2026 12:27
7,2026-08,8050,04/04/2026 16:18
7,2026-09,12900,04/04/2026 20:12
8,2023-04,9250,09/04/2023 13:58
8,2023-05,9250,20/04/2023 10:07
8,2023-06,9750,17/04/2023 16:11
8,2023-07,8800,09/04/2023 09:52
8,2023-08,6950,14/04/2023 20:49
8,2023-09,11100,06/04/2023 12:50
8,2023-10,10200,14/04/2023 11:01
8,2023-11,9250,10/04/2023 15:22
8,2023-12,6500,01/04/2023 12:17
8,2024-01,11600,21/04/2023 08:29
8,2024-02,10650,06/04/2023 13:54
8,2024-03,10200,06/04/2023 07:47
8,2024-04,9750,21/04/2024 07:35
8,2024-05,9750,09/04/2024 16:39
8,2024-06,10200,18/04/2024 11:14
8,2024-07,9250,17/04/2024 15:54
8,2024-08,7300,05/04/2024 08:10
8,2024-09,11700,10/04/2024 08:41
8,2024-10,10700,13/04/2024 11:38
8,2024-11,9750,21/04/2024 13:02
8,2024-12,6800,16/04/2024 09:10
8,2025-01,12150,18/04/2024 20:14
8,2025-02,11200,21/04/2024 11:49
8,2025-03,10700,16/04/2024 12:20
8,2025-04,10200,01/04/2025 16:15
8,2025-05,10200,01/04/2025 08:32
8,2025-06,10750,01/04/2025 14:07
8,2025-07,9700,03/04/2025 12:59
8,2025-08,7650,13/04/2025 14:32
8,2025-09,12250,15/04/2025 17:04
8,2025-10,11250,02/04/2025 11:35
8,2025-11,10200,06/04/2025 18:14
8,2025-12,7150,02/04/2025 20:14
8,2026-01,12750,15/04/2025 16:17
8,2026-02,11750,04/04/2025 19:15
8,2026-03,11250,10/04/2025 12:41
8,2026-04,10750,03/04/2026 08:34
8,2026-05,10750,10/04/2026 18:10
8,2026-06,11250,04/04/2026 19:40
8,2026-07,10200,12/04/2026 10:13
8,2026-08,8050,18/04/2026 11:07
8,2026-09,12900,13/04/2026 08:25
9,2023-04,9250,14/04/2023 07:02
9,2023-05,9250,10/04/2023 20:17
9,2023-06,9750,20/04/2023 10:35
9,2023-07,8800,19/04/2023 11:24
9,2023-08,6950,14/04/2023 09:29
9,2023-09,11100,14/04/2023 10:35
9,2023-10,10200,18/04/2023 19:30
9,2023-11,9250,06/04/2023 10:25
9,2023-12,6500,17/04/2023 16:33
9,2024-01,11600,18/04/2023 19:17
9,2024-02,10650,13/04/2023 18:35
9,2024-03,10200,16/04/2023 11:25
9,2024-04,9750,15/04/2024 12:08
9,2024-05,9750,20/04/2024 16:27
9,2024-06,10200,05/04/2024 09:26
9,2024-07,9250,15/04/2024 16:15
9,2024-08,7300,01/04/2024 17:16
9,2024-09,11700,20/04/2024 14:40
9,2024-10,10700,15/04/2024 08:18
9,2024-11,9750,16/04/2024 10:56
9,2024-12,6800,13/04/2024 17:10
9,2025-01,12150,04/04/2024 14:05
9,2025-02,11200,02/04/2024 08:26
9,2025-03,10700,10/04/2024 07:23
9,2025-04,10200,19/04/2025 08:05
9,2025-05,10200,21/04/2025 20:51
9,2025-06,10750,04/04/2025 12:13
9,2025-07,9700,19/04/2025 09:01
9,2025-08,7650,17/04/2025 19:40
9,2025-09,12250,12/04/2025 16:44
9,2025-10,11250,06/04/2025 14:10
9,2025-11,10200,06/04/2025 15:43
9,2025-12,7150,16/04/2025 14:03
9,2026-01,12750,11/04/2025 19:09
9,2026-02,11750,11/04/2025 14:09
9,2026-03,11250,21/04/2025 08:20
9,2026-04,10750,05/04/2026 14:43
9,2026-05,10750,06/04/2026 17:48
9,2026-06,11250,10/04/2026 16:57
9,2026-07,10200,20/04/2026 12:14
9,2026-08,8050,09/04/2026 20:38
9,2026-09,12900,14/04/2026 08:09
10,2024-10,3200,03/04/2024 08:37
10,2024-11,2900,13/04/2024 20:00
10,2024-12,2050,04/04/2024 15:49
10,2025-01,3650,20/04/2024 08:37
10,2025-02,3350,11/04/2024 09:48
10,2025-03,3200,08/04/2024 09:34
10,2025-04,3050,19/04/2025 16:56
10,2025-05,3050,02/04/2025 19:09
10,2025-06,3200,09/04/2025 19:59
10,2025-07,6800,07/04/2025 13:10
10,2025-08,5350,04/04/2025 12:20
10,2025-09,8600,02/04/2025 15:36
10,2025-10,7850,16/04/2025 19:53
10,2025-11,7150,15/04/2025 17:17
10,2025-12,5000,17/04/2025 16:02
10,2026-01,12750,20/04/2025 16:48
10,2026-02,11750,03/04/2025 10:29
10,2026-03,11250,15/04/2025 17:09
10,2026-04,10750,19/04/2026 11:44
10,2026-05,10750,05/04/2026 08:00
10,2026-06,11250,08/04/2026 19:29
10,2026-07,10200,01/04/2026 11:59
10,2026-08,8050,21/04/2026 14:16
10,2026-09,12900,18/04/2026 12:05
11,2023-04,6700,20/04/2023 14:02
11,2023-05,6700,03/04/2023 16:24
11,2023-06,7050,12/04/2023 13:06
11,2023-07,6400,13/04/2023 15:20
11,2023-08,5050,14/04/2023 16:53
11,2023-09,8050,21/04/2023 13:50
11,2023-10,7400,11/04/2023 20:10
11,2023-11,6700,12/04/2023 20:23
11,2023-12,4700,08/04/2023 16:38
11,2024-01,8400,14/04/2023 19:17
11,2024-02,7750,06/04/2023 19:58
11,2024-03,7400,03/04/2023 10:04
11,2024-04,7050,19/04/2024 14:20
11,2024-05,7050,14/04/2024 12:08
11,2024-06,7400,10/04/2024 19:32
11,2024-07,6700,02/04/2024 09:26
11,2024-08,5300,03/04/2024 17:11
11,2024-09,8450,14/04/2024 17:20
11,2024-10,7750,08/04/2024 18:16
11,2024-11,7050,11/04/2024 10:14
11,2024-12,4950,16/04/2024 13:13
11,2025-01,8800,18/04/2024 13:06
11,2025-02,8100,16/04/2024 20:26
11,2025-03,7750,14/04/2024 15:00
11,2025-04,7400,18/04/2025 08:01
11,2025-05,7400,18/04/2025 09:24
11,2025-06,7800,13/04/2025 19:54
11,2025-07,7050,16/04/2025 16:57
11,2025-08,5550,03/04/2025 13:22
11,2025-09,8900,11/04/2025 19:21
11,2025-10,8150,20/04/2025 17:07
11,2025-11,7400,06/04/2025 16:35
11,2025-12,5200,13/04/2025 10:27
11,2026-01,9250,01/04/2025 11:11
11,2026-02,8500,14/04/2025 12:16
11,2026-03,8150,07/04/2025 08:27
11,2026-04,7800,03/04/2026 19:52
11,2026-05,7800,03/04/2026 07:36
11,2026-06,8150,17/04/2026 15:29
11,2026-07,7400,12/04/2026 08:47
11,2026-08,5850,01/04/2026 07:47
11,2026-09,9350,02/04/2026 19:02
12,2023-04,9600,21/04/2023 13:08
12,2023-05,9600,15/04/2023 09:44
12,2023-06,10100,20/04/2023 19:56
12,2023-07,9100,08/04/2023 15:33
12,2023-08,7200,02/04/2023 13:54
12,2023-09,11500,21/04/2023 09:36
12,2023-10,10550,20/04/2023 11:12
12,2023-11,9600,05/04/2023 14:32
12,2023-12,6700,14/04/2023 09:49
12,2024-01,12000,11/04/2023 19:09
12,2024-02,11050,10/04/2023 20:02
12,2024-03,10550,01/04/2023 17:03
12,2024-04,10100,09/04/2024 08:04
12,2024-05,10100,04/04/2024 17:32
12,2024-06,10600,17/04/2024 16:38
12,2024-07,9600,11/04/2024 18:05
12,2024-08,7550,06/04/2024 16:47
12,2024-09,12100,02/04/2024 14:25
12,2024-10,11100,14/04/2024 11:28
12,2024-11,10100,06/04/2024 10:44
12,2024-12,7050,21/04/2024 13:52
12,2025-01,12600,15/04/2024 15:09
12,2025-02,11600,03/04/2024 14:26
12,2025-03,11100,10/04/2024 15:57
12,2025-04,10600,17/04/2025 11:15
12,2025-05,10600,02/04/2025 13:30
12,2025-06,11100,16/04/2025 12:57
12,2025-07,10050,11/04/2025 12:36
12,2025-08,7950,12/04/2025 07:38
12,2025-09,12700,16/04/2025 14:29
12,2025-10,11650,19/04/2025 15:25
12,2025-11,10600,04/04/2025 13:55
12,2025-12,7400,13/04/2025 17:20
12,2026-01,13250,06/04/2025 19:00
12,2026-02,12150,01/04/2025 09:19
12,2026-03,11650,19/04/2025 19:45
12,2026-04,11100,20/04/2026 07:32
12,2026-05,11100,02/04/2026 20:25
12,2026-06,11650,16/04/2026 18:11
12,2026-07,10550,19/04/2026 19:28
12,2026-08,8350,04/04/2026 15:29
12,2026-09,13350,21/04/2026 07:35
13,2023-04,9600,08/04/2023 10:30
13,2023-05,9600,01/04/2023 08:36
13,2023-06,10100,13/04/2023 12:18
13,2023-07,9100,03/04/2023 11:12
13,2023-08,7200,20/04/2023 17:35
13,2023-09,11500,12/04/2023 10:29
13,2023-10,10550,01/04/2023 10:30
13,2023-11,9600,15/04/2023 20:57
13,2023-12,6700,10/04/2023 15:22
13,2024-01,12000,10/04/2023 17:31
13,2024-02,11050,13/04/2023 10:32
13,2024-03,10550,10/04/2023 13:12
13,2024-04,10100,02/04/2024 07:07
13,2024-05,10100,01/04/2024 10:26
13,2024-06,10600,10/04/2024 08:35
13,2024-07,9600,19/04/2024 15:46
13,2024-08,7550,16/04/2024 15:21
13,2024-09,12100,05/04/2024 19:05
13,2024-10,11100,06/04/2024 19:34
13,2024-11,10100,04/04/2024 14:43
13,2024-12,7050,20/04/2024 08:58
13,2025-01,12600,11/04/2024 10:58
13,2025-02,11600,15/04/2024 13:06
13,2025-03,11100,15/04/2024 08:13
13,2025-04,10600,08/04/2025 15:38
14,2023-04,9600,19/04/2023 08:47
14,2023-05,9600,12/04/2023 10:51
14,2023-06,10100,08/04/2023 08:48
14,2023-07,9100,04/04/2023 09:25
14,2023-08,7200,01/04/2023 20:04
14,2023-09,11500,20/04/2023 13:14
14,2023-10,10550,19/04/2023 14:33
14,2023-11,9600,20/04/2023 08:54
14,2023-12,6700,14/04/2023 17:46
14,2024-01,12000,15/04/2023 16:29
14,2024-02,11050,04/04/2023 10:53
14,2024-03,10550,12/04/2023 08:45
14,2024-04,10100,03/04/2024 12:21
14,2024-05,10100,01/04/2024 09:55
14,2024-06,10600,16/04/2024 13:02
14,2024-07,9600,20/04/2024 20:27
14,2024-08,7550,03/04/2024 07:33
14,2024-09,12100,10/04/2024 08:59
14,2024-10,11100,03/04/2024 19:56
14,2024-11,10100,01/04/2024 07:24
14,2024-12,7050,13/04/2024 10:11
14,2025-01,12600,02/04/2024 19:23
14,2025-02,11600,18/04/2024 15:47
14,2025-03,11100,17/04/2024 09:34
14,2025-04,10600,17/04/2025 09:00
14,2025-05,10600,06/04/2025 09:34
14,2025-06,11100,13/04/2025 17:45
14,2025-07,10050,09/04/2025 14:29
14,2025-08,7950,16/04/2025 14:18
14,2025-09,12700,20/04/2025 15:16
14,2025-10,11650,18/04/2025 07:10
14,2025-11,10600,08/04/2025 18:18
14,2025-12,7400,14/04/2025 18:33
14,2026-01,13250,16/04/2025 12:09
14,2026-02,12150,10/04/2025 20:43
14,2026-03,11650,02/04/2025 10:44
14,2026-04,11100,02/04/2026 08:43
14,2026-05,11100,06/04/2026 20:17
14,2026-06,11650,05/04/2026 19:14
14,2026-07,10550,21/04/2026 09:22
14,2026-08,8350,08/04/2026 09:30
14,2026-09,13350,09/04/2026 17:18
15,2023-06,3000,13/04/2023 14:08
15,2023-07,2750,08/04/2023 11:29
15,2023-08,2150,02/04/2023 08:08
15,2023-09,3450,20/04/2023 13:25
15,2023-10,3150,10/04/2023 17:02
15,2023-11,2900,18/04/2023 17:36
15,2023-12,2000,09/04/2023 08:44
15,2024-01,3600,17/04/2023 11:41
15,2024-02,3300,05/04/2023 15:46
15,2024-03,7400,21/04/2023 15:28
15,2024-04,7050,14/04/2024 13:39
15,2024-05,7050,10/04/2024 14:00
15,2024-06,7400,16/04/2024 08:23
15,2024-07,6700,01/04/2024 16:33
15,2024-08,5300,10/04/2024 20:36
15,2024-09,12100,02/04/2024 18:52
15,2024-10,11100,12/04/2024 20:20
15,2024-11,10100,19/04/2024 14:09
15,2024-12,7050,05/04/2024 09:22
15,2025-01,12600,21/04/2024 15:55
15,2025-02,11600,12/04/2024 19:58
15,2025-03,11100,01/04/2024 09:18
15,2025-04,10600,07/04/2025 15:04
15,2025-05,10600,19/04/2025 16:59
15,2025-06,11100,18/04/2025 09:27
15,2025-07,10050,21/04/2025 11:11
15,2025-08,7950,20/04/2025 20:21
15,2025-09,12700,02/04/2025 07:41
15,2025-10,11650,19/04/2025 08:39
15,2025-11,10600,18/04/2025 14:01
15,2025-12,7400,03/04/2025 20:41
15,2026-01,13250,09/04/2025 11:03
15,2026-02,12150,06/04/2025 20:57
15,2026-03,11650,01/04/2025 16:02
15,2026-04,11100,17/04/2026 11:04
15,2026-05,11100,15/04/2026 18:49
15,2026-06,11650,04/04/2026 19:00
15,2026-07,10550,08/04/2026 15:46
15,2026-08,8350,08/04/2026 09:26
15,2026-09,13350,09/04/2026 07:41
16,2024-10,3350,12/04/2024 12:46
16,2024-11,3000,03/04/2024 08:48
16,2024-12,2100,11/04/2024 20:17
16,2025-01,3800,12/04/2024 14:39
16,2025-02,3500,16/04/2024 15:23
16,2025-03,3350,20/04/2024 18:30
16,2025-04,3200,10/04/2025 12:49
16,2025-05,3200,20/04/2025 16:02
16,2025-06,3350,06/04/2025 17:55
16,2025-07,3000,03/04/2025 12:13
17,2025-04,3200,18/04/2025 18:40
17,2025-05,3200,03/04/2025 18:04
17,2025-06,3350,03/04/2025 07:33
17,2025-07,3000,04/04/2025 20:41
17,2025-08,2400,21/04/2025 08:13
17,2025-09,3800,07/04/2025 12:09
17,2025-10,3500,16/04/2025 17:23
17,2025-11,3200,21/04/2025 13:26
17,2025-12,2200,12/04/2025 10:15
17,2026-01,3950,20/04/2025 14:13
17,2026-02,8500,04/04/2025 18:34
17,2026-03,8150,21/04/2025 10:56
17,2026-04,7800,05/04/2026 10:57
17,2026-05,7800,16/04/2026 19:38
17,2026-06,8150,17/04/2026 13:11
17,2026-07,7400,01/04/2026 17:21
17,2026-08,8350,03/04/2026 13:15
17,2026-09,13350,07/04/2026 15:26
18,2025-07,3000,16/04/2025 12:18
18,2025-08,2400,04/04/2025 16:23
18,2025-09,3800,17/04/2025 11:26
18,2025-10,3500,18/04/2025 19:13
18,2025-11,3200,09/04/2025 14:56
18,2025-12,2200,08/04/2025 18:14
18,2026-01,3950,16/04/2025 10:52
18,2026-02,3650,13/04/2025 16:26
18,2026-03,3500,04/04/2025 09:17
18,2026-04,7800,04/04/2026 20:08
18,2026-05,7800,19/04/2026 10:47
18,2026-06,8150,18/04/2026 11:18
18,2026-07,7400,04/04/2026 15:19
18,2026-08,5850,06/04/2026 13:39
18,2026-09,9350,02/04/2026 15:16
19,2026-02,3650,21/04/2025 07:05
19,2026-03,3500,10/04/2025 19:59
19,2026-04,3350,15/04/2026 12:52
19,2026-05,3350,17/04/2026 11:52
19,2026-06,3500,11/04/2026 08:12
19,2026-07,3150,11/04/2026 18:54
19,2026-08,2500,10/04/2026 11:49
19,2026-09,4000,17/04/2026 12:05
20,2023-04,8000,17/04/2023 08:03
20,2023-05,8000,14/04/2023 16:13
20,2023-06,8400,11/04/2023 20:56
20,2023-07,7600,16/04/2023 08:38
20,2023-08,6000,18/04/2023 10:23
20,2023-09,9600,10/04/2023 14:58
20,2023-10,8800,06/04/2023 19:55
20,2023-11,8000,17/04/2023 20:01
20,2023-12,5600,20/04/2023 08:16
20,2024-01,10000,10/04/2023 09:59
20,2024-02,9200,18/04/2023 15:46
20,2024-03,8800,04/04/2023 17:10
20,2024-04,8400,02/04/2024 11:48
20,2024-05,8400,17/04/2024 20:04
20,2024-06,8800,11/04/2024 10:19
20,2024-07,7950,19/04/2024 10:57
20,2024-08,6300,09/04/2024 12:26
20,2024-09,10050,05/04/2024 17:28
20,2024-10,9250,15/04/2024 08:36
20,2024-11,8400,03/04/2024 07:55
20,2024-12,5900,13/04/2024 20:47
20,2025-01,10500,17/04/2024 08:53
20,2025-02,9650,20/04/2024 18:53
20,2025-03,9250,16/04/2024 10:12
20,2025-04,8800,21/04/2025 11:01
20,2025-05,8800,08/04/2025 17:36
20,2025-06,9250,17/04/2025 20:25
20,2025-07,8350,11/04/2025 12:01
20,2025-08,6600,08/04/2025 18:25
20,2025-09,10600,06/04/2025 07:28
20,2025-10,9700,17/04/2025 13:42
20,2025-11,8800,15/04/2025 07:31
20,2025-12,6150,18/04/2025 09:48
20,2026-01,11000,09/04/2025 10:16
20,2026-02,10150,14/04/2025 19:05
20,2026-03,9700,13/04/2025 13:27
20,2026-04,9250,21/04/2026 09:40
20,2026-05,9250,09/04/2026 12:21
20,2026-06,9700,16/04/2026 14:08
20,2026-07,8800,18/04/2026 19:31
20,2026-08,6950,06/04/2026 17:49
20,2026-09,11100,19/04/2026 07:17
22,2023-04,11400,11/04/2023 14:50
22,2023-05,11400,16/04/2023 20:57
22,2023-06,12000,01/04/2023 16:03
22,2023-07,10850,10/04/2023 20:03
22,2023-08,8550,06/04/2023 16:07
22,2023-09,13700,16/04/2023 19:34
22,2023-10,12550,16/04/2023 07:57
22,2023-11,11400,08/04/2023 18:58
22,2023-12,8000,04/04/2023 15:33
22,2024-01,14300,12/04/2023 16:01
22,2024-02,13150,08/04/2023 19:47
22,2024-03,12550,12/04/2023 18:07
22,2024-04,12000,10/04/2024 17:18
22,2024-05,12000,01/04/2024 13:57
22,2024-06,12600,18/04/2024 10:18
22,2024-07,11400,04/04/2024 08:38
22,2024-08,9000,05/04/2024 14:52
22,2024-09,14400,06/04/2024 11:50
22,2024-10,13200,10/04/2024 12:01
22,2024-11,12000,08/04/2024 10:31
22,2024-12,8400,10/04/2024 10:26
22,2025-01,15000,20/04/2024 08:37
22,2025-02,13800,21/04/2024 16:53
22,2025-03,13200,16/04/2024 12:41
22,2025-04,12600,08/04/2025 10:06
22,2025-05,12600,17/04/2025 18:40
22,2025-06,13200,08/04/2025 18:00
22,2025-07,11950,04/04/2025 10:01
22,2025-08,9450,04/04/2025 18:03
22,2025-09,15100,11/04/2025 15:23
22,2025-10,13850,11/04/2025 14:20
22,2025-11,12600,10/04/2025 16:09
22,2025-12,8800,01/04/2025 10:38
22,2026-01,15750,19/04/2025 14:53
22,2026-02,14500,08/04/2025 07:34
22,2026-03,13850,04/04/2025 10:07
22,2026-04,13200,08/04/2026 16:34
22,2026-05,13200,07/04/2026 12:07
22,2026-06,13900,12/04/2026 09:26
22,2026-07,12550,14/04/2026 20:25
22,2026-08,9900,15/04/2026 08:39
22,2026-09,15850,18/04/2026 14:36
23,2023-04,11400,15/04/2023 11:28
23,2023-05,11400,03/04/2023 20:32
23,2023-06,12000,19/04/2023 10:50
23,2023-07,10850,01/04/2023 17:54
23,2023-08,8550,16/04/2023 10:28
23,2023-09,13700,04/04/2023 19:28
23,2023-10,12550,08/04/2023 11:34
23,2023-11,11400,14/04/2023 15:25
23,2023-12,8000,18/04/2023 12:56
23,2024-01,14300,08/04/2023 18:10
23,2024-02,13150,18/04/2023 12:37
23,2024-03,12550,03/04/2023 18:38
23,2024-04,12000,14/04/2024 08:35
24,2023-04,3450,07/04/2023 07:33
24,2023-05,3450,10/04/2023 10:02
24,2023-06,3600,14/04/2023 19:48
24,2023-07,3250,12/04/2023 16:41
24,2023-08,2550,06/04/2023 14:49
24,2023-09,9600,03/04/2023 12:55
24,2023-10,8800,04/04/2023 11:35
24,2023-11,8000,06/04/2023 07:18
24,2023-12,5600,10/04/2023 09:40
24,2024-01,10000,12/04/2023 09:15
24,2024-02,9200,10/04/2023 10:37
24,2024-03,12550,04/04/2023 17:15
24,2024-04,12000,19/04/2024 12:47
24,2024-05,12000,04/04/2024 15:04
24,2024-06,12600,05/04/2024 13:20
24,2024-07,11400,15/04/2024 09:43
24,2024-08,9000,16/04/2024 14:10
24,2024-09,14400,05/04/2024 17:57
24,2024-10,13200,07/04/2024 07:29
24,2024-11,12000,21/04/2024 19:07
24,2024-12,8400,17/04/2024 15:28
24,2025-01,15000,04/04/2024 12:57
24,2025-02,13800,19/04/2024 12:46
24,2025-03,13200,04/04/2024 07:21
24,2025-04,12600,07/04/2025 17:32
24,2025-05,12600,20/04/2025 18:39
24,2025-06,13200,02/04/2025 13:35
24,2025-07,11950,11/04/2025 14:35
24,2025-08,9450,08/04/2025 17:38
24,2025-09,15100,06/04/2025 12:02
24,2025-10,13850,19/04/2025 20:57
24,2025-11,12600,17/04/2025 11:04
24,2025-12,8800,13/04/2025 16:02
24,2026-01,15750,13/04/2025 08:01
24,2026-02,14500,21/04/2025 08:27
24,2026-03,13850,04/04/2025 19:26
24,2026-04,13200,20/04/2026 17:46
24,2026-05,13200,03/04/2026 15:07
24,2026-06,13900,21/04/2026 12:17
24,2026-07,12550,12/04/2026 09:23
24,2026-08,9900,10/04/2026 09:16
24,2026-09,15850,11/04/2026 19:27
25,2023-10,3750,05/04/2023 16:39
25,2023-11,3450,16/04/2023 09:39
25,2023-12,2400,19/04/2023 15:50
25,2024-01,4300,09/04/2023 17:01
25,2024-02,3950,17/04/2023 07:03
25,2024-03,3750,15/04/2023 11:21
25,2024-04,3600,12/04/2024 20:31
25,2024-05,3600,18/04/2024 16:59
25,2024-06,3800,10/04/2024 18:06
25,2024-07,3400,12/04/2024 20:08
25,2024-08,6300,07/04/2024 11:28
25,2024-09,10050,18/04/2024 15:03
25,2024-10,9250,06/04/2024 19:19
25,2024-11,8400,12/04/2024 09:19
25,2024-12,5900,14/04/2024 17:38
25,2025-01,10500,08/04/2024 08:43
25,2025-02,13800,05/04/2024 15:53
25,2025-03,13200,08/04/2024 20:06
25,2025-04,12600,19/04/2025 15:23
25,2025-05,12600,03/04/2025 07:01
25,2025-06,13200,18/04/2025 08:07
25,2025-07,11950,04/04/2025 14:28
25,2025-08,9450,01/04/2025 16:55
25,2025-09,15100,19/04/2025 19:34
25,2025-10,13850,06/04/2025 20:58
25,2025-11,12600,20/04/2025 18:36
25,2025-12,8800,16/04/2025 09:36
25,2026-01,15750,16/04/2025 17:31
25,2026-02,14500,03/04/2025 15:34
25,2026-03,13850,21/04/2025 18:02
25,2026-04,13200,15/04/2026 18:59
25,2026-05,13200,21/04/2026 11:43
25,2026-06,13900,06/04/2026 14:28
25,2026-07,12550,12/04/2026 07:29
25,2026-08,9900,08/04/2026 09:39
25,2026-09,15850,18/04/2026 11:49
26,2024-04,3600,08/04/2024 09:45
26,2024-05,3600,19/04/2024 13:35
26,2024-06,3800,19/04/2024 16:45
26,2024-07,3400,17/04/2024 20:15
26,2024-08,2700,17/04/2024 16:17
26,2024-09,4300,20/04/2024 10:59
26,2024-10,3950,02/04/2024 08:05
26,2024-11,3600,01/04/2024 07:30
26,2024-12,2500,07/04/2024 12:07
26,2025-01,10500,04/04/2024 08:58
26,2025-02,9650,21/04/2024 08:25
26,2025-03,9250,20/04/2024 17:58
26,2025-04,8800,11/04/2025 15:47
26,2025-05,8800,10/04/2025 18:08
26,2025-06,9250,08/04/2025 11:13
26,2025-07,11950,13/04/2025 18:33
26,2025-08,9450,18/04/2025 15:06
26,2025-09,15100,09/04/2025 09:37
26,2025-10,13850,03/04/2025 11:55
26,2025-11,12600,04/04/2025 17:34
26,2025-12,8800,10/04/2025 09:27
26,2026-01,15750,15/04/2025 16:01
26,2026-02,14500,16/04/2025 11:46
26,2026-03,13850,05/04/2025 18:42
26,2026-04,13200,19/04/2026 10:01
26,2026-05,13200,21/04/2026 13:01
26,2026-06,13900,05/04/2026 17:28
26,2026-07,12550,04/04/2026 08:33
26,2026-08,9900,14/04/2026 14:05
26,2026-09,15850,05/04/2026 15:40
27,2025-10,4150,03/04/2025 20:24
27,2025-11,3800,10/04/2025 10:24
27,2025-12,2650,02/04/2025 16:54
27,2026-01,4700,17/04/2025 11:23
27,2026-02,4350,01/04/2025 16:34
27,2026-03,4150,12/04/2025 13:17
27,2026-04,3950,20/04/2026 08:18
27,2026-05,3950,20/04/2026 07:19
27,2026-06,4150,05/04/2026 15:33
27,2026-07,8800,16/04/2026 09:31
27,2026-08,6950,05/04/2026 08:46
27,2026-09,11100,01/04/2026 09:39
28,2023-04,11400,11/04/2023 19:13
28,2023-05,11400,20/04/2023 10:34
28,2023-06,11950,06/04/2023 07:30
28,2023-07,10850,16/04/2023 08:01
28,2023-08,8550,08/04/2023 16:03
28,2023-09,13700,12/04/2023 18:13
28,2023-10,12550,05/04/2023 07:24
28,2023-11,11400,06/04/2023 16:35
28,2023-12,8000,06/04/2023 12:55
28,2024-01,14250,01/04/2023 14:46
28,2024-02,13100,03/04/2023 19:06
28,2024-03,12550,11/04/2023 10:16
28,2024-04,11950,15/04/2024 11:24
28,2024-05,11950,21/04/2024 17:34
28,2024-06,12550,07/04/2024 16:18
28,2024-07,11350,06/04/2024 07:39
28,2024-08,9000,17/04/2024 09:04
28,2024-09,14350,05/04/2024 16:54
28,2024-10,13150,20/04/2024 14:37
28,2024-11,11950,02/04/2024 20:24
28,2024-12,8400,12/04/2024 11:19
28,2025-01,14950,05/04/2024 12:05
28,2025-02,13750,02/04/2024 07:22
28,2025-03,13150,09/04/2024 20:09
28,2025-04,12550,03/04/2025 19:48
28,2025-05,12550,03/04/2025 08:34
28,2025-06,13200,13/04/2025 13:21
28,2025-07,11950,10/04/2025 11:47
28,2025-08,9450,02/04/2025 18:40
28,2025-09,15100,13/04/2025 16:55
28,2025-10,13850,05/04/2025 15:33
28,2025-11,12550,18/04/2025 20:11
28,2025-12,8800,04/04/2025 15:00
28,2026-01,15700,09/04/2025 09:59
28,2026-02,14450,14/04/2025 20:37
28,2026-03,13850,21/04/2025 16:45
28,2026-04,13200,11/04/2026 11:24
28,2026-05,13200,10/04/2026 07:59
28,2026-06,13850,02/04/2026 08:26
28,2026-07,12550,09/04/2026 12:55
28,2026-08,9900,19/04/2026 14:42
28,2026-09,15850,21/04/2026 14:27
29,2023-04,16300,08/04/2023 07:31
29,2023-05,16300,02/04/2023 08:51
29,2023-06,17100,10/04/2023 11:03
29,2023-07,15450,16/04/2023 16:56
29,2023-08,12200,01/04/2023 13:13
29,2023-09,19550,09/04/2023 16:32
29,2023-10,17900,06/04/2023 08:23
29,2023-11,16300,13/04/2023 20:09
29,2023-12,11400,16/04/2023 11:39
29,2024-01,20350,16/04/2023 17:41
29,2024-02,18750,10/04/2023 18:56
29,2024-03,17900,06/04/2023 17:36
29,2024-04,17100,02/04/2024 19:23
29,2024-05,17100,06/04/2024 08:33
29,2024-06,17950,17/04/2024 18:14
29,2024-07,16250,20/04/2024 19:09
29,2024-08,12850,19/04/2024 10:52
29,2024-09,20500,08/04/2024 19:49
29,2024-10,18800,21/04/2024 17:05
29,2024-11,17100,06/04/2024 14:47
29,2024-12,11950,08/04/2024 19:32
29,2025-01,21400,16/04/2024 09:56
29,2025-02,19650,03/04/2024 07:45
29,2025-03,18800,19/04/2024 11:23
29,2025-04,17950,04/04/2025 08:33
29,2025-05,17950,02/04/2025 12:30
29,2025-06,18850,04/04/2025 12:16
29,2025-07,17050,03/04/2025 15:26
29,2025-08,13450,14/04/2025 19:48
29,2025-09,21550,13/04/2025 19:41
29,2025-10,19750,05/04/2025 14:26
29,2025-11,17950,20/04/2025 09:32
29,2025-12,12550,04/04/2025 13:25
29,2026-01,22450,12/04/2025 18:18
29,2026-02,20650,01/04/2025 09:51
29,2026-03,19750,03/04/2025 11:04
29,2026-04,18850,01/04/2026 15:55
29,2026-05,18850,21/04/2026 19:08
29,2026-06,19800,04/04/2026 19:06
29,2026-07,17900,20/04/2026 14:46
29,2026-08,14150,19/04/2026 07:21
29,2026-09,22600,09/04/2026 19:57
30,2023-04,16300,15/04/2023 12:45
30,2023-05,16300,02/04/2023 07:34
30,2023-06,17100,21/04/2023 12:55
30,2023-07,15450,16/04/2023 17:22
30,2023-08,12200,09/04/2023 13:44
30,2023-09,19550,13/04/2023 08:47
30,2023-10,17900,13/04/2023 11:06
30,2023-11,16300,17/04/2023 10:53
30,2023-12,11400,13/04/2023 17:00
30,2024-01,20350,21/04/2023 08:19
30,2024-02,18750,06/04/2023 07:46
30,2024-03,17900,05/04/2023 13:40
30,2024-04,17100,05/04/2024 15:16
30,2024-05,17100,01/04/2024 12:58
30,2024-06,17950,09/04/2024 20:06
30,2024-07,16250,15/04/2024 19:52
30,2024-08,12850,13/04/2024 07:00
30,2024-09,20500,14/04/2024 11:03
30,2024-10,18800,06/04/2024 09:42
30,2024-11,17100,07/04/2024 12:13
30,2024-12,11950,05/04/2024 08:08
30,2025-01,21400,13/04/2024 17:01
30,2025-02,19650,12/04/2024 09:03
30,2025-03,18800,21/04/2024 08:39
30,2025-04,17950,02/04/2025 08:04
30,2025-05,17950,20/04/2025 17:56
30,2025-06,18850,02/04/2025 11:56
30,2025-07,17050,02/04/2025 15:58
30,2025-08,13450,06/04/2025 12:58
30,2025-09,21550,15/04/2025 07:05
30,2025-10,19750,07/04/2025 09:18
30,2025-11,17950,18/04/2025 11:01
30,2025-12,12550,18/04/2025 15:50
31,2023-04,16300,06/04/2023 17:30
31,2023-05,16300,19/04/2023 10:07
31,2023-06,17100,05/04/2023 09:46
31,2023-07,15450,11/04/2023 20:04
31,2023-08,12200,21/04/2023 10:41
31,2023-09,19550,21/04/2023 09:29
31,2023-10,17900,19/04/2023 09:06
31,2023-11,16300,12/04/2023 16:37
31,2023-12,11400,14/04/2023 19:34
31,2024-01,20350,19/04/2023 09:53
31,2024-02,18750,19/04/2023 15:00
31,2024-03,17900,03/04/2023 18:19
31,2024-04,17100,02/04/2024 09:13
31,2024-05,17100,15/04/2024 09:42
31,2024-06,17950,18/04/2024 16:51
31,2024-07,16250,11/04/2024 08:23
31,2024-08,12850,03/04/2024 19:48
31,2024-09,20500,02/04/2024 07:01
31,2024-10,18800,08/04/2024 14:44
31,2024-11,17100,16/04/2024 20:57
31,2024-12,11950,20/04/2024 13:11
31,2025-01,21400,19/04/2024 09:01
31,2025-02,19650,14/04/2024 14:31
31,2025-03,18800,13/04/2024 13:05
31,2025-04,17950,10/04/2025 10:46
31,2025-05,17950,05/04/2025 20:13
31,2025-06,18850,15/04/2025 07:49
31,2025-07,17050,01/04/2025 09:01
31,2025-08,13450,13/04/2025 08:50
31,2025-09,21550,16/04/2025 14:48
31,2025-10,19750,19/04/2025 18:05
31,2025-11,17950,18/04/2025 12:41
31,2025-12,12550,14/04/2025 14:28
31,2026-01,22450,02/04/2025 10:53
31,2026-02,20650,19/04/2025 08:53
31,2026-03,19750,11/04/2025 18:24
31,2026-04,18850,05/04/2026 11:29
31,2026-05,18850,04/04/2026 15:28
31,2026-06,19800,17/04/2026 13:47
31,2026-07,17900,19/04/2026 16:51
31,2026-08,14150,07/04/2026 11:47
31,2026-09,22600,10/04/2026 09:30
32,2023-04,16300,18/04/2023 20:55
32,2023-05,16300,18/04/2023 16:26
32,2023-06,17100,04/04/2023 08:43
32,2023-07,15450,05/04/2023 08:46
32,2023-08,12200,12/04/2023 20:07
32,2023-09,19550,04/04/2023 16:18
32,2023-10,17900,17/04/2023 14:55
32,2023-11,16300,14/04/2023 07:01
32,2023-12,11400,19/04/2023 16:29
32,2024-01,20350,21/04/2023 18:21
32,2024-02,18750,16/04/2023 20:36
32,2024-03,17900,04/04/2023 12:49
32,2024-04,17100,12/04/2024 15:02
33,2024-04,5150,17/04/2024 08:07
33,2024-05,5150,09/04/2024 13:27
33,2024-06,5400,05/04/2024 10:05
33,2024-07,4850,02/04/2024 19:42
33,2024-08,3850,02/04/2024 09:58
33,2024-09,6150,02/04/2024 13:57
33,2024-10,5650,05/04/2024 18:34
33,2024-11,5150,18/04/2024 07:49
33,2024-12,3600,01/04/2024 09:14
33,2025-01,14950,12/04/2024 19:29
33,2025-02,13750,20/04/2024 20:23
33,2025-03,13150,21/04/2024 13:36
33,2025-04,12550,02/04/2025 10:36
33,2025-05,12550,17/04/2025 09:41
33,2025-06,13200,11/04/2025 17:17
33,2025-07,17050,13/04/2025 14:15
33,2025-08,13450,19/04/2025 17:19
33,2025-09,21550,06/04/2025 17:56
33,2025-10,19750,20/04/2025 13:14
33,2025-11,17950,19/04/2025 08:06
33,2025-12,12550,10/04/2025 14:00
33,2026-01,22450,15/04/2025 12:35
33,2026-02,20650,19/04/2025 08:15
33,2026-03,19750,15/04/2025 10:35
33,2026-04,18850,15/04/2026 12:45
33,2026-05,18850,03/04/2026 19:32
33,2026-06,19800,04/04/2026 18:27
33,2026-07,17900,15/04/2026 18:25
33,2026-08,14150,13/04/2026 18:38
33,2026-09,22600,07/04/2026 10:57
34,2024-10,5650,07/04/2024 19:03
34,2024-11,5150,16/04/2024 13:15
34,2024-12,3600,08/04/2024 12:11
35,2024-12,3600,18/04/2024 17:13
35,2025-01,6400,19/04/2024 17:57
35,2025-02,5900,11/04/2024 12:03
35,2025-03,5650,12/04/2024 12:43
35,2025-04,5400,09/04/2025 07:24
35,2025-05,5400,10/04/2025 18:13
35,2025-06,5650,20/04/2025 11:43
35,2025-07,5100,19/04/2025 19:24
35,2025-08,4050,01/04/2025 12:41
35,2025-09,15100,08/04/2025 10:59
35,2025-10,13850,01/04/2025 07:26
35,2025-11,12550,08/04/2025 16:17
35,2025-12,8800,07/04/2025 17:26
35,2026-01,15700,14/04/2025 16:56
35,2026-02,14450,06/04/2025 20:47
35,2026-03,19750,14/04/2025 09:46
35,2026-04,18850,09/04/2026 12:45
35,2026-05,18850,05/04/2026 17:56
35,2026-06,19800,05/04/2026 09:38
35,2026-07,17900,20/04/2026 07:44
35,2026-08,14150,09/04/2026 18:28
35,2026-09,22600,10/04/2026 09:33
36,2025-12,3750,20/04/2025 09:43
36,2026-01,6750,02/04/2025 07:43
36,2026-02,6200,09/04/2025 16:10
36,2026-03,5950,06/04/2025 20:37
36,2026-04,5650,01/04/2026 17:56
36,2026-05,5650,13/04/2026 11:03
36,2026-06,5950,21/04/2026 18:27
36,2026-07,5350,13/04/2026 10:26
36,2026-08,4250,15/04/2026 14:42
36,2026-09,6800,04/04/2026 17:47
37,2023-04,8400,20/04/2023 12:20
37,2023-05,8400,05/04/2023 07:51
37,2023-06,8850,15/04/2023 20:44
37,2023-07,8000,10/04/2023 17:06
37,2023-08,6300,13/04/2023 17:54
37,2023-09,10100,12/04/2023 20:38
37,2023-10,9250,09/04/2023 17:24
37,2023-11,8400,08/04/2023 07:21
37,2023-12,5900,07/04/2023 18:25
37,2024-01,10500,15/04/2023 14:57
37,2024-02,9650,20/04/2023 08:38
37,2024-03,9250,14/04/2023 18:48
37,2024-04,8850,04/04/2024 15:50
37,2024-05,8850,16/04/2024 14:15
37,2024-06,9250,09/04/2024 17:32
37,2024-07,8400,13/04/2024 15:34
37,2024-08,6600,05/04/2024 07:33
37,2024-09,10600,14/04/2024 10:45
37,2024-10,9700,19/04/2024 13:21
37,2024-11,8850,08/04/2024 09:53
37,2024-12,6200,11/04/2024 17:03
37,2025-01,11050,18/04/2024 10:34
37,2025-02,10150,18/04/2024 13:20
37,2025-03,9700,17/04/2024 20:13
37,2025-04,9250,11/04/2025 07:38
37,2025-05,9250,16/04/2025 07:53
37,2025-06,9750,14/04/2025 18:26
37,2025-07,8800,15/04/2025 11:26
37,2025-08,6950,11/04/2025 20:07
37,2025-09,11150,18/04/2025 11:47
37,2025-10,10200,09/04/2025 16:46
37,2025-11,9250,16/04/2025 19:41
37,2025-12,6500,20/04/2025 19:06
37,2026-01,11600,13/04/2025 13:31
37,2026-02,10650,05/04/2025 09:02
37,2026-03,10200,08/04/2025 19:15
37,2026-04,9750,16/04/2026 11:34
37,2026-05,9750,06/04/2026 14:40
37,2026-06,10200,01/04/2026 19:16
37,2026-07,9250,19/04/2026 07:42
37,2026-08,7300,04/04/2026 14:04
37,2026-09,11700,11/04/2026 13:38
38,2023-04,8400,08/04/2023 07:03
38,2023-05,8400,07/04/2023 18:44
38,2023-06,12600,15/04/2023 16:00
38,2023-07,11400,21/04/2023 14:53
38,2023-08,9000,18/04/2023 15:42
38,2023-09,14400,17/04/2023 15:13
38,2023-10,13200,05/04/2023 20:35
38,2023-11,12000,02/04/2023 08:00
38,2023-12,8400,18/04/2023 18:37
38,2024-01,15000,02/04/2023 19:14
38,2024-02,13800,07/04/2023 17:52
38,2024-03,13200,09/04/2023 13:54
38,2024-04,12600,04/04/2024 13:06
38,2024-05,12600,16/04/2024 19:02
38,2024-06,13250,16/04/2024 14:39
38,2024-07,12000,13/04/2024 18:08
38,2024-08,9450,08/04/2024 20:20
38,2024-09,15150,12/04/2024 12:19
38,2024-10,13900,13/04/2024 15:38
38,2024-11,12600,16/04/2024 11:40
38,2024-12,8850,14/04/2024 08:02
38,2025-01,15750,07/04/2024 15:26
38,2025-02,14500,17/04/2024 12:37
38,2025-03,13900,12/04/2024 13:09
38,2025-04,13250,17/04/2025 14:45
38,2025-05,13250,15/04/2025 16:16
38,2025-06,13900,03/04/2025 18:13
38,2025-07,12600,09/04/2025 08:16
38,2025-08,9950,11/04/2025 08:12
38,2025-09,15900,14/04/2025 11:16
38,2025-10,14550,09/04/2025 13:23
38,2025-11,13250,08/04/2025 20:15
38,2025-12,9250,12/04/2025 15:52
38,2026-01,16550,20/04/2025 16:56
38,2026-02,15250,14/04/2025 18:33
38,2026-03,14550,05/04/2025 13:12
38,2026-04,13900,06/04/2026 17:59
38,2026-05,13900,05/04/2026 10:02
38,2026-06,14600,17/04/2026 20:44
38,2026-07,13200,13/04/2026 15:12
38,2026-08,10450,17/04/2026 08:55
38,2026-09,16700,17/04/2026 09:37
39,2023-04,12000,21/04/2023 10:33
39,2023-05,12000,05/04/2023 13:46
39,2023-06,12600,17/04/2023 12:04
39,2023-07,11400,07/04/2023 08:37
39,2023-08,9000,13/04/2023 17:21
39,2023-09,14400,18/04/2023 19:47
39,2023-10,13200,18/04/2023 16:21
39,2023-11,12000,04/04/2023 13:24
39,2023-12,8400,08/04/2023 17:09
39,2024-01,15000,21/04/2023 11:38
39,2024-02,13800,21/04/2023 09:13
39,2024-03,13200,12/04/2023 16:53
39,2024-04,12600,07/04/2024 10:50
39,2024-05,12600,08/04/2024 10:39
39,2024-06,13250,13/04/2024 18:00
39,2024-07,12000,14/04/2024 19:33
39,2024-08,9450,14/04/2024 13:00
39,2024-09,15150,05/04/2024 13:56
39,2024-10,13900,08/04/2024 20:22
39,2024-11,12600,02/04/2024 07:04
39,2024-12,8850,20/04/2024 13:42
39,2025-01,15750,17/04/2024 19:23
39,2025-02,14500,19/04/2024 13:35
39,2025-03,13900,18/04/2024 17:50
39,2025-04,13250,04/04/2025 10:38
39,2025-05,13250,19/04/2025 08:57
39,2025-06,13900,17/04/2025 13:31
39,2025-07,12600,13/04/2025 11:43
39,2025-08,9950,10/04/2025 15:40
39,2025-09,15900,01/04/2025 16:40
39,2025-10,14550,18/04/2025 10:00
39,2025-11,13250,06/04/2025 20:14
39,2025-12,9250,21/04/2025 11:56
39,2026-01,16550,20/04/2025 13:28
39,2026-02,15250,13/04/2025 09:34
39,2026-03,14550,06/04/2025 19:28
39,2026-04,13900,16/04/2026 20:13
39,2026-05,13900,11/04/2026 08:18
39,2026-06,14600,04/04/2026 13:34
39,2026-07,13200,08/04/2026 19:11
39,2026-08,10450,19/04/2026 15:16
39,2026-09,16700,04/04/2026 17:45
41,2023-04,12000,07/04/2023 11:47
41,2023-05,12000,06/04/2023 20:48
41,2023-06,12600,04/04/2023 18:50
41,2023-07,11400,20/04/2023 07:37
41,2023-08,9000,05/04/2023 07:50
41,2023-09,14400,04/04/2023 13:55
41,2023-10,13200,16/04/2023 17:40
41,2023-11,12000,18/04/2023 09:38
41,2023-12,8400,15/04/2023 14:04
41,2024-01,15000,18/04/2023 13:17
41,2024-02,13800,06/04/2023 11:21
41,2024-03,13200,17/04/2023 10:20
41,2024-04,12600,06/04/2024 17:19
41,2024-05,12600,21/04/2024 12:44
41,2024-06,13250,14/04/2024 08:45
41,2024-07,12000,10/04/2024 20:12
41,2024-08,9450,09/04/2024 08:27
41,2024-09,15150,12/04/2024 13:18
41,2024-10,13900,08/04/2024 16:49
41,2024-11,12600,04/04/2024 14:01
41,2024-12,8850,03/04/2024 11:45
41,2025-01,15750,18/04/2024 14:42
41,2025-02,14500,05/04/2024 19:39
41,2025-03,13900,13/04/2024 09:00
41,2025-04,13250,20/04/2025 19:42
42,2023-04,12000,07/04/2023 17:54
42,2023-05,12000,14/04/2023 11:56
42,2023-06,12600,08/04/2023 09:23
42,2023-07,11400,07/04/2023 13:33
42,2023-08,9000,19/04/2023 18:06
42,2023-09,14400,13/04/2023 09:21
42,2023-10,13200,05/04/2023 12:13
42,2023-11,12000,18/04/2023 18:14
42,2023-12,8400,08/04/2023 20:46
42,2024-01,15000,19/04/2023 09:47
42,2024-02,13800,03/04/2023 16:37
42,2024-03,13200,03/04/2023 16:22
42,2024-04,12600,21/04/2024 14:41
42,2024-05,12600,17/04/2024 08:35
42,2024-06,13250,20/04/2024 10:56
42,2024-07,12000,09/04/2024 09:37
42,2024-08,9450,13/04/2024 15:13
42,2024-09,15150,10/04/2024 19:36
42,2024-10,13900,19/04/2024 10:38
42,2024-11,12600,08/04/2024 18:15
42,2024-12,8850,03/04/2024 14:54
42,2025-01,15750,18/04/2024 11:21
42,2025-02,14500,15/04/2024 07:03
42,2025-03,13900,11/04/2024 08:53
42,2025-04,13250,12/04/2025 17:34
42,2025-05,13250,18/04/2025 12:30
42,2025-06,13900,05/04/2025 08:45
42,2025-07,12600,07/04/2025 20:52
42,2025-08,9950,06/04/2025 13:13
42,2025-09,15900,19/04/2025 11:08
42,2025-10,14550,06/04/2025 14:59
42,2025-11,13250,12/04/2025 10:36
42,2025-12,9250,05/04/2025 12:29
42,2026-01,16550,07/04/2025 11:39
42,2026-02,15250,03/04/2025 12:11
42,2026-03,14550,20/04/2025 15:48
42,2026-04,13900,12/04/2026 18:10
42,2026-05,13900,08/04/2026 08:43
42,2026-06,14600,08/04/2026 16:15
42,2026-07,13200,13/04/2026 07:32
42,2026-08,10450,04/04/2026 17:40
42,2026-09,16700,13/04/2026 13:15
43,2023-04,3600,06/04/2023 09:22
43,2023-05,3600,14/04/2023 11:51
43,2023-06,3800,08/04/2023 11:11
43,2023-07,3400,20/04/2023 13:18
43,2023-08,2700,20/04/2023 18:26
43,2023-09,10100,01/04/2023 15:55
43,2023-10,9250,19/04/2023 08:43
43,2023-11,8400,12/04/2023 16:46
43,2023-12,5900,12/04/2023 16:45
43,2024-01,10500,04/04/2023 19:44
43,2024-02,9650,02/04/2023 10:09
43,2024-03,13200,04/04/2023 20:03
43,2024-04,12600,16/04/2024 13:21
43,2024-05,12600,03/04/2024 07:52
43,2024-06,13250,21/04/2024 10:57
43,2024-07,12000,09/04/2024 18:35
43,2024-08,9450,20/04/2024 16:04
43,2024-09,15150,12/04/2024 12:38
43,2024-10,13900,09/04/2024 16:59
43,2024-11,12600,06/04/2024 07:18
43,2024-12,8850,20/04/2024 13:11
43,2025-01,15750,08/04/2024 16:04
43,2025-02,14500,10/04/2024 11:40
43,2025-03,13900,05/04/2024 20:50
43,2025-04,13250,18/04/2025 20:33
43,2025-05,13250,10/04/2025 18:42
43,2025-06,13900,06/04/2025 09:46
43,2025-07,12600,19/04/2025 19:50
43,2025-08,9950,21/04/2025 08:33
43,2025-09,15900,04/04/2025 16:39
43,2025-10,14550,19/04/2025 10:58
43,2025-11,13250,18/04/2025 13:48
43,2025-12,9250,16/04/2025 14:15
43,2026-01,16550,03/04/2025 07:12
43,2026-02,15250,12/04/2025 14:41
43,2026-03,14550,01/04/2025 20:12
43,2026-04,13900,05/04/2026 20:31
43,2026-05,13900,17/04/2026 20:22
43,2026-06,14600,06/04/2026 10:15
43,2026-07,13200,17/04/2026 13:57
43,2026-08,10450,13/04/2026 19:59
43,2026-09,16700,05/04/2026 11:48
44,2023-10,3950,13/04/2023 15:06
44,2023-11,3600,03/04/2023 11:34
44,2023-12,2500,08/04/2023 07:07
44,2024-01,4500,18/04/2023 08:05
44,2024-02,4150,21/04/2023 08:17
44,2024-03,3950,12/04/2023 15:38
44,2024-04,3800,16/04/2024 12:48
44,2024-05,3800,06/04/2024 15:46
44,2024-06,3950,12/04/2024 07:28
44,2024-07,3600,20/04/2024 17:38
44,2024-08,6600,03/04/2024 13:06
44,2024-09,10600,21/04/2024 09:47
44,2024-10,9700,12/04/2024 17:09
44,2024-11,8850,17/04/2024 11:58
44,2024-12,6200,13/04/2024 17:40
44,2025-01,11050,05/04/2024 19:16
44,2025-02,14500,09/04/2024 09:33
44,2025-03,13900,16/04/2024 12:30
44,2025-04,13250,16/04/2025 16:04
44,2025-05,13250,20/04/2025 18:39
44,2025-06,13900,15/04/2025 08:37
44,2025-07,12600,19/04/2025 10:18
44,2025-08,9950,12/04/2025 17:01
44,2025-09,15900,11/04/2025 16:14
44,2025-10,14550,15/04/2025 15:27
44,2025-11,13250,13/04/2025 09:14
44,2025-12,9250,06/04/2025 10:03
44,2026-01,16550,14/04/2025 07:45
44,2026-02,15250,13/04/2025 10:37
44,2026-03,14550,08/04/2025 17:40
44,2026-04,13900,15/04/2026 13:33
44,2026-05,13900,12/04/2026 13:19
44,2026-06,14600,13/04/2026 07:19
44,2026-07,13200,06/04/2026 07:45
44,2026-08,10450,19/04/2026 13:01
44,2026-09,16700,02/04/2026 10:46
45,2025-04,3950,17/04/2025 13:55
45,2025-05,3950,05/04/2025 19:12
45,2025-06,4150,13/04/2025 07:05
45,2025-07,3800,05/04/2025 11:54
45,2025-08,3000,18/04/2025 14:40
45,2025-09,4750,21/04/2025 19:51
45,2025-10,4350,01/04/2025 16:32
45,2025-11,3950,19/04/2025 16:16
45,2025-12,2800,05/04/2025 12:04
45,2026-01,4950,13/04/2025 12:37
45,2026-02,10650,14/04/2025 19:58
45,2026-03,10200,01/04/2025 16:38
45,2026-04,9750,11/04/2026 11:40
45,2026-05,9750,02/04/2026 15:34
45,2026-06,10200,04/04/2026 17:04
45,2026-07,9250,20/04/2026 14:16
45,2026-08,10450,05/04/2026 13:43
45,2026-09,16700,20/04/2026 19:28
46,2025-10,4350,11/04/2025 07:35
46,2025-11,3950,17/04/2025 15:25
46,2025-12,2800,07/04/2025 14:39
46,2026-01,4950,16/04/2025 20:01
46,2026-02,4550,15/04/2025 09:07
46,2026-03,4350,07/04/2025 15:05
46,2026-04,4150,21/04/2026 11:41
46,2026-05,4150,07/04/2026 19:47
46,2026-06,4400,06/04/2026 11:41
46,2026-07,3950,10/04/2026 20:05
46,2026-08,7300,21/04/2026 08:42
46,2026-09,11700,05/04/2026 12:58
47,2023-04,9050,12/04/2023 08:35
47,2023-05,9050,18/04/2023 20:59
47,2023-06,9500,09/04/2023 14:56
47,2023-07,8600,15/04/2023 19:33
47,2023-08,6800,18/04/2023 19:13
47,2023-09,10850,12/04/2023 14:07
47,2023-10,9950,06/04/2023 09:02
47,2023-11,9050,04/04/2023 18:03
47,2023-12,6350,04/04/2023 13:51
47,2024-01,11300,08/04/2023 16:08
47,2024-02,10400,14/04/2023 07:17
47,2024-03,9950,16/04/2023 20:19
47,2024-04,9500,08/04/2024 08:32
47,2024-05,9500,06/04/2024 14:14
47,2024-06,9950,21/04/2024 07:12
47,2024-07,9000,04/04/2024 09:52
47,2024-08,7100,16/04/2024 09:52
47,2024-09,11400,21/04/2024 08:54
47,2024-10,10450,09/04/2024 08:20
47,2024-11,9500,08/04/2024 12:51
47,2024-12,6650,19/04/2024 13:02
47,2025-01,11850,20/04/2024 08:26
47,2025-02,10900,21/04/2024 19:00
47,2025-03,10450,11/04/2024 08:57
47,2025-04,9950,07/04/2025 11:52
47,2025-05,9950,16/04/2025 09:49
47,2025-06,10450,13/04/2025 08:14
47,2025-07,9450,03/04/2025 10:38
47,2025-08,7450,16/04/2025 13:59
47,2025-09,11950,17/04/2025 12:13
47,2025-10,10950,09/04/2025 11:16
47,2025-11,9950,07/04/2025 07:40
47,2025-12,6950,09/04/2025 17:09
47,2026-01,12450,12/04/2025 13:52
47,2026-02,11450,11/04/2025 12:21
47,2026-03,10950,10/04/2025 18:06
47,2026-04,10450,06/04/2026 16:23
47,2026-05,10450,14/04/2026 16:19
47,2026-06,11000,07/04/2026 10:28
47,2026-07,9950,09/04/2026 13:27
47,2026-08,7850,10/04/2026 19:57
47,2026-09,12550,20/04/2026 16:58
48,2023-04,12900,17/04/2023 10:24
48,2023-05,12900,05/04/2023 14:11
48,2023-06,13550,16/04/2023 19:37
48,2023-07,12250,16/04/2023 07:31
48,2023-08,9700,14/04/2023 09:28
48,2023-09,15500,04/04/2023 13:35
48,2023-10,14200,04/04/2023 10:10
48,2023-11,12900,08/04/2023 10:40
48,2023-12,9050,01/04/2023 13:27
48,2024-01,16150,03/04/2023 10:43
48,2024-02,14850,20/04/2023 16:04
48,2024-03,14200,19/04/2023 10:29
48,2024-04,13550,14/04/2024 08:50
48,2024-05,13550,20/04/2024 18:44
48,2024-06,14250,13/04/2024 08:56
48,2024-07,12900,02/04/2024 09:26
48,2024-08,10150,17/04/2024 14:11
48,2024-09,16250,21/04/2024 19:41
48,2024-10,14900,16/04/2024 08:46
48,2024-11,13550,15/04/2024 11:19
48,2024-12,9500,08/04/2024 19:25
48,2025-01,16950,18/04/2024 20:35
48,2025-02,15600,12/04/2024 17:02
48,2025-03,14900,11/04/2024 13:41
48,2025-04,14250,21/04/2025 14:02
48,2025-05,14250,09/04/2025 19:49
48,2025-06,14950,20/04/2025 10:32
48,2025-07,13500,08/04/2025 18:39
48,2025-08,10650,13/04/2025 19:52
48,2025-09,17100,05/04/2025 14:23
48,2025-10,15650,06/04/2025 14:01
48,2025-11,14250,15/04/2025 19:38
48,2025-12,9950,16/04/2025 20:18
48,2026-01,17800,20/04/2025 16:40
48,2026-02,16350,09/04/2025 18:53
48,2026-03,15650,01/04/2025 08:20
48,2026-04,14950,07/04/2026 19:43
48,2026-05,14950,11/04/2026 08:28
48,2026-06,15700,01/04/2026 20:04
48,2026-07,14200,13/04/2026 20:23
48,2026-08,11200,10/04/2026 09:20
48,2026-09,17950,14/04/2026 08:31
49,2023-04,12900,05/04/2023 08:34
49,2023-05,12900,05/04/2023 11:06
49,2023-06,13550,16/04/2023 20:24
49,2023-07,12250,17/04/2023 11:13
49,2023-08,9700,06/04/2023 18:41
49,2023-09,15500,18/04/2023 13:01
49,2023-10,14200,10/04/2023 12:14
49,2023-11,12900,09/04/2023 18:12
49,2023-12,9050,16/04/2023 13:16
49,2024-01,16150,05/04/2023 20:04
49,2024-02,14850,06/04/2023 11:55
49,2024-03,14200,08/04/2023 18:35
49,2024-04,13550,15/04/2024 08:16
49,2024-05,13550,08/04/2024 11:42
49,2024-06,14250,02/04/2024 09:17
49,2024-07,12900,04/04/2024 15:53
49,2024-08,10150,12/04/2024 12:34
49,2024-09,16250,05/04/2024 13:46
51,2023-04,12900,13/04/2023 12:18
51,2023-05,12900,06/04/2023 15:59
51,2023-06,13550,02/04/2023 08:17
51,2023-07,12250,10/04/2023 19:57
51,2023-08,9700,08/04/2023 15:26
51,2023-09,15500,17/04/2023 14:22
51,2023-10,14200,11/04/2023 20:08
51,2023-11,12900,20/04/2023 14:17
51,2023-12,9050,17/04/2023 20:27
51,2024-01,16150,21/04/2023 14:49
51,2024-02,14850,03/04/2023 20:38
51,2024-03,14200,12/04/2023 12:27
51,2024-04,13550,14/04/2024 15:52
51,2024-05,13550,04/04/2024 11:10
51,2024-06,14250,12/04/2024 15:31
51,2024-07,12900,19/04/2024 16:59
51,2024-08,10150,20/04/2024 19:23
51,2024-09,16250,16/04/2024 14:05
51,2024-10,14900,21/04/2024 19:36
51,2024-11,13550,13/04/2024 19:15
51,2024-12,9500,09/04/2024 08:59
51,2025-01,16950,06/04/2024 09:37
51,2025-02,15600,04/04/2024 18:07
51,2025-03,14900,18/04/2024 14:43
51,2025-04,14250,20/04/2025 11:49
51,2025-05,14250,04/04/2025 14:24
51,2025-06,14950,18/04/2025 09:18
51,2025-07,13500,02/04/2025 16:11
51,2025-08,10650,09/04/2025 08:34
51,2025-09,17100,16/04/2025 09:29
51,2025-10,15650,10/04/2025 12:55
51,2025-11,14250,17/04/2025 17:06
51,2025-12,9950,18/04/2025 20:23
51,2026-01,17800,07/04/2025 11:35
51,2026-02,16350,20/04/2025 19:16
51,2026-03,15650,17/04/2025 19:25
51,2026-04,14950,12/04/2026 10:10
51,2026-05,14950,05/04/2026 20:04
51,2026-06,15700,09/04/2026 10:51
51,2026-07,14200,20/04/2026 10:23
51,2026-08,11200,17/04/2026 16:48
51,2026-09,17950,12/04/2026 08:42
52,2023-04,3850,19/04/2023 08:48
52,2023-05,3850,12/04/2023 16:31
52,2023-06,4050,03/04/2023 18:40
52,2023-07,3700,20/04/2023 12:34
52,2023-08,2900,19/04/2023 20:52
52,2023-09,4650,02/04/2023 20:34
52,2023-10,9950,03/04/2023 17:03
52,2023-11,9050,02/04/2023 14:34
52,2023-12,6350,10/04/2023 10:04
52,2024-01,11300,19/04/2023 14:48
52,2024-02,10400,04/04/2023 08:43
52,2024-03,9950,09/04/2023 14:40
52,2024-04,13550,11/04/2024 10:35
52,2024-05,13550,20/04/2024 18:38
52,2024-06,14250,21/04/2024 11:32
52,2024-07,12900,17/04/2024 10:51
52,2024-08,10150,21/04/2024 15:54
52,2024-09,16250,11/04/2024 17:44
52,2024-10,14900,15/04/2024 09:14
52,2024-11,13550,14/04/2024 20:36
52,2024-12,9500,17/04/2024 16:53
52,2025-01,16950,13/04/2024 14:09
52,2025-02,15600,16/04/2024 10:53
52,2025-03,14900,13/04/2024 16:07
52,2025-04,14250,12/04/2025 15:04
52,2025-05,14250,10/04/2025 14:09
52,2025-06,14950,21/04/2025 08:42
52,2025-07,13500,19/04/2025 10:30
52,2025-08,10650,06/04/2025 18:22
52,2025-09,17100,04/04/2025 07:36
52,2025-10,15650,07/04/2025 20:07
52,2025-11,14250,05/04/2025 15:34
52,2025-12,9950,12/04/2025 07:16
52,2026-01,17800,18/04/2025 18:38
52,2026-02,16350,15/04/2025 12:39
52,2026-03,15650,03/04/2025 13:27
52,2026-04,14950,12/04/2026 14:16
52,2026-05,14950,08/04/2026 08:08
52,2026-06,15700,03/04/2026 16:08
52,2026-07,14200,10/04/2026 08:04
52,2026-08,11200,08/04/2026 09:11
52,2026-09,17950,05/04/2026 17:50
53,2024-09,4900,20/04/2024 12:10
53,2024-10,4450,12/04/2024 07:54
53,2024-11,4050,01/04/2024 08:13
53,2024-12,2850,04/04/2024 07:18
53,2025-01,5100,11/04/2024 18:42
53,2025-02,4700,20/04/2024 20:59
53,2025-03,4450,13/04/2024 08:35
53,2025-04,4250,21/04/2025 12:55
53,2025-05,4250,13/04/2025 16:06
53,2025-06,10450,11/04/2025 15:18
53,2025-07,9450,10/04/2025 13:49
53,2025-08,7450,13/04/2025 19:24
53,2025-09,11950,02/04/2025 12:12
53,2025-10,10950,14/04/2025 14:26
53,2025-11,9950,11/04/2025 16:20
53,2025-12,9950,06/04/2025 07:09
53,2026-01,17800,21/04/2025 15:21
53,2026-02,16350,06/04/2025 08:00
53,2026-03,15650,07/04/2025 20:49
53,2026-04,14950,04/04/2026 09:27
53,2026-05,14950,16/04/2026 11:37
53,2026-06,15700,02/04/2026 16:03
53,2026-07,14200,09/04/2026 20:51
53,2026-08,11200,10/04/2026 11:47
53,2026-09,17950,02/04/2026 18:36
54,2024-10,4450,07/04/2024 08:59
54,2024-11,4050,19/04/2024 14:05
54,2024-12,2850,13/04/2024 20:09
54,2025-01,5100,16/04/2024 18:47
54,2025-02,4700,01/04/2024 11:40
54,2025-03,4450,19/04/2024 15:14
54,2025-04,4250,12/04/2025 08:45
54,2025-05,4250,08/04/2025 12:45
54,2025-06,4500,21/04/2025 18:14
54,2025-07,9450,15/04/2025 15:54
54,2025-08,7450,06/04/2025 13:34
54,2025-09,11950,12/04/2025 14:27
54,2025-10,10950,01/04/2025 20:37
54,2025-11,9950,06/04/2025 15:39
54,2025-12,6950,07/04/2025 20:14
54,2026-01,17800,20/04/2025 11:54
54,2026-02,16350,12/04/2025 19:02
54,2026-03,15650,15/04/2025 19:23
54,2026-04,14950,02/04/2026 18:39
54,2026-05,14950,17/04/2026 09:50
54,2026-06,15700,08/04/2026 17:12
54,2026-07,14200,11/04/2026 11:52
54,2026-08,11200,13/04/2026 15:13
54,2026-09,17950,10/04/2026 12:32
55,2023-04,10500,02/04/2023 20:51
55,2023-05,10500,05/04/2023 14:00
55,2023-06,11000,13/04/2023 07:47
55,2023-07,9950,19/04/2023 14:55
55,2023-08,7850,20/04/2023 20:48
55,2023-09,12600,16/04/2023 19:11
55,2023-10,11550,14/04/2023 08:22
55,2023-11,10500,06/04/2023 19:45
55,2023-12,7350,14/04/2023 18:48
55,2024-01,13100,19/04/2023 20:53
55,2024-02,12050,17/04/2023 14:04
55,2024-03,11550,19/04/2023 19:22
55,2024-04,11000,11/04/2024 13:52
55,2024-05,11000,08/04/2024 15:10
55,2024-06,11550,07/04/2024 11:18
55,2024-07,10450,15/04/2024 20:28
55,2024-08,8250,06/04/2024 20:13
55,2024-09,13250,15/04/2024 19:43
55,2024-10,12100,06/04/2024 10:37
55,2024-11,11000,11/04/2024 18:37
55,2024-12,7700,05/04/2024 08:31
55,2025-01,13800,06/04/2024 18:04
55,2025-02,12650,11/04/2024 11:38
55,2025-03,12100,05/04/2024 07:42
55,2025-04,11550,15/04/2025 16:53
55,2025-05,11550,03/04/2025 16:25
55,2025-06,12150,16/04/2025 15:25
55,2025-07,11000,11/04/2025 20:47
55,2025-08,8700,20/04/2025 18:15
55,2025-09,13900,09/04/2025 08:19
55,2025-10,12750,17/04/2025 15:19
55,2025-11,11550,01/04/2025 11:10
55,2025-12,8100,07/04/2025 17:55
55,2026-01,14450,21/04/2025 18:00
55,2026-02,13300,04/04/2025 10:44
55,2026-03,12750,05/04/2025 18:30
55,2026-04,12150,03/04/2026 15:30
55,2026-05,12150,17/04/2026 17:53
55,2026-06,12750,11/04/2026 20:04
55,2026-07,11550,17/04/2026 14:26
55,2026-08,9100,06/04/2026 13:25
55,2026-09,14600,19/04/2026 20:25
56,2023-04,15000,01/04/2023 18:13
56,2023-05,15000,17/04/2023 18:26
56,2023-06,15750,13/04/2023 20:55
56,2023-07,14250,20/04/2023 20:16
56,2023-08,11250,13/04/2023 10:46
56,2023-09,18000,18/04/2023 19:34
56,2023-10,16500,01/04/2023 18:35
56,2023-11,15000,04/04/2023 14:49
56,2023-12,10500,13/04/2023 11:08
56,2024-01,18750,04/04/2023 20:36
56,2024-02,17250,15/04/2023 11:06
56,2024-03,16500,13/04/2023 16:34
56,2024-04,15750,06/04/2024 15:49
56,2024-05,15750,09/04/2024 16:01
56,2024-06,16550,19/04/2024 12:57
56,2024-07,14950,13/04/2024 11:19
56,2024-08,11800,09/04/2024 14:16
56,2024-09,18900,20/04/2024 09:57
56,2024-10,17300,08/04/2024 19:38
56,2024-11,15750,18/04/2024 15:02
56,2024-12,11000,07/04/2024 14:14
56,2025-01,19700,12/04/2024 18:24
56,2025-02,18100,02/04/2024 15:28
56,2025-03,17300,14/04/2024 11:36
56,2025-04,16550,08/04/2025 18:44
56,2025-05,16550,04/04/2025 20:52
56,2025-06,17350,18/04/2025 09:00
56,2025-07,15700,03/04/2025 15:11
56,2025-08,12400,20/04/2025 08:06
56,2025-09,19850,11/04/2025 09:36
56,2025-10,18200,20/04/2025 10:40
56,2025-11,16550,08/04/2025 20:46
56,2025-12,11550,06/04/2025 16:41
56,2026-01,20650,15/04/2025 14:30
56,2026-02,19000,03/04/2025 11:45
56,2026-03,18200,12/04/2025 17:59
56,2026-04,17350,08/04/2026 15:24
56,2026-05,17350,17/04/2026 09:19
56,2026-06,18250,20/04/2026 12:09
56,2026-07,16500,02/04/2026 15:10
56,2026-08,13000,04/04/2026 13:17
56,2026-09,20850,16/04/2026 10:17
57,2023-04,15000,07/04/2023 13:13
57,2023-05,15000,20/04/2023 14:20
57,2023-06,15750,12/04/2023 19:56
57,2023-07,14250,02/04/2023 18:12
57,2023-08,11250,14/04/2023 09:48
57,2023-09,18000,18/04/2023 17:21
57,2023-10,16500,12/04/2023 18:51
57,2023-11,15000,08/04/2023 12:41
57,2023-12,10500,16/04/2023 20:46
57,2024-01,18750,13/04/2023 16:28
57,2024-02,17250,12/04/2023 19:28
57,2024-03,16500,08/04/2023 11:09
57,2024-04,15750,19/04/2024 18:46
57,2024-05,15750,20/04/2024 08:23
57,2024-06,16550,08/04/2024 20:33
57,2024-07,14950,14/04/2024 17:35
58,2023-04,15000,21/04/2023 12:16
59,2023-04,15000,18/04/2023 17:23
59,2023-05,15000,18/04/2023 14:21
59,2023-06,15750,07/04/2023 20:02
59,2023-07,14250,16/04/2023 20:41
59,2023-08,11250,21/04/2023 13:55
59,2023-09,18000,10/04/2023 16:06
59,2023-10,16500,07/04/2023 10:38
59,2023-11,15000,19/04/2023 18:31
59,2023-12,10500,10/04/2023 20:21
59,2024-01,18750,17/04/2023 17:16
59,2024-02,17250,16/04/2023 11:46
59,2024-03,16500,10/04/2023 19:04
59,2024-04,15750,12/04/2024 13:32
59,2024-05,15750,13/04/2024 20:27
59,2024-06,16550,05/04/2024 17:11
59,2024-07,14950,14/04/2024 10:13
59,2024-08,11800,16/04/2024 19:10
59,2024-09,18900,19/04/2024 07:02
59,2024-10,17300,08/04/2024 16:23
59,2024-11,15750,01/04/2024 19:35
59,2024-12,11000,20/04/2024 13:08
59,2025-01,19700,11/04/2024 07:46
59,2025-02,18100,17/04/2024 20:59
59,2025-03,17300,12/04/2024 13:17
59,2025-04,16550,15/04/2025 12:45
59,2025-05,16550,08/04/2025 15:38
59,2025-06,17350,02/04/2025 14:51
59,2025-07,15700,20/04/2025 14:31
59,2025-08,12400,05/04/2025 12:25
59,2025-09,19850,14/04/2025 17:47
59,2025-10,18200,05/04/2025 14:45
59,2025-11,16550,08/04/2025 17:18
59,2025-12,11550,02/04/2025 18:30
59,2026-01,20650,11/04/2025 10:15
59,2026-02,19000,07/04/2025 07:23
59,2026-03,18200,17/04/2025 17:02
59,2026-04,17350,06/04/2026 08:38
59,2026-05,17350,06/04/2026 20:25
59,2026-06,18250,12/04/2026 19:39
59,2026-07,16500,19/04/2026 17:15
59,2026-08,13000,03/04/2026 12:29
59,2026-09,20850,03/04/2026 08:51
60,2023-04,4500,03/04/2023 19:34
60,2023-05,4500,15/04/2023 20:00
60,2023-06,4700,13/04/2023 15:56
60,2023-07,4250,09/04/2023 15:06
60,2023-08,3350,20/04/2023 10:13
60,2023-09,5400,20/04/2023 20:47
60,2023-10,4950,04/04/2023 18:33
60,2023-11,4500,08/04/2023 19:50
60,2023-12,3150,18/04/2023 17:53
60,2024-01,13100,09/04/2023 14:10
60,2024-02,12050,16/04/2023 08:16
60,2024-03,11550,14/04/2023 17:03
60,2024-04,11000,09/04/2024 18:43
60,2024-05,11000,21/04/2024 07:41
60,2024-06,11550,21/04/2024 20:14
60,2024-07,14950,13/04/2024 16:47
60,2024-08,11800,15/04/2024 20:17
60,2024-09,18900,13/04/2024 07:05
60,2024-10,17300,05/04/2024 07:02
60,2024-11,15750,15/04/2024 19:03
60,2024-12,11000,13/04/2024 08:17
60,2025-01,19700,01/04/2024 11:34
60,2025-02,18100,13/04/2024 07:54
60,2025-03,17300,05/04/2024 19:35
60,2025-04,16550,11/04/2025 17:40
60,2025-05,16550,09/04/2025 10:27
60,2025-06,17350,07/04/2025 10:39
60,2025-07,15700,09/04/2025 14:02
60,2025-08,12400,10/04/2025 15:08
60,2025-09,19850,17/04/2025 12:52
60,2025-10,18200,09/04/2025 20:45
60,2025-11,16550,08/04/2025 20:22
60,2025-12,11550,13/04/2025 15:06
60,2026-01,20650,15/04/2025 09:17
60,2026-02,19000,09/04/2025 13:05
60,2026-03,18200,04/04/2025 11:45
60,2026-04,17350,12/04/2026 18:14
60,2026-05,17350,15/04/2026 17:55
60,2026-06,18250,03/04/2026 09:18
60,2026-07,16500,14/04/2026 16:00
60,2026-08,13000,05/04/2026 11:54
60,2026-09,20850,21/04/2026 17:42
61,2023-10,4950,12/04/2023 14:49
61,2023-11,4500,05/04/2023 15:33
61,2023-12,3150,06/04/2023 20:24
61,2024-01,5600,17/04/2023 18:41
61,2024-02,5150,06/04/2023 15:17
61,2024-03,4950,08/04/2023 09:30
61,2024-04,4700,01/04/2024 12:50
61,2024-05,4700,17/04/2024 17:33
61,2024-06,4950,09/04/2024 12:57
61,2024-07,4500,01/04/2024 14:38
61,2024-08,8250,19/04/2024 17:19
61,2024-09,13250,03/04/2024 20:54
61,2024-10,12100,13/04/2024 14:22
61,2024-11,11000,18/04/2024 08:57
61,2024-12,7700,01/04/2024 09:32
61,2025-01,13800,14/04/2024 18:14
61,2025-02,18100,19/04/2024 17:26
61,2025-03,17300,09/04/2024 15:39
61,2025-04,16550,19/04/2025 14:54
61,2025-05,16550,19/04/2025 16:31
61,2025-06,17350,11/04/2025 20:13
61,2025-07,15700,19/04/2025 14:20
61,2025-08,12400,07/04/2025 08:48
61,2025-09,19850,18/04/2025 15:48
61,2025-10,18200,19/04/2025 13:39
61,2025-11,16550,06/04/2025 09:36
61,2025-12,11550,15/04/2025 07:27
61,2026-01,20650,04/04/2025 15:55
61,2026-02,19000,10/04/2025 07:17
61,2026-03,18200,17/04/2025 11:27
61,2026-04,17350,13/04/2026 08:12
61,2026-05,17350,01/04/2026 17:22
61,2026-06,18250,20/04/2026 07:53
61,2026-07,16500,05/04/2026 13:44
61,2026-08,13000,20/04/2026 09:02
61,2026-09,20850,17/04/2026 15:31
62,2024-07,4500,19/04/2024 18:22
62,2024-08,3550,11/04/2024 14:09
62,2024-09,5650,04/04/2024 11:10
62,2024-10,5200,21/04/2024 17:33
62,2024-11,4700,18/04/2024 15:00
62,2024-12,3300,10/04/2024 09:48
62,2025-01,5900,07/04/2024 07:14
62,2025-02,5450,18/04/2024 08:24
62,2025-03,5200,17/04/2024 16:52
62,2025-04,11550,04/04/2025 19:51
62,2025-05,11550,14/04/2025 07:06
62,2025-06,12150,21/04/2025 16:31
62,2025-07,11000,13/04/2025 08:50
62,2025-08,8700,13/04/2025 13:36
62,2025-09,13900,21/04/2025 11:50
62,2025-10,18200,16/04/2025 15:39
62,2025-11,16550,18/04/2025 15:30
62,2025-12,11550,21/04/2025 09:33
62,2026-01,20650,11/04/2025 11:58
62,2026-02,19000,07/04/2025 12:46
62,2026-03,18200,03/04/2025 19:21
62,2026-04,17350,05/04/2026 20:42
62,2026-05,17350,15/04/2026 20:18
62,2026-06,18250,02/04/2026 17:49
62,2026-07,16500,05/04/2026 07:05
62,2026-08,13000,19/04/2026 14:46
62,2026-09,20850,10/04/2026 12:11
63,2025-10,5450,01/04/2025 15:49
63,2025-11,4950,16/04/2025 12:58
63,2025-12,3450,13/04/2025 09:25
63,2026-01,6200,15/04/2025 11:21
63,2026-02,5700,15/04/2025 11:05
63,2026-03,5450,21/04/2025 20:42
63,2026-04,5200,08/04/2026 18:14
63,2026-05,5200,19/04/2026 20:52
63,2026-06,5450,10/04/2026 08:10
63,2026-07,4950,04/04/2026 12:32
63,2026-08,9100,05/04/2026 20:13
63,2026-09,14600,01/04/2026 08:45
64,2023-04,6950,13/04/2023 13:24
64,2023-05,6950,10/04/2023 09:27
64,2023-06,7300,15/04/2023 19:17
64,2023-07,6600,07/04/2023 09:35
64,2023-08,5200,02/04/2023 12:19
64,2023-09,8350,11/04/2023 17:18
64,2023-10,7650,03/04/2023 10:31
64,2023-11,6950,17/04/2023 20:01
64,2023-12,4850,01/04/2023 14:00
64,2024-01,8700,10/04/2023 07:59
64,2024-02,8000,21/04/2023 20:05
64,2024-03,7650,18/04/2023 17:56
64,2024-04,7300,13/04/2024 09:59
64,2024-05,7300,21/04/2024 09:27
64,2024-06,7650,07/04/2024 17:17
64,2024-07,6950,02/04/2024 07:13
64,2024-08,5450,09/04/2024 11:53
64,2024-09,8750,20/04/2024 10:03
64,2024-10,8050,13/04/2024 10:00
64,2024-11,7300,19/04/2024 16:58
64,2024-12,5100,14/04/2024 14:19
64,2025-01,9100,15/04/2024 13:21
64,2025-02,8400,03/04/2024 08:52
64,2025-03,8050,04/04/2024 07:31
64,2025-04,7650,14/04/2025 16:55
64,2025-05,7650,05/04/2025 13:21
64,2025-06,8050,16/04/2025 11:30
64,2025-07,7300,01/04/2025 17:59
64,2025-08,5750,03/04/2025 07:53
64,2025-09,9200,14/04/2025 14:21
64,2025-10,8450,16/04/2025 08:00
64,2025-11,7650,01/04/2025 11:18
64,2025-12,5350,06/04/2025 15:04
64,2026-01,9600,10/04/2025 19:16
64,2026-02,8800,11/04/2025 17:56
64,2026-03,8450,15/04/2025 13:22
64,2026-04,8050,14/04/2026 19:50
64,2026-05,8050,21/04/2026 12:09
64,2026-06,8450,05/04/2026 17:14
64,2026-07,7650,15/04/2026 09:02
64,2026-08,6050,19/04/2026 17:13
64,2026-09,9650,07/04/2026 19:43
65,2023-04,6950,03/04/2023 11:03
65,2023-05,9950,03/04/2023 08:42
65,2023-06,10450,02/04/2023 11:53
65,2023-07,9450,06/04/2023 14:37
65,2023-08,7450,18/04/2023 09:15
65,2023-09,11900,09/04/2023 20:37
65,2023-10,10900,04/04/2023 16:58
65,2023-11,9950,05/04/2023 13:16
65,2023-12,6950,04/04/2023 11:56
65,2024-01,12400,16/04/2023 19:43
65,2024-02,11400,02/04/2023 16:45
65,2024-03,10900,07/04/2023 15:09
65,2024-04,10450,11/04/2024 12:21
65,2024-05,10450,10/04/2024 08:21
65,2024-06,10950,03/04/2024 17:37
65,2024-07,9900,05/04/2024 11:27
65,2024-08,7800,13/04/2024 13:32
65,2024-09,12500,01/04/2024 07:13
65,2024-10,11450,07/04/2024 12:12
65,2024-11,10450,15/04/2024 09:31
65,2024-12,7300,18/04/2024 11:45
65,2025-01,13050,21/04/2024 07:01
65,2025-02,12000,13/04/2024 08:42
65,2025-03,11450,02/04/2024 11:13
65,2025-04,10950,08/04/2025 07:30
65,2025-05,10950,10/04/2025 14:34
65,2025-06,11500,14/04/2025 08:05
65,2025-07,10400,08/04/2025 16:44
65,2025-08,8200,01/04/2025 18:36
65,2025-09,13150,12/04/2025 14:45
65,2025-10,12050,09/04/2025 12:59
65,2025-11,10950,14/04/2025 08:56
65,2025-12,7650,21/04/2025 10:39
65,2026-01,13700,06/04/2025 19:00
65,2026-02,12600,05/04/2025 16:01
65,2026-03,12050,14/04/2025 08:30
65,2026-04,11500,14/04/2026 18:11
65,2026-05,11500,15/04/2026 14:49
65,2026-06,12050,08/04/2026 19:44
65,2026-07,10900,11/04/2026 14:23
65,2026-08,8600,03/04/2026 16:55
65,2026-09,13800,03/04/2026 13:54
66,2023-04,9950,17/04/2023 08:56
66,2023-05,9950,15/04/2023 08:58
66,2023-06,10450,03/04/2023 13:49
66,2023-07,9450,11/04/2023 19:11
66,2023-08,7450,17/04/2023 12:26
66,2023-09,11900,15/04/2023 16:15
66,2023-10,10900,07/04/2023 18:59
66,2023-11,9950,16/04/2023 15:35
66,2023-12,6950,21/04/2023 18:25
66,2024-01,12400,13/04/2023 15:10
66,2024-02,11400,02/04/2023 09:24
66,2024-03,10900,17/04/2023 20:59
66,2024-04,10450,08/04/2024 14:00
66,2024-05,10450,03/04/2024 20:27
66,2024-06,10950,08/04/2024 17:33
66,2024-07,9900,19/04/2024 07:07
66,2024-08,7800,06/04/2024 14:35
66,2024-09,12500,15/04/2024 10:12
66,2024-10,11450,10/04/2024 17:18
66,2024-11,10450,02/04/2024 13:01
66,2024-12,7300,19/04/2024 20:53
66,2025-01,13050,09/04/2024 13:02
66,2025-02,12000,10/04/2024 20:44
66,2025-03,11450,16/04/2024 09:22
66,2025-04,10950,09/04/2025 14:29
66,2025-05,10950,18/04/2025 10:03
66,2025-06,11500,12/04/2025 07:46
66,2025-07,10400,20/04/2025 19:30
66,2025-08,8200,17/04/2025 10:26
66,2025-09,13150,17/04/2025 10:54
66,2025-10,12050,13/04/2025 11:55
66,2025-11,10950,04/04/2025 12:26
66,2025-12,7650,16/04/2025 16:21
66,2026-01,13700,05/04/2025 14:23
66,2026-02,12600,06/04/2025 18:46
66,2026-03,12050,14/04/2025 17:45
66,2026-04,11500,21/04/2026 15:53
66,2026-05,11500,06/04/2026 17:19
66,2026-06,12050,21/04/2026 10:17
66,2026-07,10900,16/04/2026 20:11
66,2026-08,8600,18/04/2026 11:25
66,2026-09,13800,11/04/2026 17:19
67,2023-04,9950,09/04/2023 20:30
67,2023-05,9950,21/04/2023 17:46
67,2023-06,10450,04/04/2023 20:59
67,2023-07,9450,13/04/2023 16:52
67,2023-08,7450,13/04/2023 16:16
67,2023-09,11900,07/04/2023 14:00
67,2023-10,10900,06/04/2023 20:09
67,2023-11,9950,01/04/2023 18:49
67,2023-12,6950,15/04/2023 14:06
67,2024-01,12400,06/04/2023 18:05
67,2024-02,11400,01/04/2023 20:40
67,2024-03,10900,15/04/2023 15:43
67,2024-04,10450,06/04/2024 17:08
67,2024-05,10450,14/04/2024 19:31
67,2024-06,10950,20/04/2024 13:21
67,2024-07,9900,04/04/2024 10:36
67,2024-08,7800,20/04/2024 12:21
67,2024-09,12500,13/04/2024 09:14
67,2024-10,11450,03/04/2024 18:18
67,2024-11,10450,14/04/2024 19:59
67,2024-12,7300,11/04/2024 09:11
67,2025-01,13050,08/04/2024 20:08
67,2025-02,12000,18/04/2024 20:59
67,2025-03,11450,08/04/2024 08:14
67,2025-04,10950,15/04/2025 17:07
67,2025-05,10950,01/04/2025 10:02
67,2025-06,11500,08/04/2025 19:33
67,2025-07,10400,05/04/2025 11:34
67,2025-08,8200,01/04/2025 18:50
67,2025-09,13150,21/04/2025 15:39
67,2025-10,12050,17/04/2025 16:08
67,2025-11,10950,18/04/2025 12:48
67,2025-12,7650,15/04/2025 12:17
67,2026-01,13700,19/04/2025 11:53
67,2026-02,12600,07/04/2025 12:51
67,2026-03,12050,15/04/2025 19:33
67,2026-04,11500,20/04/2026 11:58
67,2026-05,11500,14/04/2026 08:34
67,2026-06,12050,09/04/2026 14:33
67,2026-07,10900,14/04/2026 15:07
67,2026-08,8600,16/04/2026 14:09
67,2026-09,13800,20/04/2026 11:13
68,2023-04,9950,12/04/2023 15:05
68,2023-05,9950,11/04/2023 10:30
68,2023-06,10450,10/04/2023 09:50
68,2023-07,9450,08/04/2023 07:16
68,2023-08,7450,05/04/2023 20:02
68,2023-09,11900,01/04/2023 19:12
69,2023-06,3150,14/04/2023 16:17
69,2023-07,2850,10/04/2023 13:15
69,2023-08,2250,21/04/2023 17:17
69,2023-09,3550,08/04/2023 19:42
69,2023-10,3300,08/04/2023 15:09
69,2023-11,3000,12/04/2023 17:21
69,2023-12,2100,18/04/2023 19:48
69,2024-01,3700,21/04/2023 17:27
69,2024-02,3450,06/04/2023 11:05
69,2024-03,3300,03/04/2023 14:26
69,2024-04,7300,19/04/2024 08:06
69,2024-05,7300,04/04/2024 11:48
69,2024-06,7650,04/04/2024 18:04
69,2024-07,6950,08/04/2024 07:25
69,2024-08,5450,21/04/2024 15:02
69,2024-09,8750,10/04/2024 17:24
69,2024-10,11450,08/04/2024 09:24
69,2024-11,10450,13/04/2024 12:55
69,2024-12,7300,11/04/2024 15:44
69,2025-01,13050,15/04/2024 17:00
69,2025-02,12000,09/04/2024 13:36
69,2025-03,11450,09/04/2024 14:11
69,2025-04,10950,08/04/2025 07:25
69,2025-05,10950,12/04/2025 09:22
69,2025-06,11500,17/04/2025 14:16
69,2025-07,10400,11/04/2025 20:04
69,2025-08,8200,18/04/2025 07:28
69,2025-09,13150,01/04/2025 13:27
69,2025-10,12050,06/04/2025 09:43
69,2025-11,10950,03/04/2025 12:11
69,2025-12,7650,20/04/2025 20:01
69,2026-01,13700,10/04/2025 07:46
69,2026-02,12600,08/04/2025 08:12
69,2026-03,12050,21/04/2025 17:32
69,2026-04,11500,08/04/2026 07:54
69,2026-05,11500,05/04/2026 09:18
69,2026-06,12050,01/04/2026 18:36
69,2026-07,10900,03/04/2026 18:46
69,2026-08,8600,21/04/2026 15:14
69,2026-09,13800,14/04/2026 17:00
70,2023-09,3550,02/04/2023 12:12
70,2023-10,3300,04/04/2023 07:47
70,2023-11,3000,20/04/2023 10:24
70,2023-12,2100,15/04/2023 19:46
70,2024-01,3700,19/04/2023 07:53
70,2024-02,3450,15/04/2023 16:06
70,2024-03,3300,18/04/2023 15:59
70,2024-04,3150,19/04/2024 12:54
70,2024-05,3150,11/04/2024 12:23
70,2024-06,7650,17/04/2024 14:04
70,2024-07,6950,04/04/2024 08:42
70,2024-08,5450,07/04/2024 19:10
70,2024-09,8750,04/04/2024 11:48
70,2024-10,8050,20/04/2024 20:24
70,2024-11,7300,12/04/2024 07:22
70,2024-12,7300,10/04/2024 11:07
70,2025-01,13050,05/04/2024 14:14
70,2025-02,12000,20/04/2024 16:01
70,2025-03,11450,17/04/2024 12:45
70,2025-04,10950,21/04/2025 08:15
70,2025-05,10950,09/04/2025 10:15
70,2025-06,11500,11/04/2025 12:58
70,2025-07,10400,17/04/2025 15:42
70,2025-08,8200,11/04/2025 12:20
70,2025-09,13150,06/04/2025 17:05
70,2025-10,12050,05/04/2025 15:39
70,2025-11,10950,02/04/2025 09:35
70,2025-12,7650,16/04/2025 17:14
70,2026-01,13700,20/04/2025 14:45
70,2026-02,12600,19/04/2025 17:32
70,2026-03,12050,04/04/2025 16:56
70,2026-04,11500,12/04/2026 19:22
70,2026-05,11500,03/04/2026 09:33
70,2026-06,12050,01/04/2026 10:54
70,2026-07,10900,18/04/2026 09:06
70,2026-08,8600,05/04/2026 18:08
70,2026-09,13800,17/04/2026 09:07
71,2024-10,3450,04/04/2024 07:00
71,2024-11,3150,20/04/2024 13:39
71,2024-12,2200,16/04/2024 14:17
71,2025-01,3900,15/04/2024 12:03
71,2025-02,3600,07/04/2024 19:50
71,2025-03,3450,12/04/2024 09:01
71,2025-04,3300,09/04/2025 07:34
71,2025-05,3300,11/04/2025 14:11
71,2025-06,3450,05/04/2025 19:53
71,2025-07,3100,02/04/2025 16:14
71,2025-08,5750,06/04/2025 13:41
71,2025-09,9200,12/04/2025 07:33
71,2025-10,8450,15/04/2025 12:59
71,2025-11,7650,06/04/2025 13:20
71,2025-12,5350,13/04/2025 07:06
71,2026-01,9600,15/04/2025 16:56
71,2026-02,12600,14/04/2025 14:25
71,2026-03,12050,03/04/2025 17:17
71,2026-04,11500,17/04/2026 12:18
71,2026-05,11500,11/04/2026 15:33
71,2026-06,12050,05/04/2026 15:51
71,2026-07,10900,17/04/2026 14:10
71,2026-08,8600,03/04/2026 18:41
71,2026-09,13800,06/04/2026 19:11
72,2026-02,3800,07/04/2025 17:27
72,2026-03,3600,07/04/2025 12:36
72,2026-04,3450,08/04/2026 14:30
72,2026-05,3450,05/04/2026 17:55
72,2026-06,3600,01/04/2026 10:54
72,2026-07,3300,10/04/2026 19:37
72,2026-08,2600,06/04/2026 19:11
72,2026-09,4150,09/04/2026 11:22
73,2023-04,6700,14/04/2023 07:20
73,2023-05,6700,19/04/2023 13:17
73,2023-06,7050,14/04/2023 13:40
73,2023-07,6400,15/04/2023 19:34
73,2023-08,5050,03/04/2023 12:19
73,2023-09,8050,16/04/2023 18:33
73,2023-10,7400,10/04/2023 17:04
73,2023-11,6700,04/04/2023 11:52
73,2023-12,4700,17/04/2023 08:59
73,2024-01,8400,18/04/2023 18:27
73,2024-02,7700,18/04/2023 17:40
73,2024-03,7400,01/04/2023 11:58
73,2024-04,7050,09/04/2024 14:21
73,2024-05,7050,18/04/2024 20:14
73,2024-06,7400,08/04/2024 07:14
73,2024-07,6700,19/04/2024 10:11
73,2024-08,5300,07/04/2024 12:37
73,2024-09,8450,09/04/2024 08:22
73,2024-10,7750,16/04/2024 17:07
73,2024-11,7050,06/04/2024 11:34
73,2024-12,4950,09/04/2024 20:47
73,2025-01,8800,19/04/2024 11:12
73,2025-02,8100,06/04/2024 18:25
73,2025-03,7750,04/04/2024 11:28
73,2025-04,7400,09/04/2025 15:38
73,2025-05,7400,17/04/2025 08:01
73,2025-06,7750,01/04/2025 14:07
73,2025-07,7050,06/04/2025 20:01
73,2025-08,5550,15/04/2025 14:54
73,2025-09,8900,09/04/2025 18:09
73,2025-10,8150,02/04/2025 12:02
73,2025-11,7400,14/04/2025 18:54
73,2025-12,5200,09/04/2025 14:43
73,2026-01,9250,10/04/2025 12:21
73,2026-02,8500,15/04/2025 15:14
73,2026-03,8150,14/04/2025 17:11
73,2026-04,7750,18/04/2026 20:04
73,2026-05,7750,08/04/2026 19:02
73,2026-06,8150,15/04/2026 08:02
73,2026-07,7400,15/04/2026 15:35
73,2026-08,5850,13/04/2026 14:28
73,2026-09,9300,20/04/2026 14:37
74,2023-04,9600,01/04/2023 17:59
74,2023-05,9600,07/04/2023 16:25
74,2023-06,10050,08/04/2023 18:49
74,2023-07,9100,18/04/2023 17:00
74,2023-08,7200,13/04/2023 10:24
74,2023-09,11500,03/04/2023 17:48
74,2023-10,10550,09/04/2023 12:32
74,2023-11,9600,04/04/2023 12:04
74,2023-12,6700,04/04/2023 12:15
74,2024-01,12000,21/04/2023 15:53
74,2024-02,11050,18/04/2023 15:07
74,2024-03,10550,02/04/2023 19:32
74,2024-04,10050,11/04/2024 19:05
74,2024-05,10050,11/04/2024 15:20
74,2024-06,10550,20/04/2024 17:35
74,2024-07,9550,10/04/2024 07:45
74,2024-08,7550,18/04/2024 12:44
74,2024-09,12100,06/04/2024 14:38
74,2024-10,11050,09/04/2024 18:12
74,2024-11,10050,11/04/2024 12:18
74,2024-12,7050,10/04/2024 20:49
74,2025-01,12600,10/04/2024 09:18
74,2025-02,11600,06/04/2024 20:50
74,2025-03,11050,20/04/2024 08:41
74,2025-04,10550,16/04/2025 20:16
74,2025-05,10550,13/04/2025 11:59
74,2025-06,11100,10/04/2025 19:18
74,2025-07,10050,08/04/2025 16:09
74,2025-08,7950,10/04/2025 11:10
74,2025-09,12700,16/04/2025 12:07
74,2025-10,11650,20/04/2025 17:00
74,2025-11,10550,06/04/2025 07:21
74,2025-12,7400,16/04/2025 20:27
74,2026-01,13200,06/04/2025 17:24
74,2026-02,12150,09/04/2025 11:47
74,2026-03,11650,18/04/2025 17:06
74,2026-04,11100,11/04/2026 17:52
74,2026-05,11100,11/04/2026 19:39
74,2026-06,11650,18/04/2026 11:21
74,2026-07,10550,13/04/2026 11:28
74,2026-08,8300,17/04/2026 13:50
74,2026-09,13300,10/04/2026 19:24
75,2023-04,6700,20/04/2023 17:18
75,2023-05,9600,06/04/2023 19:20
75,2023-06,10050,15/04/2023 13:51
75,2023-07,9100,01/04/2023 10:53
75,2023-08,7200,19/04/2023 19:07
75,2023-09,11500,13/04/2023 07:28
75,2023-10,10550,19/04/2023 14:10
75,2023-11,9600,19/04/2023 16:28
75,2023-12,6700,03/04/2023 17:52
75,2024-01,12000,03/04/2023 14:26
75,2024-02,11050,10/04/2023 09:42
75,2024-03,10550,12/04/2023 07:13
75,2024-04,10050,21/04/2024 11:57
75,2024-05,10050,15/04/2024 10:17
75,2024-06,10550,18/04/2024 09:21
75,2024-07,9550,09/04/2024 16:06
75,2024-08,7550,04/04/2024 20:11
75,2024-09,12100,21/04/2024 17:04
75,2024-10,11050,05/04/2024 12:18
75,2024-11,10050,05/04/2024 08:37
75,2024-12,7050,10/04/2024 10:57
75,2025-01,12600,16/04/2024 12:50
75,2025-02,11600,03/04/2024 08:25
75,2025-03,11050,09/04/2024 14:44
75,2025-04,10550,06/04/2025 16:41
75,2025-05,10550,03/04/2025 15:43
75,2025-06,11100,16/04/2025 12:34
75,2025-07,10050,14/04/2025 15:52
75,2025-08,7950,14/04/2025 11:36
75,2025-09,12700,18/04/2025 16:05
75,2025-10,11650,08/04/2025 19:17
75,2025-11,10550,11/04/2025 17:42
75,2025-12,7400,16/04/2025 15:28
75,2026-01,13200,03/04/2025 10:05
75,2026-02,12150,10/04/2025 15:12
75,2026-03,11650,18/04/2025 16:46
75,2026-04,11100,02/04/2026 19:22
75,2026-05,11100,03/04/2026 11:38
75,2026-06,11650,17/04/2026 10:14
75,2026-07,10550,10/04/2026 19:25
75,2026-08,8300,11/04/2026 11:26
75,2026-09,13300,14/04/2026 17:19
76,2023-04,6700,15/04/2023 20:42
76,2023-05,6700,14/04/2023 19:11
76,2023-06,10050,11/04/2023 08:55
76,2023-07,9100,10/04/2023 14:49
76,2023-08,7200,04/04/2023 13:50
76,2023-09,11500,11/04/2023 14:56
76,2023-10,10550,06/04/2023 17:15
76,2023-11,9600,13/04/2023 14:57
76,2023-12,6700,09/04/2023 19:08
76,2024-01,12000,06/04/2023 16:49
76,2024-02,11050,21/04/2023 07:13
76,2024-03,10550,16/04/2023 10:20
76,2024-04,10050,09/04/2024 11:49
76,2024-05,10050,10/04/2024 10:38
76,2024-06,10550,03/04/2024 08:28
76,2024-07,9550,21/04/2024 08:03
76,2024-08,7550,15/04/2024 12:37
76,2024-09,12100,17/04/2024 07:16
76,2024-10,11050,08/04/2024 10:35
76,2024-11,10050,14/04/2024 15:42
76,2024-12,7050,09/04/2024 13:46
76,2025-01,12600,11/04/2024 12:58
76,2025-02,11600,13/04/2024 11:51
76,2025-03,11050,05/04/2024 13:07
76,2025-04,10550,07/04/2025 17:31
76,2025-05,10550,05/04/2025 07:47
76,2025-06,11100,10/04/2025 13:55
76,2025-07,10050,10/04/2025 08:04
76,2025-08,7950,11/04/2025 14:24
76,2025-09,12700,14/04/2025 10:36
76,2025-10,11650,03/04/2025 08:24
76,2025-11,10550,11/04/2025 07:21
76,2025-12,7400,21/04/2025 17:50
76,2026-01,13200,07/04/2025 07:02
76,2026-02,12150,09/04/2025 08:26
76,2026-03,11650,11/04/2025 11:39
76,2026-04,11100,09/04/2026 15:16
76,2026-05,11100,20/04/2026 16:18
76,2026-06,11650,07/04/2026 16:11
76,2026-07,10550,10/04/2026 12:14
76,2026-08,8300,16/04/2026 18:08
76,2026-09,13300,06/04/2026 10:31
77,2024-10,3300,08/04/2024 10:32
77,2024-11,3000,20/04/2024 17:58
77,2024-12,2100,07/04/2024 12:38
77,2025-01,3800,21/04/2024 12:44
77,2025-02,3450,11/04/2024 15:34
77,2025-03,3300,11/04/2024 10:14
77,2025-04,3150,16/04/2025 20:55
77,2025-05,3150,09/04/2025 14:41
77,2025-06,3350,06/04/2025 07:35
77,2025-07,7050,10/04/2025 19:29
77,2025-08,5550,03/04/2025 11:44
77,2025-09,8900,20/04/2025 19:44
77,2025-10,8150,15/04/2025 14:01
77,2025-11,7400,05/04/2025 07:57
77,2025-12,5200,01/04/2025 20:07
78,2025-12,2200,15/04/2025 07:44
78,2026-01,3950,18/04/2025 18:10
78,2026-02,3650,21/04/2025 13:33
78,2026-03,3500,20/04/2025 15:23
78,2026-04,3350,20/04/2026 15:37
78,2026-05,3350,21/04/2026 16:22
78,2026-06,3500,11/04/2026 14:15
78,2026-07,3150,08/04/2026 11:19
78,2026-08,2500,17/04/2026 09:40
78,2026-09,4000,21/04/2026 07:26
79,2023-04,8100,02/04/2023 12:10
79,2023-05,8100,12/04/2023 14:05
79,2023-06,8500,21/04/2023 10:55
79,2023-07,7700,20/04/2023 15:50
79,2023-08,6100,16/04/2023 13:32
79,2023-09,9750,14/04/2023 11:32
79,2023-10,8950,01/04/2023 15:35
79,2023-11,8100,19/04/2023 18:57
79,2023-12,5700,09/04/2023 09:19
79,2024-01,10150,02/04/2023 15:41
79,2024-02,9350,19/04/2023 09:26
79,2024-03,8950,17/04/2023 13:17
79,2024-04,8500,01/04/2024 08:11
79,2024-05,8500,09/04/2024 10:35
79,2024-06,8950,11/04/2024 16:41
79,2024-07,8100,05/04/2024 16:53
79,2024-08,6400,16/04/2024 13:11
79,2024-09,10200,06/04/2024 09:48
79,2024-10,9350,10/04/2024 19:01
79,2024-11,8500,17/04/2024 12:16
79,2024-12,5950,19/04/2024 12:46
79,2025-01,10650,17/04/2024 19:47
79,2025-02,9800,02/04/2024 13:31
79,2025-03,9350,03/04/2024 11:40
79,2025-04,8950,15/04/2025 17:12
79,2025-05,8950,10/04/2025 11:18
79,2025-06,9400,12/04/2025 12:30
79,2025-07,8500,03/04/2025 18:40
79,2025-08,6700,18/04/2025 14:42
79,2025-09,10750,05/04/2025 13:20
79,2025-10,9850,05/04/2025 09:16
79,2025-11,8950,03/04/2025 12:59
79,2025-12,6250,18/04/2025 07:00
79,2026-01,11200,05/04/2025 13:00
79,2026-02,10300,06/04/2025 09:55
79,2026-03,9850,19/04/2025 13:56
79,2026-04,9400,12/04/2026 13:35
79,2026-05,9400,21/04/2026 08:41
79,2026-06,9850,12/04/2026 10:29
79,2026-07,8900,16/04/2026 07:54
79,2026-08,7050,10/04/2026 17:47
79,2026-09,11250,06/04/2026 18:39
80,2023-04,11600,11/04/2023 10:01
80,2023-05,11600,11/04/2023 18:15
80,2023-06,12150,17/04/2023 10:02
80,2023-07,11000,08/04/2023 12:54
80,2023-08,8700,09/04/2023 20:38
80,2023-09,13900,03/04/2023 19:00
80,2023-10,12750,07/04/2023 17:11
80,2023-11,11600,04/04/2023 14:04
80,2023-12,8100,20/04/2023 20:08
80,2024-01,14500,21/04/2023 10:08
80,2024-02,13350,04/04/2023 14:07
80,2024-03,12750,19/04/2023 19:00
80,2024-04,12150,15/04/2024 18:51
80,2024-05,12150,07/04/2024 16:24
80,2024-06,12800,04/04/2024 13:42
80,2024-07,11550,03/04/2024 16:58
80,2024-08,9150,21/04/2024 19:07
80,2024-09,14600,05/04/2024 17:14
80,2024-10,13400,11/04/2024 16:48
80,2024-11,12150,18/04/2024 14:14
80,2024-12,8500,17/04/2024 14:17
80,2025-01,15200,11/04/2024 20:50
80,2025-02,14000,17/04/2024 17:40
80,2025-03,13400,14/04/2024 20:27
80,2025-04,12800,02/04/2025 20:59
80,2025-05,12800,17/04/2025 15:13
80,2025-06,13400,19/04/2025 20:35
80,2025-07,12150,05/04/2025 08:12
80,2025-08,9600,21/04/2025 09:25
80,2025-09,15350,05/04/2025 08:16
80,2025-10,14050,09/04/2025 08:42
80,2025-11,12800,12/04/2025 13:18
80,2025-12,8950,11/04/2025 09:10
80,2026-01,16000,06/04/2025 09:55
80,2026-02,14700,07/04/2025 16:49
80,2026-03,14050,11/04/2025 08:35
80,2026-04,13400,06/04/2026 11:48
80,2026-05,13400,06/04/2026 08:17
80,2026-06,14100,21/04/2026 14:33
80,2026-07,12750,08/04/2026 12:22
80,2026-08,10050,02/04/2026 10:43
80,2026-09,16100,10/04/2026 11:17
81,2023-04,11600,05/04/2023 10:45
81,2023-05,11600,11/04/2023 10:10
81,2023-06,12150,19/04/2023 20:03
81,2023-07,11000,04/04/2023 18:11
81,2023-08,8700,21/04/2023 08:30
81,2023-09,13900,19/04/2023 09:53
81,2023-10,12750,17/04/2023 16:31
81,2023-11,11600,10/04/2023 15:55
81,2023-12,8100,05/04/2023 12:57
81,2024-01,14500,10/04/2023 17:09
81,2024-02,13350,15/04/2023 14:45
81,2024-03,12750,06/04/2023 15:41
81,2024-04,12150,12/04/2024 10:20
81,2024-05,12150,21/04/2024 19:03
81,2024-06,12800,18/04/2024 17:08
81,2024-07,11550,05/04/2024 17:21
81,2024-08,9150,08/04/2024 17:11
81,2024-09,14600,06/04/2024 18:27
81,2024-10,13400,10/04/2024 11:40
81,2024-11,12150,06/04/2024 17:01
81,2024-12,8500,02/04/2024 18:03
81,2025-01,15200,17/04/2024 20:01
81,2025-02,14000,12/04/2024 14:51
81,2025-03,13400,18/04/2024 15:30
81,2025-04,12800,02/04/2025 10:01
81,2025-05,12800,04/04/2025 08:29
81,2025-06,13400,07/04/2025 10:12
81,2025-07,12150,15/04/2025 20:42
81,2025-08,9600,07/04/2025 12:38
81,2025-09,15350,09/04/2025 14:25
81,2025-10,14050,14/04/2025 10:12
81,2025-11,12800,05/04/2025 09:19
81,2025-12,8950,16/04/2025 11:43
81,2026-01,16000,04/04/2025 19:58
81,2026-02,14700,18/04/2025 15:08
81,2026-03,14050,03/04/2025 19:54
81,2026-04,13400,06/04/2026 07:22
81,2026-05,13400,12/04/2026 12:40
81,2026-06,14100,03/04/2026 12:10
81,2026-07,12750,15/04/2026 07:19
81,2026-08,10050,06/04/2026 09:06
81,2026-09,16100,08/04/2026 19:30
82,2023-04,11600,14/04/2023 13:22
82,2023-05,11600,04/04/2023 15:52
82,2023-06,12150,02/04/2023 17:00
82,2023-07,11000,20/04/2023 13:51
82,2023-08,8700,01/04/2023 20:54
82,2023-09,13900,11/04/2023 19:38
82,2023-10,12750,21/04/2023 19:30
82,2023-11,11600,06/04/2023 11:24
82,2023-12,8100,14/04/2023 11:26
82,2024-01,14500,12/04/2023 07:05
82,2024-02,13350,04/04/2023 11:21
82,2024-03,12750,04/04/2023 09:11
82,2024-04,12150,06/04/2024 09:39
82,2024-05,12150,13/04/2024 16:52
82,2024-06,12800,16/04/2024 07:37
82,2024-07,11550,09/04/2024 09:34
82,2024-08,9150,17/04/2024 19:14
82,2024-09,14600,18/04/2024 20:12
82,2024-10,13400,03/04/2024 10:27
82,2024-11,12150,03/04/2024 12:57
82,2024-12,8500,19/04/2024 11:15
82,2025-01,15200,08/04/2024 08:26
82,2025-02,14000,15/04/2024 18:43
82,2025-03,13400,07/04/2024 09:17
82,2025-04,12800,16/04/2025 07:09
82,2025-05,12800,01/04/2025 07:32
82,2025-06,13400,15/04/2025 14:38
82,2025-07,12150,01/04/2025 14:04
82,2025-08,9600,15/04/2025 11:25
82,2025-09,15350,10/04/2025 10:35
82,2025-10,14050,13/04/2025 10:04
82,2025-11,12800,20/04/2025 09:10
82,2025-12,8950,11/04/2025 11:02
82,2026-01,16000,17/04/2025 12:42
82,2026-02,14700,04/04/2025 17:37
82,2026-03,14050,07/04/2025 20:55
82,2026-04,13400,14/04/2026 07:41
82,2026-05,13400,15/04/2026 15:59
82,2026-06,14100,11/04/2026 12:22
82,2026-07,12750,07/04/2026 14:38
82,2026-08,10050,17/04/2026 13:00
82,2026-09,16100,13/04/2026 15:07
83,2023-04,11600,06/04/2023 14:41
83,2023-05,11600,13/04/2023 12:19
83,2023-06,12150,03/04/2023 16:34
83,2023-07,11000,11/04/2023 11:22
83,2023-08,8700,16/04/2023 19:15
83,2023-09,13900,07/04/2023 08:48
83,2023-10,12750,16/04/2023 19:06
83,2023-11,11600,05/04/2023 12:30
83,2023-12,8100,21/04/2023 18:03
83,2024-01,14500,12/04/2023 13:27
83,2024-02,13350,03/04/2023 15:44
83,2024-03,12750,11/04/2023 11:31
83,2024-04,12150,06/04/2024 19:20
83,2024-05,12150,14/04/2024 16:54
83,2024-06,12800,11/04/2024 18:59
83,2024-07,11550,07/04/2024 11:43
83,2024-08,9150,06/04/2024 15:37
83,2024-09,14600,11/04/2024 12:11
83,2024-10,13400,07/04/2024 10:12
83,2024-11,12150,12/04/2024 08:55
83,2024-12,8500,17/04/2024 18:55
83,2025-01,15200,18/04/2024 07:21
83,2025-02,14000,08/04/2024 13:47
83,2025-03,13400,10/04/2024 18:23
83,2025-04,12800,21/04/2025 15:08
83,2025-05,12800,20/04/2025 15:42
83,2025-06,13400,10/04/2025 20:04
83,2025-07,12150,07/04/2025 13:18
83,2025-08,9600,21/04/2025 16:03
83,2025-09,15350,04/04/2025 19:00
83,2025-10,14050,06/04/2025 19:42
83,2025-11,12800,19/04/2025 18:16
83,2025-12,8950,04/04/2025 20:17
83,2026-01,16000,19/04/2025 09:34
83,2026-02,14700,18/04/2025 08:24
83,2026-03,14050,08/04/2025 07:39
83,2026-04,13400,03/04/2026 11:51
83,2026-05,13400,12/04/2026 08:51
83,2026-06,14100,20/04/2026 13:49
83,2026-07,12750,21/04/2026 12:48
83,2026-08,10050,21/04/2026 12:12
83,2026-09,16100,11/04/2026 12:47
84,2023-04,11600,04/04/2023 12:43
84,2023-05,11600,02/04/2023 19:11
84,2023-06,12150,16/04/2023 09:29
84,2023-07,11000,06/04/2023 08:20
84,2023-08,8700,06/04/2023 14:43
84,2023-09,13900,20/04/2023 14:46
84,2023-10,12750,16/04/2023 19:47
84,2023-11,11600,06/04/2023 09:12
84,2023-12,8100,11/04/2023 11:48
84,2024-01,14500,03/04/2023 14:54
84,2024-02,13350,17/04/2023 20:44
84,2024-03,12750,16/04/2023 19:38
84,2024-04,12150,01/04/2024 12:10
84,2024-05,12150,20/04/2024 15:20
84,2024-06,12800,01/04/2024 17:30
84,2024-07,11550,08/04/2024 20:27
84,2024-08,9150,10/04/2024 14:28
84,2024-09,14600,06/04/2024 17:09
84,2024-10,13400,13/04/2024 12:09
84,2024-11,12150,14/04/2024 12:50
84,2024-12,8500,01/04/2024 08:36
84,2025-01,15200,19/04/2024 09:43
84,2025-02,14000,03/04/2024 11:18
84,2025-03,13400,15/04/2024 10:25
84,2025-04,12800,14/04/2025 13:18
84,2025-05,12800,12/04/2025 14:38
84,2025-06,13400,11/04/2025 16:10
84,2025-07,12150,06/04/2025 15:44
84,2025-08,9600,02/04/2025 19:40
84,2025-09,15350,17/04/2025 16:37
84,2025-10,14050,18/04/2025 19:02
84,2025-11,12800,20/04/2025 17:53
84,2025-12,8950,07/04/2025 15:13
84,2026-01,16000,08/04/2025 16:55
84,2026-02,14700,20/04/2025 16:56
84,2026-03,14050,11/04/2025 08:35
84,2026-04,13400,19/04/2026 16:25
84,2026-05,13400,14/04/2026 18:37
84,2026-06,14100,18/04/2026 17:32
84,2026-07,12750,20/04/2026 14:41
84,2026-08,10050,19/04/2026 08:30
84,2026-09,16100,16/04/2026 07:29
85,2023-06,3650,05/04/2023 07:46
85,2023-07,3300,15/04/2023 20:03
85,2023-08,2600,19/04/2023 15:39
85,2023-09,4150,03/04/2023 13:13
85,2023-10,3850,03/04/2023 11:34
85,2023-11,3500,02/04/2023 10:00
85,2023-12,2450,02/04/2023 18:40
85,2024-01,4350,17/04/2023 13:41
85,2024-02,4000,07/04/2023 15:43
85,2024-03,3850,10/04/2023 07:34
85,2024-04,8500,12/04/2024 13:58
85,2024-05,8500,10/04/2024 12:45
85,2024-06,8950,18/04/2024 08:39
85,2024-07,8100,16/04/2024 13:27
85,2024-08,6400,13/04/2024 19:43
85,2024-09,10200,03/04/2024 15:46
85,2024-10,13400,08/04/2024 20:27
85,2024-11,12150,07/04/2024 14:31
85,2024-12,8500,19/04/2024 14:47
85,2025-01,15200,08/04/2024 07:19
85,2025-02,14000,01/04/2024 08:24
85,2025-03,13400,06/04/2024 12:51
85,2025-04,12800,21/04/2025 18:22
85,2025-05,12800,03/04/2025 19:35
85,2025-06,13400,17/04/2025 15:37
85,2025-07,12150,09/04/2025 13:53
85,2025-08,9600,19/04/2025 11:40
85,2025-09,15350,17/04/2025 11:53
85,2025-10,14050,14/04/2025 19:51
85,2025-11,12800,01/04/2025 19:39
85,2025-12,8950,01/04/2025 16:59
85,2026-01,16000,13/04/2025 16:05
85,2026-02,14700,09/04/2025 12:18
85,2026-03,14050,07/04/2025 07:24
85,2026-04,13400,15/04/2026 20:46
85,2026-05,13400,05/04/2026 15:58
85,2026-06,14100,06/04/2026 11:06
85,2026-07,12750,12/04/2026 15:43
85,2026-08,10050,20/04/2026 08:20
85,2026-09,16100,03/04/2026 13:41
86,2024-10,4000,03/04/2024 09:11
86,2024-11,3650,14/04/2024 16:45
86,2024-12,2550,10/04/2024 13:54
86,2025-01,4550,05/04/2024 09:00
86,2025-02,4200,03/04/2024 19:05
86,2025-03,4000,13/04/2024 16:56
86,2025-04,3850,03/04/2025 14:47
86,2025-05,3850,14/04/2025 17:31
86,2025-06,4050,14/04/2025 14:29
86,2025-07,8500,09/04/2025 11:58
86,2025-08,6700,14/04/2025 10:58
86,2025-09,10750,11/04/2025 10:52
86,2025-10,9850,09/04/2025 07:46
86,2025-11,8950,05/04/2025 16:05
86,2025-12,6250,12/04/2025 11:30
86,2026-01,16000,10/04/2025 20:09
86,2026-02,14700,17/04/2025 18:36
86,2026-03,14050,10/04/2025 20:51
86,2026-04,13400,01/04/2026 10:41
86,2026-05,13400,21/04/2026 12:17
86,2026-06,14100,21/04/2026 14:00
86,2026-07,12750,05/04/2026 16:13
86,2026-08,10050,17/04/2026 13:21
86,2026-09,16100,04/04/2026 19:58
87,2026-02,4400,15/04/2025 09:57
87,2026-03,4200,13/04/2025 07:55
87,2026-04,4050,09/04/2026 14:02
87,2026-05,4050,11/04/2026 15:53
87,2026-06,4250,15/04/2026 08:22
87,2026-07,3800,21/04/2026 15:34
87,2026-08,3000,04/04/2026 17:38
87,2026-09,4850,03/04/2026 17:47
88,2023-04,9050,14/04/2023 19:58
88,2023-05,9050,11/04/2023 17:52
88,2023-06,9500,17/04/2023 14:33
88,2023-07,8600,13/04/2023 16:44
88,2023-08,6800,05/04/2023 17:38
88,2023-09,10850,04/04/2023 17:14
88,2023-10,9950,11/04/2023 08:33
88,2023-11,9050,15/04/2023 16:07
88,2023-12,6350,17/04/2023 07:40
88,2024-01,11300,12/04/2023 11:25
88,2024-02,10400,20/04/2023 08:19
88,2024-03,9950,17/04/2023 08:02
88,2024-04,9500,09/04/2024 16:54
88,2024-05,9500,08/04/2024 15:29
88,2024-06,10000,16/04/2024 19:24
88,2024-07,9050,19/04/2024 07:51
88,2024-08,7150,08/04/2024 19:46
88,2024-09,11400,16/04/2024 11:13
88,2024-10,10450,01/04/2024 07:10
88,2024-11,9500,02/04/2024 19:35
88,2024-12,6650,15/04/2024 16:39
88,2025-01,11900,19/04/2024 16:09
88,2025-02,10950,17/04/2024 10:11
88,2025-03,10450,01/04/2024 18:45
88,2025-04,10000,11/04/2025 13:05
88,2025-05,10000,01/04/2025 07:58
88,2025-06,10500,07/04/2025 14:17
88,2025-07,9500,10/04/2025 14:08
88,2025-08,7500,16/04/2025 19:44
88,2025-09,11950,20/04/2025 07:10
88,2025-10,10950,01/04/2025 19:10
88,2025-11,10000,11/04/2025 19:23
88,2025-12,7000,17/04/2025 13:20
88,2026-01,12450,13/04/2025 13:31
88,2026-02,11450,02/04/2025 12:23
88,2026-03,10950,10/04/2025 19:42
88,2026-04,10500,12/04/2026 14:14
88,2026-05,10500,21/04/2026 20:41
88,2026-06,11000,04/04/2026 16:56
88,2026-07,9950,20/04/2026 07:13
88,2026-08,7850,04/04/2026 07:30
88,2026-09,12550,17/04/2026 17:25
89,2023-04,9050,10/04/2023 13:32
89,2023-05,12950,08/04/2023 11:47
89,2023-06,13550,01/04/2023 12:56
89,2023-07,12300,18/04/2023 18:22
89,2023-08,9700,07/04/2023 14:10
89,2023-09,15500,18/04/2023 20:24
89,2023-10,14200,19/04/2023 16:09
89,2023-11,12950,07/04/2023 18:57
89,2023-12,9050,02/04/2023 17:18
89,2024-01,16150,13/04/2023 17:12
89,2024-02,14850,21/04/2023 16:55
89,2024-03,14200,04/04/2023 09:19
89,2024-04,13550,01/04/2024 08:33
89,2024-05,13550,13/04/2024 11:29
89,2024-06,14250,13/04/2024 16:17
89,2024-07,12900,15/04/2024 16:32
89,2024-08,10200,03/04/2024 19:12
90,2023-04,12950,14/04/2023 16:45
90,2023-05,12950,17/04/2023 15:03
90,2023-06,13550,21/04/2023 13:26
90,2023-07,12300,14/04/2023 16:21
90,2023-08,9700,03/04/2023 20:08
90,2023-09,15500,14/04/2023 10:08
90,2023-10,14200,17/04/2023 20:28
90,2023-11,12950,03/04/2023 09:31
90,2023-12,9050,09/04/2023 13:25
90,2024-01,16150,01/04/2023 11:43
90,2024-02,14850,04/04/2023 16:12
90,2024-03,14200,13/04/2023 15:31
90,2024-04,13550,21/04/2024 07:15
90,2024-05,13550,17/04/2024 11:32
90,2024-06,14250,08/04/2024 14:10
90,2024-07,12900,03/04/2024 08:13
90,2024-08,10200,19/04/2024 13:06
90,2024-09,16300,04/04/2024 09:33
90,2024-10,14950,14/04/2024 16:13
90,2024-11,13550,12/04/2024 17:16
90,2024-12,9500,21/04/2024 17:18
90,2025-01,16950,07/04/2024 13:27
90,2025-02,15600,04/04/2024 13:00
90,2025-03,14950,14/04/2024 11:18
90,2025-04,14250,12/04/2025 18:33
90,2025-05,14250,05/04/2025 08:13
90,2025-06,14950,05/04/2025 20:47
90,2025-07,13550,13/04/2025 14:10
90,2025-08,10700,05/04/2025 15:56
90,2025-09,17100,02/04/2025 20:29
90,2025-10,15700,18/04/2025 14:01
90,2025-11,14250,06/04/2025 12:56
90,2025-12,10000,11/04/2025 20:38
90,2026-01,17800,16/04/2025 07:50
90,2026-02,16400,10/04/2025 15:51
90,2026-03,15700,19/04/2025 20:13
90,2026-04,14950,09/04/2026 08:43
90,2026-05,14950,11/04/2026 16:15
90,2026-06,15700,12/04/2026 11:01
90,2026-07,14200,14/04/2026 19:38
90,2026-08,11200,14/04/2026 12:43
90,2026-09,17950,20/04/2026 20:49
91,2023-04,9050,08/04/2023 20:21
91,2023-05,9050,08/04/2023 09:47
91,2023-06,9500,16/04/2023 15:19
91,2023-07,8600,15/04/2023 13:12
91,2023-08,6800,21/04/2023 09:06
91,2023-09,15500,01/04/2023 18:36
91,2023-10,14200,06/04/2023 12:59
91,2023-11,12950,21/04/2023 12:04
91,2023-12,9050,11/04/2023 20:12
91,2024-01,16150,13/04/2023 07:41
91,2024-02,14850,06/04/2023 17:30
91,2024-03,14200,03/04/2023 20:53
91,2024-04,13550,16/04/2024 07:06
91,2024-05,13550,20/04/2024 11:31
91,2024-06,14250,12/04/2024 14:35
91,2024-07,12900,05/04/2024 09:28
91,2024-08,10200,20/04/2024 14:35
91,2024-09,16300,06/04/2024 15:30
91,2024-10,14950,15/04/2024 19:48
91,2024-11,13550,14/04/2024 07:11
91,2024-12,9500,13/04/2024 17:56
91,2025-01,16950,14/04/2024 14:16
91,2025-02,15600,13/04/2024 11:31
91,2025-03,14950,06/04/2024 11:10
91,2025-04,14250,12/04/2025 13:02
91,2025-05,14250,09/04/2025 20:06
91,2025-06,14950,05/04/2025 20:48
91,2025-07,13550,16/04/2025 16:36
91,2025-08,10700,18/04/2025 19:20
91,2025-09,17100,08/04/2025 13:58
91,2025-10,15700,19/04/2025 20:47
91,2025-11,14250,10/04/2025 08:44
91,2025-12,10000,09/04/2025 13:49
91,2026-01,17800,12/04/2025 11:38
91,2026-02,16400,03/04/2025 11:57
91,2026-03,15700,16/04/2025 07:45
91,2026-04,14950,05/04/2026 07:47
91,2026-05,14950,10/04/2026 17:50
91,2026-06,15700,13/04/2026 17:06
91,2026-07,14200,15/04/2026 09:57
91,2026-08,11200,14/04/2026 14:07
91,2026-09,17950,11/04/2026 20:18
92,2023-04,12950,12/04/2023 13:59
92,2023-05,12950,01/04/2023 10:00
92,2023-06,13550,19/04/2023 19:00
92,2023-07,12300,19/04/2023 18:09
92,2023-08,9700,09/04/2023 19:01
92,2023-09,15500,05/04/2023 07:43
92,2023-10,14200,14/04/2023 17:19
92,2023-11,12950,06/04/2023 17:25
92,2023-12,9050,07/04/2023 17:03
92,2024-01,16150,19/04/2023 14:06
92,2024-02,14850,06/04/2023 07:19
92,2024-03,14200,11/04/2023 14:35
92,2024-04,13550,04/04/2024 17:13
92,2024-05,13550,14/04/2024 16:16
92,2024-06,14250,01/04/2024 18:52
92,2024-07,12900,09/04/2024 11:35
92,2024-08,10200,11/04/2024 11:54
92,2024-09,16300,03/04/2024 19:21
92,2024-10,14950,08/04/2024 12:46
92,2024-11,13550,15/04/2024 08:39
92,2024-12,9500,11/04/2024 16:07
92,2025-01,16950,01/04/2024 14:31
92,2025-02,15600,09/04/2024 14:31
92,2025-03,14950,01/04/2024 10:02
92,2025-04,14250,13/04/2025 13:05
92,2025-05,14250,11/04/2025 19:36
92,2025-06,14950,13/04/2025 11:57
92,2025-07,13550,06/04/2025 14:50
92,2025-08,10700,17/04/2025 14:07
92,2025-09,17100,21/04/2025 12:48
92,2025-10,15700,02/04/2025 20:00
92,2025-11,14250,05/04/2025 11:17
92,2025-12,10000,13/04/2025 15:30
92,2026-01,17800,11/04/2025 15:51
92,2026-02,16400,19/04/2025 18:09
92,2026-03,15700,16/04/2025 15:15
92,2026-04,14950,10/04/2026 08:47
92,2026-05,14950,17/04/2026 08:20
92,2026-06,15700,09/04/2026 16:35
92,2026-07,14200,20/04/2026 07:35
92,2026-08,11200,11/04/2026 07:15
92,2026-09,17950,10/04/2026 19:37
93,2023-04,12950,14/04/2023 18:49
93,2023-05,12950,11/04/2023 18:15
93,2023-06,13550,05/04/2023 12:58
93,2023-07,12300,16/04/2023 10:54
93,2023-08,9700,06/04/2023 13:14
93,2023-09,15500,18/04/2023 14:50
93,2023-10,14200,07/04/2023 09:50
93,2023-11,12950,04/04/2023 18:16
93,2023-12,9050,08/04/2023 14:39
93,2024-01,16150,19/04/2023 14:22
93,2024-02,14850,20/04/2023 13:33
93,2024-03,14200,05/04/2023 18:53
93,2024-04,13550,12/04/2024 09:53
93,2024-05,13550,19/04/2024 13:52
93,2024-06,14250,06/04/2024 09:26
93,2024-07,12900,02/04/2024 10:32
93,2024-08,10200,01/04/2024 10:13
93,2024-09,16300,15/04/2024 20:30
93,2024-10,14950,09/04/2024 19:36
93,2024-11,13550,05/04/2024 19:50
93,2024-12,9500,07/04/2024 16:06
93,2025-01,16950,08/04/2024 14:51
93,2025-02,15600,12/04/2024 14:25
93,2025-03,14950,17/04/2024 17:34
93,2025-04,14250,11/04/2025 07:56
93,2025-05,14250,02/04/2025 12:55
93,2025-06,14950,21/04/2025 07:27
93,2025-07,13550,07/04/2025 08:31
93,2025-08,10700,18/04/2025 12:19
93,2025-09,17100,01/04/2025 12:07
93,2025-10,15700,11/04/2025 20:38
93,2025-11,14250,02/04/2025 18:28
93,2025-12,10000,18/04/2025 07:45
93,2026-01,17800,03/04/2025 17:09
93,2026-02,16400,08/04/2025 14:41
93,2026-03,15700,05/04/2025 20:48
93,2026-04,14950,09/04/2026 15:27
93,2026-05,14950,05/04/2026 11:13
93,2026-06,15700,13/04/2026 07:46
93,2026-07,14200,17/04/2026 13:08
93,2026-08,11200,21/04/2026 19:16
93,2026-09,17950,04/04/2026 09:28
94,2023-10,4250,05/04/2023 08:35
94,2023-11,3900,21/04/2023 15:37
94,2023-12,2700,19/04/2023 20:16
94,2024-01,4850,01/04/2023 16:47
94,2024-02,4450,06/04/2023 10:17
94,2024-03,4250,17/04/2023 08:24
94,2024-04,4050,21/04/2024 20:13
94,2024-05,4050,04/04/2024 14:59
94,2024-06,4300,02/04/2024 20:14
94,2024-07,3850,20/04/2024 11:55
94,2024-08,7150,05/04/2024 11:40
94,2024-09,11400,19/04/2024 13:49
94,2024-10,10450,07/04/2024 19:04
94,2024-11,9500,15/04/2024 09:56
94,2024-12,6650,05/04/2024 12:31
94,2025-01,11900,10/04/2024 14:56
94,2025-02,15600,19/04/2024 10:24
94,2025-03,14950,08/04/2024 16:46
94,2025-04,14250,13/04/2025 12:03
94,2025-05,14250,06/04/2025 10:00
94,2025-06,14950,09/04/2025 09:02
94,2025-07,13550,18/04/2025 20:37
94,2025-08,10700,03/04/2025 09:46
94,2025-09,17100,11/04/2025 14:10
94,2025-10,15700,17/04/2025 10:39
94,2025-11,14250,13/04/2025 17:20
94,2025-12,10000,13/04/2025 11:28
94,2026-01,17800,20/04/2025 10:45
94,2026-02,16400,05/04/2025 19:19
94,2026-03,15700,05/04/2025 16:34
94,2026-04,14950,08/04/2026 13:26
94,2026-05,14950,16/04/2026 14:21
94,2026-06,15700,02/04/2026 14:52
94,2026-07,14200,07/04/2026 18:40
94,2026-08,11200,01/04/2026 11:34
94,2026-09,17950,11/04/2026 19:25
95,2024-08,3050,05/04/2024 10:31
95,2024-09,4900,06/04/2024 08:37
95,2024-10,4500,07/04/2024 15:00
95,2024-11,4050,11/04/2024 08:00
95,2024-12,2850,01/04/2024 14:20
95,2025-01,5100,06/04/2024 15:40
95,2025-02,4700,19/04/2024 12:22
95,2025-03,4500,18/04/2024 19:38
95,2025-04,4300,11/04/2025 10:17
95,2025-05,10000,11/04/2025 18:23
95,2025-06,10500,13/04/2025 13:46
95,2025-07,9500,10/04/2025 15:40
95,2025-08,7500,13/04/2025 18:50
95,2025-09,11950,14/04/2025 09:16
95,2025-10,10950,21/04/2025 17:11
95,2025-11,14250,08/04/2025 07:20
95,2025-12,10000,13/04/2025 13:11
95,2026-01,17800,03/04/2025 19:26
95,2026-02,16400,01/04/2025 18:30
95,2026-03,15700,14/04/2025 12:29
95,2026-04,14950,07/04/2026 18:11
95,2026-05,14950,09/04/2026 19:45
95,2026-06,15700,02/04/2026 13:08
95,2026-07,14200,13/04/2026 11:38
95,2026-08,11200,01/04/2026 17:07
95,2026-09,17950,20/04/2026 08:12
96,2025-10,4700,05/04/2025 15:12
96,2025-11,4300,09/04/2025 11:10
96,2025-12,3000,17/04/2025 20:01
96,2026-01,5350,03/04/2025 08:31
96,2026-02,4900,14/04/2025 09:26
96,2026-03,4700,21/04/2025 18:14
96,2026-04,4500,09/04/2026 09:46
96,2026-05,4500,10/04/2026 09:07
96,2026-06,4700,08/04/2026 18:42
96,2026-07,9950,16/04/2026 13:38
96,2026-08,7850,13/04/2026 14:22
96,2026-09,12550,20/04/2026 14:59
97,2023-04,7350,04/04/2023 14:35
97,2023-05,7350,03/04/2023 10:37
97,2023-06,7750,10/04/2023 15:56
97,2023-07,7000,12/04/2023 19:33
97,2023-08,5550,01/04/2023 16:21
97,2023-09,8850,09/04/2023 18:29
97,2023-10,8100,02/04/2023 12:17
97,2023-11,7350,04/04/2023 18:55
97,2023-12,5150,01/04/2023 15:56
97,2024-01,9200,19/04/2023 17:39
97,2024-02,8500,15/04/2023 17:29
97,2024-03,8100,12/04/2023 19:54
97,2024-04,7750,06/04/2024 09:44
97,2024-05,7750,09/04/2024 15:03
97,2024-06,8150,21/04/2024 13:36
97,2024-07,7350,04/04/2024 13:17
97,2024-08,5800,06/04/2024 08:18
97,2024-09,9300,11/04/2024 19:47
97,2024-10,8500,15/04/2024 08:46
97,2024-11,7750,04/04/2024 07:18
97,2024-12,5400,17/04/2024 09:21
97,2025-01,9650,09/04/2024 09:28
97,2025-02,8900,06/04/2024 08:47
97,2025-03,8500,16/04/2024 13:02
97,2025-04,8150,12/04/2025 19:01
97,2025-05,8150,05/04/2025 14:24
97,2025-06,8550,15/04/2025 18:20
97,2025-07,7700,16/04/2025 12:10
97,2025-08,6100,20/04/2025 08:03
97,2025-09,9750,01/04/2025 19:10
97,2025-10,8950,19/04/2025 14:52
97,2025-11,8150,03/04/2025 16:04
97,2025-12,5700,08/04/2025 08:04
97,2026-01,10150,14/04/2025 12:14
97,2026-02,9350,15/04/2025 16:09
97,2026-03,8950,04/04/2025 10:45
97,2026-04,8550,10/04/2026 18:07
97,2026-05,8550,19/04/2026 08:52
97,2026-06,8950,10/04/2026 10:19
97,2026-07,8100,15/04/2026 20:42
97,2026-08,6400,01/04/2026 09:30
97,2026-09,10250,18/04/2026 16:14
98,2023-04,10550,20/04/2023 08:05
98,2023-05,10550,10/04/2023 08:06
98,2023-06,11050,21/04/2023 15:11
98,2023-07,10000,04/04/2023 11:38
98,2023-08,7900,11/04/2023 14:48
98,2023-09,12650,06/04/2023 09:13
98,2023-10,11600,11/04/2023 19:44
98,2023-11,10550,19/04/2023 08:46
98,2023-12,7350,01/04/2023 16:04
98,2024-01,13150,05/04/2023 13:30
98,2024-02,12100,19/04/2023 18:20
98,2024-03,11600,18/04/2023 13:35
98,2024-04,11050,11/04/2024 10:07
98,2024-05,11050,02/04/2024 19:45
98,2024-06,11600,21/04/2024 08:09
98,2024-07,10500,04/04/2024 08:13
98,2024-08,8300,20/04/2024 11:11
98,2024-09,13250,17/04/2024 18:14
98,2024-10,12150,06/04/2024 07:05
98,2024-11,11050,11/04/2024 20:44
98,2024-12,7750,06/04/2024 07:40
98,2025-01,13800,16/04/2024 10:29
98,2025-02,12700,09/04/2024 19:02
98,2025-03,12150,09/04/2024 09:22
98,2025-04,11600,15/04/2025 11:26
98,2025-05,11600,19/04/2025 10:45
98,2025-06,12200,20/04/2025 14:19
98,2025-07,11050,03/04/2025 14:47
98,2025-08,8700,20/04/2025 17:25
98,2025-09,13950,12/04/2025 13:45
98,2025-10,12750,09/04/2025 15:31
98,2025-11,11600,20/04/2025 14:53
98,2025-12,8150,18/04/2025 15:03
99,2023-04,10550,05/04/2023 14:02
99,2023-05,10550,08/04/2023 12:49
99,2023-06,11050,04/04/2023 17:39
99,2023-07,10000,19/04/2023 07:18
99,2023-08,7900,19/04/2023 15:00
99,2023-09,12650,09/04/2023 16:40
99,2023-10,11600,09/04/2023 07:24
99,2023-11,10550,15/04/2023 16:34
99,2023-12,7350,04/04/2023 13:06
99,2024-01,13150,18/04/2023 15:54
99,2024-02,12100,04/04/2023 15:45
99,2024-03,11600,13/04/2023 07:13
99,2024-04,11050,13/04/2024 19:16
99,2024-05,11050,07/04/2024 13:04
99,2024-06,11600,10/04/2024 18:31
99,2024-07,10500,16/04/2024 19:13
99,2024-08,8300,13/04/2024 19:06
99,2024-09,13250,16/04/2024 08:26
99,2024-10,12150,07/04/2024 07:06
99,2024-11,11050,09/04/2024 16:09
99,2024-12,7750,17/04/2024 13:21
99,2025-01,13800,06/04/2024 11:45
99,2025-02,12700,05/04/2024 15:25
99,2025-03,12150,15/04/2024 20:59
99,2025-04,11600,21/04/2025 19:06
99,2025-05,11600,13/04/2025 10:37
99,2025-06,12200,05/04/2025 14:44
99,2025-07,11050,21/04/2025 14:59
99,2025-08,8700,17/04/2025 16:30
99,2025-09,13950,19/04/2025 10:56
99,2025-10,12750,05/04/2025 07:35
99,2025-11,11600,01/04/2025 12:34
99,2025-12,8150,05/04/2025 08:28
99,2026-01,14500,14/04/2025 08:10
99,2026-02,13350,06/04/2025 20:59
99,2026-03,12750,13/04/2025 15:50
99,2026-04,12200,01/04/2026 07:28
99,2026-05,12200,06/04/2026 12:42
99,2026-06,12800,05/04/2026 10:19
99,2026-07,11600,17/04/2026 19:31
99,2026-08,9150,18/04/2026 07:52
99,2026-09,14650,02/04/2026 14:07
100,2023-04,10550,20/04/2023 10:03
100,2023-05,10550,10/04/2023 14:46
100,2023-06,11050,18/04/2023 12:31
100,2023-07,10000,11/04/2023 20:20
100,2023-08,7900,19/04/2023 16:05
100,2023-09,12650,15/04/2023 17:29
100,2023-10,11600,05/04/2023 15:42
100,2023-11,10550,01/04/2023 16:13
100,2023-12,7350,07/04/2023 13:42
100,2024-01,13150,03/04/2023 19:11
100,2024-02,12100,20/04/2023 17:23
100,2024-03,11600,08/04/2023 16:43
100,2024-04,11050,11/04/2024 17:29
100,2024-05,11050,09/04/2024 10:02
100,2024-06,11600,11/04/2024 11:23
100,2024-07,10500,10/04/2024 07:00
100,2024-08,8300,12/04/2024 09:32
100,2024-09,13250,12/04/2024 16:57
100,2024-10,12150,19/04/2024 14:10
100,2024-11,11050,08/04/2024 12:46
100,2024-12,7750,11/04/2024 16:24
100,2025-01,13800,15/04/2024 10:38
100,2025-02,12700,11/04/2024 17:08
100,2025-03,12150,05/04/2024 18:23
100,2025-04,11600,21/04/2025 15:12
100,2025-05,11600,01/04/2025 18:48
100,2025-06,12200,17/04/2025 16:31
100,2025-07,11050,11/04/2025 10:18
100,2025-08,8700,01/04/2025 17:37
100,2025-09,13950,01/04/2025 15:22
100,2025-10,12750,17/04/2025 11:33
100,2025-11,11600,13/04/2025 17:55
100,2025-12,8150,08/04/2025 19:16
100,2026-01,14500,14/04/2025 15:50
100,2026-02,13350,13/04/2025 14:16
100,2026-03,12750,10/04/2025 16:01
100,2026-04,12200,15/04/2026 20:17
100,2026-05,12200,16/04/2026 14:51
100,2026-06,12800,15/04/2026 07:17
100,2026-07,11600,16/04/2026 13:42
100,2026-08,9150,05/04/2026 08:55
100,2026-09,14650,09/04/2026 19:55
101,2023-04,10550,18/04/2023 12:38
101,2023-05,10550,11/04/2023 07:57
101,2023-06,11050,10/04/2023 20:05
101,2023-07,10000,02/04/2023 13:18
101,2023-08,7900,01/04/2023 16:53
101,2023-09,12650,21/04/2023 09:27
101,2023-10,11600,10/04/2023 20:32
101,2023-11,10550,17/04/2023 09:04
101,2023-12,7350,11/04/2023 16:18
101,2024-01,13150,07/04/2023 15:26
101,2024-02,12100,06/04/2023 13:50
101,2024-03,11600,09/04/2023 16:22
101,2024-04,11050,05/04/2024 07:04
101,2024-05,11050,15/04/2024 18:00
101,2024-06,11600,02/04/2024 15:35
101,2024-07,10500,12/04/2024 17:38
101,2024-08,8300,13/04/2024 10:19
101,2024-09,13250,04/04/2024 17:22
101,2024-10,12150,04/04/2024 09:20
101,2024-11,11050,04/04/2024 18:40
101,2024-12,7750,15/04/2024 19:44
101,2025-01,13800,07/04/2024 19:12
101,2025-02,12700,18/04/2024 19:34
101,2025-03,12150,10/04/2024 15:00
101,2025-04,11600,03/04/2025 17:38
101,2025-05,11600,13/04/2025 10:28
101,2025-06,12200,20/04/2025 15:56
101,2025-07,11050,06/04/2025 12:01
102,2023-10,3450,14/04/2023 15:12
102,2023-11,3150,13/04/2023 11:54
102,2023-12,2200,07/04/2023 17:35
102,2024-01,3950,20/04/2023 09:03
102,2024-02,3650,03/04/2023 12:33
102,2024-03,3450,19/04/2023 11:31
102,2024-04,3300,03/04/2024 09:30
102,2024-05,3300,19/04/2024 13:21
102,2024-06,3500,06/04/2024 20:08
102,2024-07,7350,09/04/2024 07:12
102,2024-08,5800,11/04/2024 18:05
102,2024-09,9300,15/04/2024 19:55
102,2024-10,8500,18/04/2024 15:28
102,2024-11,7750,10/04/2024 17:52
102,2024-12,5400,04/04/2024 18:03
102,2025-01,13800,13/04/2024 15:48
102,2025-02,12700,08/04/2024 17:02
102,2025-03,12150,15/04/2024 20:25
102,2025-04,11600,18/04/2025 09:50
102,2025-05,11600,03/04/2025 20:24
102,2025-06,12200,19/04/2025 07:58
102,2025-07,11050,11/04/2025 08:26
102,2025-08,8700,05/04/2025 07:15
102,2025-09,13950,21/04/2025 19:46
102,2025-10,12750,12/04/2025 20:53
102,2025-11,11600,02/04/2025 20:53
102,2025-12,8150,09/04/2025 14:25
102,2026-01,14500,13/04/2025 19:31
102,2026-02,13350,10/04/2025 20:57
102,2026-03,12750,06/04/2025 08:52
102,2026-04,12200,18/04/2026 18:12
102,2026-05,12200,13/04/2026 08:17
102,2026-06,12800,15/04/2026 08:24
102,2026-07,11600,21/04/2026 16:15
102,2026-08,9150,06/04/2026 10:30
102,2026-09,14650,03/04/2026 18:38
103,2025-07,3300,17/04/2025 17:32
103,2025-08,2600,13/04/2025 10:41
103,2025-09,4200,11/04/2025 16:15
103,2025-10,3850,13/04/2025 20:50
103,2025-11,3500,07/04/2025 14:42
103,2025-12,2450,20/04/2025 14:16
103,2026-01,4350,05/04/2025 20:49
103,2026-02,4000,04/04/2025 11:12
103,2026-03,3850,10/04/2025 14:04
103,2026-04,8550,13/04/2026 12:00
103,2026-05,8550,01/04/2026 12:31
103,2026-06,8950,04/04/2026 19:15
103,2026-07,8100,06/04/2026 07:59
103,2026-08,6400,16/04/2026 20:38
103,2026-09,10250,05/04/2026 09:43
104,2025-10,3850,19/04/2025 15:40
104,2025-11,3500,06/04/2025 12:00
104,2025-12,2450,05/04/2025 13:59
104,2026-01,4350,04/04/2025 15:11
104,2026-02,4000,21/04/2025 17:16
104,2026-03,3850,01/04/2025 16:24
104,2026-04,3650,11/04/2026 07:19
104,2026-05,3650,04/04/2026 18:06
104,2026-06,3850,01/04/2026 16:10
104,2026-07,8100,06/04/2026 18:50
104,2026-08,6400,12/04/2026 12:07
104,2026-09,10250,06/04/2026 10:13
105,2025-12,2450,10/04/2025 07:18
105,2026-01,4350,10/04/2025 09:07
105,2026-02,4000,07/04/2025 15:14
105,2026-03,3850,03/04/2025 18:36
105,2026-04,3650,04/04/2026 20:23
105,2026-05,3650,13/04/2026 15:05
105,2026-06,3850,18/04/2026 11:07
105,2026-07,3450,21/04/2026 15:08
105,2026-08,2750,09/04/2026 07:08
105,2026-09,10250,21/04/2026 14:04
106,2023-04,7450,14/04/2023 15:09
106,2023-05,7450,03/04/2023 08:58
106,2023-06,7850,14/04/2023 16:56
106,2023-07,7100,14/04/2023 10:51
106,2023-08,5600,20/04/2023 15:42
106,2023-09,8950,01/04/2023 10:28
106,2023-10,8200,15/04/2023 08:17
106,2023-11,7450,20/04/2023 12:10
106,2023-12,5250,06/04/2023 20:06
106,2024-01,9350,16/04/2023 09:46
106,2024-02,8600,17/04/2023 14:44
106,2024-03,8200,19/04/2023 19:49
106,2024-04,7850,19/04/2024 07:15
106,2024-05,7850,11/04/2024 09:02
106,2024-06,8250,01/04/2024 09:25
106,2024-07,7450,06/04/2024 14:41
106,2024-08,5900,06/04/2024 16:58
106,2024-09,9400,03/04/2024 17:58
106,2024-10,8600,02/04/2024 07:35
106,2024-11,7850,09/04/2024 20:48
106,2024-12,5500,12/04/2024 17:19
106,2025-01,9800,16/04/2024 15:58
106,2025-02,9000,05/04/2024 18:28
106,2025-03,8600,06/04/2024 12:36
106,2025-04,8250,14/04/2025 11:32
106,2025-05,8250,02/04/2025 11:31
106,2025-06,8650,08/04/2025 07:37
106,2025-07,7800,10/04/2025 07:37
106,2025-08,6150,01/04/2025 14:47
106,2025-09,9900,08/04/2025 15:28
106,2025-10,9050,08/04/2025 19:36
106,2025-11,8250,06/04/2025 11:14
106,2025-12,5750,11/04/2025 08:41
106,2026-01,10300,21/04/2025 19:02
106,2026-02,9450,11/04/2025 15:13
106,2026-03,9050,11/04/2025 18:48
106,2026-04,8650,18/04/2026 09:55
106,2026-05,8650,20/04/2026 13:25
106,2026-06,9050,02/04/2026 07:18
106,2026-07,8200,17/04/2026 17:26
106,2026-08,6500,03/04/2026 13:55
106,2026-09,10350,19/04/2026 14:50
107,2023-04,7450,04/04/2023 18:53
107,2023-05,7450,04/04/2023 12:22
107,2023-06,7850,18/04/2023 16:06
107,2023-07,10150,15/04/2023 08:36
107,2023-08,8000,08/04/2023 16:09
107,2023-09,12800,16/04/2023 17:44
107,2023-10,11750,11/04/2023 07:36
107,2023-11,10650,20/04/2023 15:10
107,2023-12,7450,21/04/2023 20:23
107,2024-01,13350,09/04/2023 13:40
107,2024-02,12250,21/04/2023 09:00
107,2024-03,11750,20/04/2023 19:15
107,2024-04,11200,21/04/2024 18:44
107,2024-05,11200,05/04/2024 17:54
107,2024-06,11750,21/04/2024 15:50
107,2024-07,10650,05/04/2024 11:32
107,2024-08,8400,19/04/2024 20:41
107,2024-09,13450,14/04/2024 07:56
107,2024-10,12300,18/04/2024 15:03
107,2024-11,11200,02/04/2024 07:22
107,2024-12,7850,02/04/2024 17:36
107,2025-01,14000,07/04/2024 09:23
107,2025-02,12900,08/04/2024 08:15
107,2025-03,12300,15/04/2024 17:14
107,2025-04,11750,10/04/2025 17:48
107,2025-05,11750,10/04/2025 15:36
107,2025-06,12350,13/04/2025 13:43
107,2025-07,11150,11/04/2025 07:45
107,2025-08,8800,07/04/2025 13:01
107,2025-09,14100,16/04/2025 10:23
107,2025-10,12950,19/04/2025 13:22
107,2025-11,11750,03/04/2025 17:30
107,2025-12,8250,07/04/2025 15:53
107,2026-01,14700,14/04/2025 07:29
108,2023-04,10650,20/04/2023 09:18
108,2023-05,10650,19/04/2023 20:28
108,2023-06,11200,16/04/2023 14:38
108,2023-07,10150,09/04/2023 20:35
108,2023-08,8000,01/04/2023 12:12
108,2023-09,12800,07/04/2023 18:44
108,2023-10,11750,15/04/2023 09:32
108,2023-11,10650,19/04/2023 10:35
108,2023-12,7450,04/04/2023 17:29
108,2024-01,13350,04/04/2023 16:53
108,2024-02,12250,10/04/2023 19:04
108,2024-03,11750,15/04/2023 08:47
108,2024-04,11200,06/04/2024 09:40
108,2024-05,11200,01/04/2024 10:35
108,2024-06,11750,19/04/2024 15:23
108,2024-07,10650,01/04/2024 12:56
108,2024-08,8400,12/04/2024 10:53
108,2024-09,13450,16/04/2024 16:58
108,2024-10,12300,19/04/2024 13:41
108,2024-11,11200,21/04/2024 12:43
108,2024-12,7850,13/04/2024 08:36
108,2025-01,14000,17/04/2024 15:01
108,2025-02,12900,19/04/2024 08:57
108,2025-03,12300,05/04/2024 08:01
108,2025-04,11750,04/04/2025 20:04
108,2025-05,11750,11/04/2025 12:11
108,2025-06,12350,16/04/2025 14:32
108,2025-07,11150,06/04/2025 12:51
108,2025-08,8800,20/04/2025 18:28
108,2025-09,14100,14/04/2025 20:32
108,2025-10,12950,09/04/2025 12:10
108,2025-11,11750,20/04/2025 13:47
108,2025-12,8250,02/04/2025 18:58
108,2026-01,14700,20/04/2025 09:23
108,2026-02,13500,08/04/2025 10:10
108,2026-03,12950,10/04/2025 17:45
108,2026-04,12350,11/04/2026 14:15
108,2026-05,12350,05/04/2026 15:03
108,2026-06,12950,19/04/2026 08:38
108,2026-07,11750,10/04/2026 15:45
108,2026-08,9250,02/04/2026 14:58
108,2026-09,14800,02/04/2026 16:40
109,2023-04,10650,06/04/2023 20:13
109,2023-05,10650,08/04/2023 18:02
109,2023-06,11200,01/04/2023 20:17
109,2023-07,10150,09/04/2023 08:16
109,2023-08,8000,08/04/2023 16:01
110,2023-04,10650,14/04/2023 18:05
110,2023-05,10650,02/04/2023 14:55
110,2023-06,11200,15/04/2023 08:12
110,2023-07,10150,10/04/2023 19:13
110,2023-08,8000,16/04/2023 19:13
110,2023-09,12800,05/04/2023 07:00
110,2023-10,11750,21/04/2023 20:30
110,2023-11,10650,07/04/2023 15:52
110,2023-12,7450,04/04/2023 20:45
110,2024-01,13350,07/04/2023 12:18
110,2024-02,12250,09/04/2023 09:08
111,2023-04,7450,01/04/2023 12:45
111,2023-05,7450,20/04/2023 15:19
111,2023-06,7850,17/04/2023 19:45
111,2023-07,10150,11/04/2023 08:44
111,2023-08,8000,14/04/2023 18:52
111,2023-09,12800,08/04/2023 19:44
111,2023-10,11750,04/04/2023 12:34
111,2023-11,10650,17/04/2023 09:50
111,2023-12,7450,09/04/2023 12:19
111,2024-01,13350,17/04/2023 14:13
111,2024-02,12250,16/04/2023 10:42
111,2024-03,11750,20/04/2023 18:16
111,2024-04,11200,14/04/2024 20:29
111,2024-05,11200,18/04/2024 17:32
111,2024-06,11750,15/04/2024 18:57
111,2024-07,10650,13/04/2024 07:43
111,2024-08,8400,05/04/2024 09:20
111,2024-09,13450,04/04/2024 07:29
111,2024-10,12300,15/04/2024 07:57
111,2024-11,11200,20/04/2024 17:53
111,2024-12,7850,01/04/2024 12:25
111,2025-01,14000,08/04/2024 13:39
111,2025-02,12900,12/04/2024 07:21
111,2025-03,12300,21/04/2024 10:03
111,2025-04,11750,01/04/2025 15:35
111,2025-05,11750,09/04/2025 10:23
111,2025-06,12350,09/04/2025 10:29
111,2025-07,11150,16/04/2025 16:35
111,2025-08,8800,11/04/2025 08:31
112,2023-06,3350,11/04/2023 07:15
112,2023-07,3050,01/04/2023 18:27
112,2023-08,2400,19/04/2023 08:03
112,2023-09,3850,15/04/2023 13:53
112,2023-10,3500,12/04/2023 13:20
112,2023-11,3200,20/04/2023 12:11
112,2023-12,2250,08/04/2023 12:20
112,2024-01,4000,06/04/2023 17:19
112,2024-02,3700,17/04/2023 07:16
112,2024-03,8200,13/04/2023 07:46
112,2024-04,7850,05/04/2024 10:47
112,2024-05,7850,02/04/2024 15:58
112,2024-06,8250,20/04/2024 11:56
112,2024-07,7450,02/04/2024 13:05
112,2024-08,5900,11/04/2024 20:00
112,2024-09,13450,17/04/2024 12:05
112,2024-10,12300,18/04/2024 12:17
112,2024-11,11200,05/04/2024 20:39
112,2024-12,7850,20/04/2024 17:06
112,2025-01,14000,10/04/2024 13:01
112,2025-02,12900,04/04/2024 15:02
112,2025-03,12300,03/04/2024 18:43
112,2025-04,11750,20/04/2025 19:00
112,2025-05,11750,07/04/2025 12:06
112,2025-06,12350,18/04/2025 08:11
112,2025-07,11150,10/04/2025 13:11
112,2025-08,8800,17/04/2025 16:14
112,2025-09,14100,02/04/2025 09:20
112,2025-10,12950,08/04/2025 09:56
113,2023-08,2400,09/04/2023 13:39
113,2023-09,3850,11/04/2023 18:53
114,2023-09,3850,16/04/2023 14:09
114,2023-10,3500,09/04/2023 10:55
114,2023-11,3200,12/04/2023 07:14
114,2023-12,2250,16/04/2023 08:45
114,2024-01,4000,07/04/2023 08:57
114,2024-02,3700,17/04/2023 19:59
114,2024-03,3500,01/04/2023 09:30
114,2024-04,3350,10/04/2024 19:28
114,2024-05,3350,06/04/2024 08:40
114,2024-06,8250,21/04/2024 12:18
114,2024-07,7450,12/04/2024 09:06
114,2024-08,5900,17/04/2024 15:46
114,2024-09,9400,09/04/2024 11:05
114,2024-10,8600,10/04/2024 10:45
114,2024-11,7850,02/04/2024 17:40
114,2024-12,7850,03/04/2024 16:13
114,2025-01,14000,08/04/2024 09:14
114,2025-02,12900,15/04/2024 15:56
114,2025-03,12300,11/04/2024 10:48
114,2025-04,11750,14/04/2025 15:11
114,2025-05,11750,20/04/2025 13:33
114,2025-06,12350,15/04/2025 10:39
114,2025-07,11150,19/04/2025 19:33
114,2025-08,8800,14/04/2025 10:31
114,2025-09,14100,03/04/2025 16:52
114,2025-10,12950,03/04/2025 16:30
114,2025-11,11750,11/04/2025 08:58
114,2025-12,8250,07/04/2025 19:40
114,2026-01,14700,12/04/2025 09:56
114,2026-02,13500,14/04/2025 18:54
114,2026-03,12950,10/04/2025 14:48
114,2026-04,12350,12/04/2026 12:14
114,2026-05,12350,12/04/2026 19:25
114,2026-06,12950,06/04/2026 11:02
114,2026-07,11750,15/04/2026 14:21
114,2026-08,9250,08/04/2026 18:55
114,2026-09,14800,16/04/2026 12:11
115,2024-02,3700,03/04/2023 09:19
115,2024-03,3500,10/04/2023 13:17
115,2024-04,3350,14/04/2024 17:37
115,2024-05,3350,11/04/2024 11:32
115,2024-06,3550,20/04/2024 14:14
115,2024-07,3200,17/04/2024 07:55
115,2024-08,2500,11/04/2024 20:25
115,2024-09,4050,10/04/2024 18:46
115,2024-10,3700,19/04/2024 10:22
115,2024-11,3350,06/04/2024 11:37
115,2024-12,5500,06/04/2024 14:25
115,2025-01,9800,21/04/2024 20:40
115,2025-02,9000,20/04/2024 12:07
115,2025-03,8600,20/04/2024 07:59
115,2025-04,8250,16/04/2025 10:11
115,2025-05,8250,16/04/2025 11:45
115,2025-06,12350,09/04/2025 20:01
115,2025-07,11150,15/04/2025 17:38
115,2025-08,8800,20/04/2025 09:00
115,2025-09,14100,20/04/2025 13:05
115,2025-10,12950,10/04/2025 16:38
115,2025-11,11750,02/04/2025 15:59
115,2025-12,8250,01/04/2025 16:43
115,2026-01,14700,04/04/2025 11:47
115,2026-02,13500,15/04/2025 14:43
115,2026-03,12950,14/04/2025 08:18
115,2026-04,12350,10/04/2026 17:49
115,2026-05,12350,16/04/2026 14:20
115,2026-06,12950,18/04/2026 18:11
115,2026-07,11750,03/04/2026 16:08
115,2026-08,9250,05/04/2026 15:58
115,2026-09,14800,14/04/2026 09:27
116,2024-10,3700,16/04/2024 16:26
116,2024-11,3350,01/04/2024 08:14
116,2024-12,2350,17/04/2024 12:57
116,2025-01,4200,01/04/2024 17:40
116,2025-02,3850,20/04/2024 08:30
116,2025-03,3700,17/04/2024 17:47
116,2025-04,3550,16/04/2025 15:19
116,2025-05,3550,10/04/2025 14:47
116,2025-06,3700,04/04/2025 12:49
116,2025-07,7800,13/04/2025 15:24
116,2025-08,6150,09/04/2025 10:47
116,2025-09,9900,07/04/2025 18:37
116,2025-10,9050,18/04/2025 16:16
116,2025-11,8250,12/04/2025 14:26
116,2025-12,5750,16/04/2025 11:08
116,2026-01,14700,09/04/2025 15:26
116,2026-02,13500,11/04/2025 08:02
116,2026-03,12950,01/04/2025 20:33
116,2026-04,12350,08/04/2026 20:14
116,2026-05,12350,04/04/2026 14:49
116,2026-06,12950,14/04/2026 07:50
116,2026-07,11750,15/04/2026 14:32
116,2026-08,9250,19/04/2026 18:57
116,2026-09,14800,06/04/2026 19:09
117,2025-08,2650,14/04/2025 08:27
117,2025-09,4250,12/04/2025 20:07
117,2025-10,3900,12/04/2025 19:12
117,2025-11,3550,07/04/2025 20:16
117,2025-12,2450,21/04/2025 13:48
117,2026-01,4400,07/04/2025 14:09
117,2026-02,4050,07/04/2025 15:12
117,2026-03,3900,14/04/2025 10:24
117,2026-04,3700,19/04/2026 15:23
117,2026-05,3700,05/04/2026 12:14
117,2026-06,9050,18/04/2026 09:37
117,2026-07,8200,15/04/2026 17:17
117,2026-08,6500,15/04/2026 16:00
117,2026-09,10350,05/04/2026 09:08
118,2025-10,3900,13/04/2025 19:36
118,2025-11,3550,09/04/2025 16:06
118,2025-12,2450,07/04/2025 13:21
118,2026-01,4400,14/04/2025 12:22
118,2026-02,4050,20/04/2025 10:44
118,2026-03,3900,01/04/2025 07:17
118,2026-04,3700,21/04/2026 18:36
118,2026-05,3700,14/04/2026 07:01
118,2026-06,3900,20/04/2026 10:34
118,2026-07,3500,14/04/2026 08:32
118,2026-08,6500,05/04/2026 08:08
118,2026-09,10350,16/04/2026 16:54
119,2026-01,4400,06/04/2025 11:18
119,2026-02,4050,08/04/2025 14:22
119,2026-03,3900,20/04/2025 15:14
119,2026-04,3700,02/04/2026 18:32
119,2026-05,3700,20/04/2026 18:46
119,2026-06,3900,02/04/2026 16:59
119,2026-07,3500,10/04/2026 12:16
119,2026-08,2800,14/04/2026 09:25
119,2026-09,4450,11/04/2026 18:48
120,2026-02,4050,06/04/2025 14:59
120,2026-03,3900,08/04/2025 09:01
120,2026-04,3700,08/04/2026 07:08
120,2026-05,3700,14/04/2026 13:18
120,2026-06,3900,14/04/2026 20:08
120,2026-07,3500,08/04/2026 13:35
120,2026-08,2800,20/04/2026 20:41
120,2026-09,4450,20/04/2026 09:58
121,2023-04,6650,13/04/2023 12:07
121,2023-05,6650,18/04/2023 14:47
121,2023-06,7000,17/04/2023 14:59
121,2023-07,6350,18/04/2023 09:14
121,2023-08,5000,07/04/2023 12:43
121,2023-09,8000,03/04/2023 18:58
121,2023-10,7350,15/04/2023 14:23
121,2023-11,6650,03/04/2023 19:54
121,2023-12,4650,20/04/2023 19:19
121,2024-01,8350,03/04/2023 10:21
121,2024-02,7650,19/04/2023 13:11
121,2024-03,7350,13/04/2023 14:38
121,2024-04,7000,04/04/2024 07:39
121,2024-05,7000,18/04/2024 09:52
121,2024-06,7350,01/04/2024 12:24
121,2024-07,6650,04/04/2024 19:15
121,2024-08,5250,10/04/2024 09:34
121,2024-09,8400,19/04/2024 09:17
121,2024-10,7700,21/04/2024 10:38
121,2024-11,7000,07/04/2024 17:47
121,2024-12,4900,02/04/2024 07:12
121,2025-01,8750,04/04/2024 20:44
121,2025-02,8050,17/04/2024 12:05
121,2025-03,7700,01/04/2024 08:56
121,2025-04,7350,02/04/2025 17:01
121,2025-05,7350,11/04/2025 20:24
121,2025-06,7700,07/04/2025 18:15
121,2025-07,7000,04/04/2025 10:13
121,2025-08,5500,11/04/2025 18:49
121,2025-09,8800,04/04/2025 20:03
121,2025-10,8100,06/04/2025 14:56
121,2025-11,7350,07/04/2025 16:04
121,2025-12,5150,12/04/2025 19:50
121,2026-01,9200,12/04/2025 07:27
121,2026-02,8450,18/04/2025 19:41
121,2026-03,8100,10/04/2025 17:59
121,2026-04,7700,01/04/2026 11:17
121,2026-05,7700,01/04/2026 19:10
121,2026-06,8100,04/04/2026 12:59
121,2026-07,7350,11/04/2026 16:05
121,2026-08,5800,06/04/2026 20:43
121,2026-09,9250,06/04/2026 08:31
122,2023-04,9500,21/04/2023 16:23
122,2023-05,9500,05/04/2023 19:23
122,2023-06,10000,16/04/2023 18:15
122,2023-07,9050,02/04/2023 12:57
122,2023-08,7150,01/04/2023 09:17
122,2023-09,11400,19/04/2023 07:26
122,2023-10,10450,07/04/2023 14:19
122,2023-11,9500,21/04/2023 07:57
122,2023-12,6650,11/04/2023 16:02
122,2024-01,11900,08/04/2023 18:36
122,2024-02,10950,04/04/2023 11:27
122,2024-03,10450,14/04/2023 08:44
122,2024-04,10000,06/04/2024 17:44
122,2024-05,10000,20/04/2024 14:50
122,2024-06,10500,13/04/2024 07:23
122,2024-07,9500,05/04/2024 09:28
122,2024-08,7500,07/04/2024 18:37
122,2024-09,12000,17/04/2024 09:07
122,2024-10,11000,11/04/2024 09:56
122,2024-11,10000,15/04/2024 09:13
123,2023-04,9500,21/04/2023 11:31
123,2023-05,9500,20/04/2023 15:54
123,2023-06,10000,11/04/2023 19:46
123,2023-07,9050,05/04/2023 14:50
123,2023-08,7150,02/04/2023 11:03
123,2023-09,11400,01/04/2023 14:11
123,2023-10,10450,18/04/2023 15:45
123,2023-11,9500,09/04/2023 15:38
123,2023-12,6650,14/04/2023 09:13
123,2024-01,11900,16/04/2023 20:18
123,2024-02,10950,05/04/2023 19:33
123,2024-03,10450,21/04/2023 13:11
123,2024-04,10000,10/04/2024 14:41
123,2024-05,10000,11/04/2024 10:31
123,2024-06,10500,01/04/2024 14:11
123,2024-07,9500,08/04/2024 20:18
123,2024-08,7500,06/04/2024 10:58
123,2024-09,12000,01/04/2024 18:07
123,2024-10,11000,05/04/2024 11:44
123,2024-11,10000,04/04/2024 11:07
123,2024-12,7000,01/04/2024 07:28
123,2025-01,12500,08/04/2024 13:29
123,2025-02,11500,19/04/2024 11:02
123,2025-03,11000,03/04/2024 15:07
123,2025-04,10500,15/04/2025 12:30
123,2025-05,10500,05/04/2025 08:01
123,2025-06,11000,12/04/2025 19:41
123,2025-07,9950,09/04/2025 20:01
123,2025-08,7850,13/04/2025 19:19
123,2025-09,12600,12/04/2025 12:37
123,2025-10,11550,17/04/2025 07:17
123,2025-11,10500,07/04/2025 17:12
123,2025-12,7350,10/04/2025 20:27
123,2026-01,13100,12/04/2025 07:43
123,2026-02,12050,15/04/2025 19:11
123,2026-03,11550,09/04/2025 12:23
123,2026-04,11000,05/04/2026 16:12
123,2026-05,11000,03/04/2026 09:29
123,2026-06,11550,18/04/2026 20:32
123,2026-07,10450,11/04/2026 19:02
123,2026-08,8250,17/04/2026 11:41
123,2026-09,13200,09/04/2026 18:52
124,2023-04,6650,02/04/2023 18:41
124,2023-05,6650,07/04/2023 13:02
124,2023-06,7000,04/04/2023 18:47
124,2023-07,6350,18/04/2023 07:08
124,2023-08,5000,12/04/2023 08:49
124,2023-09,8000,04/04/2023 07:22
124,2023-10,10450,19/04/2023 18:48
125,2023-04,9500,13/04/2023 16:52
125,2023-05,9500,13/04/2023 16:25
125,2023-06,10000,14/04/2023 16:20
125,2023-07,9050,11/04/2023 07:40
125,2023-08,7150,14/04/2023 09:50
125,2023-09,11400,15/04/2023 14:47
125,2023-10,10450,01/04/2023 10:33
125,2023-11,9500,10/04/2023 16:19
125,2023-12,6650,01/04/2023 10:37
125,2024-01,11900,08/04/2023 12:42
125,2024-02,10950,01/04/2023 15:33
125,2024-03,10450,04/04/2023 14:46
125,2024-04,10000,12/04/2024 16:28
125,2024-05,10000,05/04/2024 07:27
125,2024-06,10500,15/04/2024 18:02
125,2024-07,9500,05/04/2024 13:29
125,2024-08,7500,19/04/2024 09:56
125,2024-09,12000,10/04/2024 08:59
125,2024-10,11000,19/04/2024 15:11
125,2024-11,10000,05/04/2024 19:43
125,2024-12,7000,19/04/2024 12:48
125,2025-01,12500,17/04/2024 14:03
125,2025-02,11500,09/04/2024 11:35
125,2025-03,11000,03/04/2024 20:33
125,2025-04,10500,08/04/2025 08:34
125,2025-05,10500,16/04/2025 17:12
125,2025-06,11000,02/04/2025 15:14
125,2025-07,9950,18/04/2025 10:57
125,2025-08,7850,12/04/2025 10:53
125,2025-09,12600,03/04/2025 19:03
125,2025-10,11550,02/04/2025 17:54
125,2025-11,10500,17/04/2025 08:24
125,2025-12,7350,16/04/2025 08:16
125,2026-01,13100,21/04/2025 11:54
125,2026-02,12050,12/04/2025 14:00
125,2026-03,11550,07/04/2025 17:29
125,2026-04,11000,16/04/2026 13:14
125,2026-05,11000,21/04/2026 14:09
125,2026-06,11550,07/04/2026 16:29
125,2026-07,10450,08/04/2026 15:53
125,2026-08,8250,16/04/2026 11:48
125,2026-09,13200,01/04/2026 16:11
126,2023-04,9500,04/04/2023 07:53
126,2023-05,9500,12/04/2023 15:04
126,2023-06,10000,08/04/2023 10:59
126,2023-07,9050,06/04/2023 18:28
126,2023-08,7150,02/04/2023 19:15
126,2023-09,11400,08/04/2023 09:18
126,2023-10,10450,20/04/2023 18:56
126,2023-11,9500,19/04/2023 07:53
126,2023-12,6650,18/04/2023 19:34
126,2024-01,11900,05/04/2023 16:58
126,2024-02,10950,08/04/2023 10:46
126,2024-03,10450,02/04/2023 20:42
126,2024-04,10000,04/04/2024 08:02
126,2024-05,10000,16/04/2024 11:04
126,2024-06,10500,17/04/2024 12:39
126,2024-07,9500,05/04/2024 11:43
126,2024-08,7500,19/04/2024 19:22
126,2024-09,12000,07/04/2024 09:32
126,2024-10,11000,10/04/2024 20:53
126,2024-11,10000,12/04/2024 18:00
127,2023-10,3150,17/04/2023 07:15
127,2023-11,2850,06/04/2023 20:58
127,2023-12,2000,14/04/2023 19:22
128,2023-12,2000,10/04/2023 08:19
128,2024-01,3550,17/04/2023 13:11
128,2024-02,3300,06/04/2023 13:13
128,2024-03,3150,07/04/2023 10:32
128,2024-04,3000,01/04/2024 11:17
128,2024-05,3000,02/04/2024 11:05
128,2024-06,3150,08/04/2024 17:09
128,2024-07,2850,15/04/2024 17:28
128,2024-08,2250,13/04/2024 08:24
128,2024-09,3600,11/04/2024 12:44
128,2024-10,7700,01/04/2024 15:11
128,2024-11,7000,18/04/2024 19:00
128,2024-12,4900,19/04/2024 17:34
128,2025-01,8750,15/04/2024 17:16
128,2025-02,8050,20/04/2024 18:36
128,2025-03,7700,16/04/2024 13:40
128,2025-04,10500,16/04/2025 19:58
128,2025-05,10500,16/04/2025 16:54
128,2025-06,11000,16/04/2025 17:35
128,2025-07,9950,16/04/2025 13:06
128,2025-08,7850,02/04/2025 18:51
128,2025-09,12600,11/04/2025 20:00
128,2025-10,11550,01/04/2025 17:37
128,2025-11,10500,16/04/2025 20:29
128,2025-12,7350,05/04/2025 11:12
128,2026-01,13100,11/04/2025 14:25
128,2026-02,12050,12/04/2025 17:53
128,2026-03,11550,14/04/2025 08:52
128,2026-04,11000,01/04/2026 20:20
128,2026-05,11000,18/04/2026 07:33
128,2026-06,11550,11/04/2026 07:39
128,2026-07,10450,13/04/2026 10:21
128,2026-08,8250,08/04/2026 17:28
128,2026-09,13200,10/04/2026 19:34
129,2024-10,3300,04/04/2024 17:17
129,2024-11,3000,02/04/2024 18:36
129,2024-12,2100,02/04/2024 09:19
129,2025-01,3750,16/04/2024 09:35
129,2025-02,3450,09/04/2024 17:10
129,2025-03,3300,04/04/2024 12:03
129,2025-04,3150,13/04/2025 18:09
129,2025-05,3150,09/04/2025 13:15
129,2025-06,3300,08/04/2025 12:23
129,2025-07,3000,12/04/2025 19:41
129,2025-08,5500,05/04/2025 18:56
129,2025-09,8800,06/04/2025 14:05
129,2025-10,8100,08/04/2025 13:02
129,2025-11,7350,10/04/2025 13:37
129,2025-12,5150,06/04/2025 19:14
129,2026-01,9200,19/04/2025 15:36
129,2026-02,12050,18/04/2025 19:20
129,2026-03,11550,08/04/2025 18:33
129,2026-04,11000,20/04/2026 13:55
129,2026-05,11000,21/04/2026 18:49
129,2026-06,11550,15/04/2026 15:36
129,2026-07,10450,08/04/2026 19:26
129,2026-08,8250,09/04/2026 12:46
129,2026-09,13200,08/04/2026 07:39
130,2024-11,3000,09/04/2024 20:35
130,2024-12,2100,17/04/2024 09:54
130,2025-01,3750,16/04/2024 09:49
130,2025-02,3450,19/04/2024 15:40
130,2025-03,3300,13/04/2024 10:20
130,2025-04,3150,20/04/2025 08:23
130,2025-05,3150,01/04/2025 18:18
130,2025-06,3300,18/04/2025 07:11
130,2025-07,3000,16/04/2025 08:13
130,2025-08,2350,13/04/2025 16:32
130,2025-09,8800,14/04/2025 11:29
130,2025-10,8100,03/04/2025 13:30
130,2025-11,7350,02/04/2025 11:57
130,2025-12,5150,16/04/2025 18:38
130,2026-01,9200,08/04/2025 19:30
130,2026-02,8450,20/04/2025 15:28
130,2026-03,11550,01/04/2025 17:58
130,2026-04,11000,08/04/2026 18:34
130,2026-05,11000,01/04/2026 15:34
130,2026-06,11550,19/04/2026 12:59
130,2026-07,10450,03/04/2026 19:25
130,2026-08,8250,16/04/2026 16:49
130,2026-09,13200,21/04/2026 10:17
131,2024-11,3000,21/04/2024 11:28
131,2024-12,2100,17/04/2024 09:25
131,2025-01,3750,15/04/2024 12:02
131,2025-02,3450,07/04/2024 09:40
131,2025-03,3300,17/04/2024 18:18
131,2025-04,3150,07/04/2025 13:17
131,2025-05,3150,21/04/2025 11:17
131,2025-06,3300,03/04/2025 17:16
131,2025-07,3000,02/04/2025 11:15
131,2025-08,2350,02/04/2025 17:49
131,2025-09,8800,18/04/2025 10:03
131,2025-10,8100,10/04/2025 17:47
131,2025-11,7350,05/04/2025 13:30
131,2025-12,5150,06/04/2025 08:49
131,2026-01,9200,14/04/2025 15:18
131,2026-02,8450,01/04/2025 10:55
131,2026-03,11550,17/04/2025 20:49
131,2026-04,11000,02/04/2026 14:59
131,2026-05,11000,17/04/2026 20:31
131,2026-06,11550,07/04/2026 10:39
131,2026-07,10450,16/04/2026 13:56
131,2026-08,8250,07/04/2026 13:53
131,2026-09,13200,07/04/2026 07:52
132,2023-04,10300,17/04/2023 09:08
132,2023-05,10300,08/04/2023 07:17
132,2023-06,10850,20/04/2023 15:52
132,2023-07,9800,16/04/2023 15:01
132,2023-08,7750,12/04/2023 10:39
132,2023-09,12400,06/04/2023 10:06
132,2023-10,11350,19/04/2023 19:57
132,2023-11,10300,01/04/2023 13:46
132,2023-12,7250,08/04/2023 19:42
132,2024-01,12900,01/04/2023 15:18
132,2024-02,11850,01/04/2023 18:15
132,2024-03,11350,15/04/2023 16:04
132,2024-04,10850,20/04/2024 15:05
132,2024-05,10850,17/04/2024 14:43
132,2024-06,11400,14/04/2024 08:55
132,2024-07,10300,21/04/2024 12:03
132,2024-08,8150,05/04/2024 14:31
132,2024-09,13000,07/04/2024 17:29
132,2024-10,11900,02/04/2024 08:45
132,2024-11,10850,01/04/2024 10:51
132,2024-12,7600,15/04/2024 14:02
132,2025-01,13550,14/04/2024 12:42
132,2025-02,12450,05/04/2024 11:07
132,2025-03,11900,08/04/2024 08:57
132,2025-04,11400,17/04/2025 14:44
132,2025-05,11400,16/04/2025 18:58
132,2025-06,11950,19/04/2025 10:33
132,2025-07,10800,20/04/2025 10:16
132,2025-08,8550,19/04/2025 08:19
132,2025-09,13650,16/04/2025 13:41
132,2025-10,12500,06/04/2025 10:36
132,2025-11,11400,21/04/2025 08:15
132,2025-12,7950,18/04/2025 07:56
132,2026-01,14200,12/04/2025 07:18
132,2026-02,13100,20/04/2025 19:48
132,2026-03,12500,16/04/2025 17:21
132,2026-04,11950,20/04/2026 18:33
132,2026-05,11950,06/04/2026 17:42
132,2026-06,12550,10/04/2026 08:24
132,2026-07,11350,12/04/2026 20:24
132,2026-08,8950,12/04/2026 15:39
132,2026-09,14350,13/04/2026 12:50
133,2023-04,10300,09/04/2023 18:27
133,2023-05,10300,06/04/2023 18:15
133,2023-06,10850,13/04/2023 19:27
133,2023-07,9800,13/04/2023 15:23
134,2023-04,14750,18/04/2023 14:50
134,2023-05,14750,07/04/2023 13:52
134,2023-06,15500,02/04/2023 20:50
134,2023-07,14000,01/04/2023 08:05
134,2023-08,11050,01/04/2023 16:21
134,2023-09,17700,10/04/2023 12:13
134,2023-10,16200,04/04/2023 13:57
134,2023-11,14750,04/04/2023 15:31
134,2023-12,10300,02/04/2023 08:51
134,2024-01,18450,10/04/2023 09:02
134,2024-02,16950,09/04/2023 08:52
134,2024-03,16200,08/04/2023 11:32
134,2024-04,15500,16/04/2024 17:48
134,2024-05,15500,14/04/2024 14:50
134,2024-06,16250,09/04/2024 10:18
134,2024-07,14700,11/04/2024 09:38
134,2024-08,11600,06/04/2024 09:02
134,2024-09,18600,07/04/2024 07:39
134,2024-10,17050,11/04/2024 10:47
134,2024-11,15500,03/04/2024 08:53
134,2024-12,10850,09/04/2024 09:37
134,2025-01,19350,03/04/2024 14:39
134,2025-02,17800,18/04/2024 16:38
134,2025-03,17050,19/04/2024 19:36
134,2025-04,16250,08/04/2025 13:05
134,2025-05,16250,03/04/2025 17:40
134,2025-06,17050,13/04/2025 11:29
134,2025-07,15450,03/04/2025 09:01
134,2025-08,12200,07/04/2025 20:52
134,2025-09,19500,08/04/2025 12:13
134,2025-10,17900,18/04/2025 12:39
134,2025-11,16250,17/04/2025 11:52
134,2025-12,11400,21/04/2025 10:08
134,2026-01,20300,19/04/2025 08:34
134,2026-02,18700,07/04/2025 07:45
134,2026-03,17900,02/04/2025 08:02
134,2026-04,17050,06/04/2026 11:01
134,2026-05,17050,08/04/2026 09:37
134,2026-06,17900,09/04/2026 18:49
134,2026-07,16200,16/04/2026 15:54
134,2026-08,12800,17/04/2026 14:10
134,2026-09,20500,10/04/2026 10:06
135,2023-04,14750,18/04/2023 08:49
135,2023-05,14750,07/04/2023 11:21
135,2023-06,15500,18/04/2023 08:06
135,2023-07,14000,03/04/2023 13:29
135,2023-08,11050,19/04/2023 13:32
135,2023-09,17700,16/04/2023 19:25
135,2023-10,16200,16/04/2023 17:15
135,2023-11,14750,18/04/2023 10:16
135,2023-12,10300,21/04/2023 19:55
135,2024-01,18450,21/04/2023 13:11
135,2024-02,16950,02/04/2023 08:51
135,2024-03,16200,14/04/2023 18:27
135,2024-04,15500,11/04/2024 14:34
135,2024-05,15500,09/04/2024 17:54
135,2024-06,16250,11/04/2024 10:06
135,2024-07,14700,20/04/2024 08:59
135,2024-08,11600,12/04/2024 10:31
135,2024-09,18600,06/04/2024 18:28
135,2024-10,17050,06/04/2024 18:27
135,2024-11,15500,10/04/2024 09:46
135,2024-12,10850,07/04/2024 08:53
135,2025-01,19350,18/04/2024 15:56
135,2025-02,17800,02/04/2024 17:22
135,2025-03,17050,11/04/2024 12:54
135,2025-04,16250,04/04/2025 14:05
135,2025-05,16250,15/04/2025 14:22
135,2025-06,17050,08/04/2025 09:59
135,2025-07,15450,17/04/2025 15:51
135,2025-08,12200,03/04/2025 08:09
135,2025-09,19500,04/04/2025 16:58
135,2025-10,17900,20/04/2025 09:42
135,2025-11,16250,10/04/2025 17:40
135,2025-12,11400,09/04/2025 16:26
135,2026-01,20300,15/04/2025 12:53
135,2026-02,18700,18/04/2025 08:24
135,2026-03,17900,01/04/2025 18:13
135,2026-04,17050,01/04/2026 15:30
135,2026-05,17050,11/04/2026 17:29
135,2026-06,17900,17/04/2026 07:06
135,2026-07,16200,05/04/2026 18:25
135,2026-08,12800,02/04/2026 09:06
135,2026-09,20500,03/04/2026 18:12
136,2023-04,14750,12/04/2023 18:57
136,2023-05,14750,09/04/2023 18:55
136,2023-06,15500,04/04/2023 14:38
136,2023-07,14000,12/04/2023 11:56
136,2023-08,11050,17/04/2023 16:41
136,2023-09,17700,07/04/2023 17:05
136,2023-10,16200,15/04/2023 19:44
136,2023-11,14750,07/04/2023 11:48
136,2023-12,10300,21/04/2023 10:26
136,2024-01,18450,02/04/2023 15:40
136,2024-02,16950,09/04/2023 12:36
136,2024-03,16200,15/04/2023 07:09
136,2024-04,15500,11/04/2024 17:29
136,2024-05,15500,09/04/2024 13:43
136,2024-06,16250,05/04/2024 15:53
136,2024-07,14700,19/04/2024 11:57
136,2024-08,11600,17/04/2024 15:48
136,2024-09,18600,16/04/2024 10:25
136,2024-10,17050,02/04/2024 12:13
136,2024-11,15500,03/04/2024 07:05
136,2024-12,10850,13/04/2024 08:43
136,2025-01,19350,16/04/2024 11:26
136,2025-02,17800,19/04/2024 12:39
136,2025-03,17050,10/04/2024 13:50
136,2025-04,16250,09/04/2025 18:38
136,2025-05,16250,14/04/2025 08:17
136,2025-06,17050,18/04/2025 13:17
136,2025-07,15450,20/04/2025 11:08
136,2025-08,12200,12/04/2025 15:26
136,2025-09,19500,07/04/2025 07:43
136,2025-10,17900,08/04/2025 11:57
136,2025-11,16250,07/04/2025 18:14
136,2025-12,11400,14/04/2025 14:40
136,2026-01,20300,01/04/2025 13:49
136,2026-02,18700,04/04/2025 08:11
136,2026-03,17900,06/04/2025 13:29
136,2026-04,17050,16/04/2026 19:25
136,2026-05,17050,05/04/2026 18:37
136,2026-06,17900,05/04/2026 10:35
136,2026-07,16200,21/04/2026 13:14
136,2026-08,12800,08/04/2026 17:13
136,2026-09,20500,08/04/2026 08:04
137,2023-07,4200,07/04/2023 16:47
137,2023-08,3300,21/04/2023 11:08
137,2023-09,5300,05/04/2023 10:07
137,2023-10,4850,06/04/2023 09:11
137,2023-11,4400,05/04/2023 16:06
137,2023-12,3100,09/04/2023 10:34
137,2024-01,5550,08/04/2023 16:03
137,2024-02,5100,04/04/2023 09:30
137,2024-03,4850,08/04/2023 20:15
137,2024-04,10850,05/04/2024 14:00
137,2024-05,10850,07/04/2024 16:30
137,2024-06,11400,02/04/2024 20:32
137,2024-07,10300,08/04/2024 08:56
137,2024-08,8150,20/04/2024 10:48
137,2024-09,13000,01/04/2024 19:20
137,2024-10,17050,20/04/2024 18:31
137,2024-11,15500,17/04/2024 19:14
137,2024-12,10850,12/04/2024 17:26
137,2025-01,19350,20/04/2024 07:11
137,2025-02,17800,01/04/2024 14:39
137,2025-03,17050,13/04/2024 08:42
137,2025-04,16250,21/04/2025 09:52
137,2025-05,16250,20/04/2025 12:27
137,2025-06,17050,13/04/2025 14:25
137,2025-07,15450,13/04/2025 10:17
137,2025-08,12200,14/04/2025 12:07
137,2025-09,19500,03/04/2025 18:10
137,2025-10,17900,12/04/2025 10:52
137,2025-11,16250,18/04/2025 17:58
137,2025-12,11400,06/04/2025 18:39
137,2026-01,20300,13/04/2025 10:49
137,2026-02,18700,18/04/2025 18:51
137,2026-03,17900,15/04/2025 07:20
137,2026-04,17050,03/04/2026 14:58
137,2026-05,17050,12/04/2026 13:45
137,2026-06,17900,13/04/2026 07:17
137,2026-07,16200,08/04/2026 07:31
137,2026-08,12800,13/04/2026 14:05
137,2026-09,20500,07/04/2026 13:01
138,2024-10,5100,12/04/2024 12:01
138,2024-11,4650,14/04/2024 19:36
138,2024-12,3250,15/04/2024 08:05
138,2025-01,5800,06/04/2024 15:36
138,2025-02,5350,13/04/2024 10:15
138,2025-03,5100,12/04/2024 19:51
138,2025-04,4900,02/04/2025 08:28
138,2025-05,4900,10/04/2025 12:37
138,2025-06,5100,03/04/2025 17:04
138,2025-07,4650,03/04/2025 19:53
138,2025-08,8550,17/04/2025 19:38
138,2025-09,13650,09/04/2025 07:42
138,2025-10,12500,15/04/2025 16:35
138,2025-11,11400,07/04/2025 10:21
138,2025-12,7950,13/04/2025 12:46
138,2026-01,14200,08/04/2025 16:59
138,2026-02,18700,03/04/2025 07:02
138,2026-03,17900,12/04/2025 09:47
138,2026-04,17050,20/04/2026 11:19
138,2026-05,17050,11/04/2026 14:06
138,2026-06,17900,02/04/2026 12:14
138,2026-07,16200,03/04/2026 17:06
138,2026-08,12800,07/04/2026 19:40
138,2026-09,20500,07/04/2026 18:40
139,2023-04,12000,20/04/2023 16:00
139,2023-05,12000,12/04/2023 19:55
139,2023-06,12600,16/04/2023 10:45
139,2023-07,11400,14/04/2023 16:16
139,2023-08,9000,07/04/2023 19:56
139,2023-09,14400,21/04/2023 10:54
139,2023-10,13200,14/04/2023 07:50
139,2023-11,12000,06/04/2023 19:10
139,2023-12,8400,05/04/2023 16:58
139,2024-01,15000,02/04/2023 11:24
139,2024-02,13800,05/04/2023 16:33
139,2024-03,13200,16/04/2023 07:25
139,2024-04,12600,15/04/2024 07:01
139,2024-05,12600,14/04/2024 08:52
139,2024-06,13200,11/04/2024 10:40
139,2024-07,11950,08/04/2024 20:03
139,2024-08,9450,16/04/2024 10:22
139,2024-09,15100,13/04/2024 11:01
139,2024-10,13850,11/04/2024 09:16
139,2024-11,12600,03/04/2024 18:01
139,2024-12,8800,14/04/2024 19:58
139,2025-01,15700,04/04/2024 08:35
139,2025-02,14450,15/04/2024 07:03
139,2025-03,13850,20/04/2024 19:06
139,2025-04,13200,20/04/2025 14:09
139,2025-05,13200,13/04/2025 07:55
139,2025-06,13850,11/04/2025 15:53
139,2025-07,12550,07/04/2025 10:44
139,2025-08,9900,15/04/2025 08:25
139,2025-09,15850,17/04/2025 12:22
139,2025-10,14550,15/04/2025 12:22
139,2025-11,13200,17/04/2025 20:20
139,2025-12,9250,13/04/2025 16:49
139,2026-01,16500,13/04/2025 12:14
139,2026-02,15200,15/04/2025 15:50
139,2026-03,14550,12/04/2025 12:13
139,2026-04,13850,15/04/2026 11:54
139,2026-05,13850,06/04/2026 13:31
139,2026-06,14550,10/04/2026 07:44
139,2026-07,13200,15/04/2026 10:17
139,2026-08,10400,19/04/2026 10:32
139,2026-09,16650,20/04/2026 10:50
140,2023-04,17100,07/04/2023 09:31
140,2023-05,17100,14/04/2023 10:50
140,2023-06,17950,20/04/2023 17:15
140,2023-07,16250,13/04/2023 13:23
140,2023-08,12850,02/04/2023 19:09
140,2023-09,20550,17/04/2023 12:08
140,2023-10,18850,16/04/2023 16:29
140,2023-11,17100,15/04/2023 17:38
140,2023-12,12000,12/04/2023 11:29
140,2024-01,21400,11/04/2023 09:06
140,2024-02,19700,15/04/2023 19:01
140,2024-03,18850,17/04/2023 12:06
140,2024-04,17950,03/04/2024 15:33
140,2024-05,17950,15/04/2024 14:42
140,2024-06,18850,03/04/2024 11:14
140,2024-07,17050,06/04/2024 11:32
140,2024-08,13500,05/04/2024 12:52
140,2024-09,21550,15/04/2024 12:12
140,2024-10,19750,14/04/2024 20:15
140,2024-11,17950,15/04/2024 10:01
140,2024-12,12600,16/04/2024 15:44
140,2025-01,22450,01/04/2024 14:34
140,2025-02,20650,09/04/2024 17:46
140,2025-03,19750,17/04/2024 11:26
140,2025-04,18850,12/04/2025 11:22
140,2025-05,18850,17/04/2025 15:26
140,2025-06,19800,06/04/2025 16:50
140,2025-07,17950,13/04/2025 11:06
140,2025-08,14150,01/04/2025 13:48
140,2025-09,22650,17/04/2025 12:16
140,2025-10,20750,06/04/2025 13:53
140,2025-11,18850,20/04/2025 16:58
140,2025-12,13200,04/04/2025 08:40
140,2026-01,23600,04/04/2025 15:33
140,2026-02,21700,10/04/2025 10:29
140,2026-03,20750,18/04/2025 07:00
140,2026-04,19800,02/04/2026 11:16
140,2026-05,19800,06/04/2026 12:49
140,2026-06,20800,05/04/2026 07:27
140,2026-07,18800,13/04/2026 09:13
140,2026-08,14850,10/04/2026 18:02
140,2026-09,23800,18/04/2026 14:34
141,2023-04,17100,06/04/2023 15:11
141,2023-05,17100,14/04/2023 14:18
141,2023-06,17950,02/04/2023 16:57
141,2023-07,16250,12/04/2023 14:15
141,2023-08,12850,02/04/2023 10:12
141,2023-09,20550,12/04/2023 15:24
141,2023-10,18850,09/04/2023 09:01
141,2023-11,17100,06/04/2023 07:11
141,2023-12,12000,21/04/2023 18:16
142,2023-04,17100,14/04/2023 07:59
142,2023-05,17100,02/04/2023 07:40
142,2023-06,17950,06/04/2023 12:08
142,2023-07,16250,21/04/2023 20:26
142,2023-08,12850,02/04/2023 13:38
142,2023-09,20550,18/04/2023 20:40
142,2023-10,18850,05/04/2023 14:23
142,2023-11,17100,16/04/2023 17:28
142,2023-12,12000,18/04/2023 08:34
142,2024-01,21400,03/04/2023 13:39
142,2024-02,19700,02/04/2023 17:20
142,2024-03,18850,13/04/2023 20:14
142,2024-04,17950,15/04/2024 15:05
142,2024-05,17950,11/04/2024 17:02
142,2024-06,18850,20/04/2024 10:29
142,2024-07,17050,18/04/2024 19:37
142,2024-08,13500,03/04/2024 09:00
142,2024-09,21550,09/04/2024 10:55
142,2024-10,19750,05/04/2024 12:39
142,2024-11,17950,09/04/2024 15:08
142,2024-12,12600,02/04/2024 18:39
142,2025-01,22450,10/04/2024 08:37
142,2025-02,20650,02/04/2024 09:54
142,2025-03,19750,14/04/2024 13:44
142,2025-04,18850,05/04/2025 18:57
142,2025-05,18850,06/04/2025 07:23
142,2025-06,19800,09/04/2025 14:13
142,2025-07,17950,21/04/2025 07:44
142,2025-08,14150,08/04/2025 14:34
142,2025-09,22650,13/04/2025 13:18
142,2025-10,20750,01/04/2025 09:42
142,2025-11,18850,15/04/2025 20:24
142,2025-12,13200,10/04/2025 12:22
142,2026-01,23600,19/04/2025 18:26
142,2026-02,21700,14/04/2025 10:41
142,2026-03,20750,21/04/2025 11:00
142,2026-04,19800,17/04/2026 17:42
142,2026-05,19800,04/04/2026 09:40
142,2026-06,20800,02/04/2026 19:09
142,2026-07,18800,13/04/2026 12:30
142,2026-08,14850,13/04/2026 19:11
142,2026-09,23800,15/04/2026 17:20
143,2023-04,17100,19/04/2023 10:30
143,2023-05,17100,17/04/2023 12:19
143,2023-06,17950,03/04/2023 12:15
143,2023-07,16250,17/04/2023 15:07
143,2023-08,12850,09/04/2023 07:21
143,2023-09,20550,18/04/2023 15:38
143,2023-10,18850,08/04/2023 13:52
143,2023-11,17100,10/04/2023 08:28
143,2023-12,12000,04/04/2023 17:36
143,2024-01,21400,08/04/2023 16:51
143,2024-02,19700,10/04/2023 18:04
143,2024-03,18850,20/04/2023 15:58
143,2024-04,17950,06/04/2024 19:29
143,2024-05,17950,04/04/2024 07:15
143,2024-06,18850,21/04/2024 17:41
143,2024-07,17050,02/04/2024 19:59
143,2024-08,13500,08/04/2024 08:03
143,2024-09,21550,07/04/2024 19:10
143,2024-10,19750,03/04/2024 17:13
143,2024-11,17950,21/04/2024 16:36
143,2024-12,12600,02/04/2024 08:30
143,2025-01,22450,21/04/2024 14:21
143,2025-02,20650,08/04/2024 14:49
143,2025-03,19750,15/04/2024 16:05
143,2025-04,18850,08/04/2025 15:47
143,2025-05,18850,19/04/2025 15:21
143,2025-06,19800,19/04/2025 10:32
143,2025-07,17950,05/04/2025 07:43
143,2025-08,14150,19/04/2025 20:16
143,2025-09,22650,05/04/2025 19:04
143,2025-10,20750,14/04/2025 20:10
143,2025-11,18850,04/04/2025 16:00
143,2025-12,13200,13/04/2025 20:06
143,2026-01,23600,06/04/2025 13:53
143,2026-02,21700,04/04/2025 14:02
143,2026-03,20750,18/04/2025 13:29
143,2026-04,19800,19/04/2026 09:02
143,2026-05,19800,04/04/2026 14:22
143,2026-06,20800,19/04/2026 08:09
143,2026-07,18800,17/04/2026 13:33
143,2026-08,14850,12/04/2026 18:38
143,2026-09,23800,01/04/2026 12:07
144,2023-12,3600,15/04/2023 15:49
144,2024-01,6400,11/04/2023 13:21
144,2024-02,5900,16/04/2023 08:57
144,2024-03,5650,03/04/2023 09:07
144,2024-04,5400,01/04/2024 12:25
144,2024-05,5400,05/04/2024 07:18
144,2024-06,5650,18/04/2024 20:03
144,2024-07,5100,03/04/2024 08:24
144,2024-08,4050,19/04/2024 19:15
144,2024-09,6450,05/04/2024 15:49
144,2024-10,13850,10/04/2024 14:38
144,2024-11,12600,17/04/2024 09:21
144,2024-12,8800,03/04/2024 16:48
144,2025-01,15700,07/04/2024 12:07
144,2025-02,14450,09/04/2024 17:06
144,2025-03,13850,02/04/2024 16:45
144,2025-04,18850,03/04/2025 18:04
144,2025-05,18850,03/04/2025 17:19
144,2025-06,19800,13/04/2025 17:34
144,2025-07,17950,09/04/2025 13:23
144,2025-08,14150,19/04/2025 08:48
144,2025-09,22650,19/04/2025 11:17
144,2025-10,20750,02/04/2025 13:18
144,2025-11,18850,15/04/2025 16:06
144,2025-12,13200,01/04/2025 17:43
144,2026-01,23600,13/04/2025 08:01
144,2026-02,21700,11/04/2025 11:13
144,2026-03,20750,19/04/2025 13:02
144,2026-04,19800,05/04/2026 07:13
144,2026-05,19800,19/04/2026 07:06
144,2026-06,20800,18/04/2026 16:21
144,2026-07,18800,04/04/2026 20:34
144,2026-08,14850,06/04/2026 14:24
144,2026-09,23800,06/04/2026 12:31
145,2024-10,5950,11/04/2024 12:19
145,2024-11,5400,10/04/2024 09:23
145,2024-12,3750,03/04/2024 18:42
145,2025-01,6750,12/04/2024 07:50
145,2025-02,6200,04/04/2024 07:12
145,2025-03,5950,01/04/2024 15:41
145,2025-04,5650,07/04/2025 17:41
145,2025-05,5650,02/04/2025 16:16
145,2025-06,5950,16/04/2025 07:28
145,2025-07,12550,18/04/2025 14:11
145,2025-08,9900,20/04/2025 16:02
145,2025-09,15850,09/04/2025 18:57
145,2025-10,14550,03/04/2025 09:00
145,2025-11,13200,21/04/2025 07:10
145,2025-12,9250,12/04/2025 20:07
145,2026-01,23600,03/04/2025 09:43
145,2026-02,21700,06/04/2025 10:01
145,2026-03,20750,09/04/2025 10:56
145,2026-04,19800,04/04/2026 20:11
145,2026-05,19800,19/04/2026 08:13
145,2026-06,20800,01/04/2026 13:59
145,2026-07,18800,18/04/2026 07:17
145,2026-08,14850,01/04/2026 11:54
145,2026-09,23800,11/04/2026 08:53
146,2023-04,10300,18/04/2023 13:47
146,2023-05,10300,04/04/2023 15:26
146,2023-06,10800,11/04/2023 18:27
146,2023-07,9800,07/04/2023 19:31
146,2023-08,7700,11/04/2023 11:23
146,2023-09,12350,10/04/2023 19:11
146,2023-10,11350,20/04/2023 10:04
146,2023-11,10300,05/04/2023 10:23
146,2023-12,7200,12/04/2023 20:03
146,2024-01,12850,14/04/2023 19:25
146,2024-02,11850,13/04/2023 16:53
146,2024-03,11350,15/04/2023 13:39
146,2024-04,10800,01/04/2024 11:26
146,2024-05,10800,20/04/2024 15:47
146,2024-06,11350,17/04/2024 12:18
146,2024-07,10250,16/04/2024 11:20
146,2024-08,8100,10/04/2024 20:36
146,2024-09,12950,02/04/2024 08:59
146,2024-10,11900,02/04/2024 07:14
146,2024-11,10800,13/04/2024 16:35
146,2024-12,7550,18/04/2024 11:05
146,2025-01,13500,04/04/2024 14:05
146,2025-02,12450,14/04/2024 09:21
146,2025-03,11900,01/04/2024 10:26
146,2025-04,11350,19/04/2025 11:30
146,2025-05,11350,01/04/2025 13:09
146,2025-06,11900,11/04/2025 09:49
146,2025-07,10800,21/04/2025 20:06
146,2025-08,8500,13/04/2025 09:55
146,2025-09,13600,14/04/2025 10:10
146,2025-10,12500,12/04/2025 19:46
146,2025-11,11350,15/04/2025 17:27
146,2025-12,7950,04/04/2025 13:36
146,2026-01,14200,08/04/2025 18:44
146,2026-02,13050,16/04/2025 07:47
146,2026-03,12500,20/04/2025 07:06
146,2026-04,11900,05/04/2026 20:10
146,2026-05,11900,19/04/2026 16:14
146,2026-06,12500,06/04/2026 10:15
146,2026-07,11300,16/04/2026 14:43
146,2026-08,8950,09/04/2026 19:08
146,2026-09,14300,20/04/2026 11:10
147,2023-04,14700,01/04/2023 10:35
147,2023-05,14700,15/04/2023 19:02
147,2023-06,15450,20/04/2023 14:39
147,2023-07,13950,15/04/2023 19:43
147,2023-08,11050,04/04/2023 15:51
147,2023-09,17650,02/04/2023 08:23
147,2023-10,16200,21/04/2023 14:42
147,2023-11,14700,06/04/2023 15:46
147,2023-12,10300,17/04/2023 16:53
147,2024-01,18400,12/04/2023 20:20
147,2024-02,16900,08/04/2023 17:38
147,2024-03,16200,20/04/2023 13:17
147,2024-04,15450,14/04/2024 17:23
147,2024-05,15450,01/04/2024 11:31
147,2024-06,16200,07/04/2024 07:21
147,2024-07,14650,11/04/2024 13:00
147,2024-08,11600,13/04/2024 11:02
147,2024-09,18550,12/04/2024 07:11
147,2024-10,17000,05/04/2024 12:37
147,2024-11,15450,19/04/2024 13:13
147,2024-12,10800,02/04/2024 08:59
147,2025-01,19300,17/04/2024 15:11
147,2025-02,17750,14/04/2024 14:06
147,2025-03,17000,18/04/2024 18:19
147,2025-04,16200,12/04/2025 12:04
147,2025-05,16200,13/04/2025 18:07
147,2025-06,17050,11/04/2025 08:30
147,2025-07,15400,14/04/2025 17:48
147,2025-08,12150,12/04/2025 11:48
147,2025-09,19450,06/04/2025 09:13
147,2025-10,17850,20/04/2025 20:00
147,2025-11,16200,02/04/2025 15:51
147,2025-12,11350,14/04/2025 18:30
147,2026-01,20250,06/04/2025 16:05
147,2026-02,18650,19/04/2025 16:00
147,2026-03,17850,20/04/2025 13:12
147,2026-04,17050,20/04/2026 14:00
147,2026-05,17050,13/04/2026 16:41
147,2026-06,17900,21/04/2026 18:58
147,2026-07,16200,14/04/2026 10:58
147,2026-08,12750,20/04/2026 20:02
147,2026-09,20450,01/04/2026 12:51
148,2023-04,14700,06/04/2023 14:23
148,2023-05,14700,09/04/2023 08:32
148,2023-06,15450,07/04/2023 11:19
148,2023-07,13950,21/04/2023 15:43
148,2023-08,11050,10/04/2023 16:07
148,2023-09,17650,18/04/2023 19:13
148,2023-10,16200,19/04/2023 19:40
148,2023-11,14700,18/04/2023 19:03
148,2023-12,10300,14/04/2023 13:32
148,2024-01,18400,04/04/2023 07:45
148,2024-02,16900,08/04/2023 14:15
148,2024-03,16200,12/04/2023 13:43
148,2024-04,15450,07/04/2024 10:44
148,2024-05,15450,08/04/2024 10:45
148,2024-06,16200,13/04/2024 16:20
148,2024-07,14650,21/04/2024 17:47
148,2024-08,11600,02/04/2024 10:18
148,2024-09,18550,01/04/2024 10:31
149,2023-04,4400,11/04/2023 08:24
149,2023-05,4400,01/04/2023 10:03
149,2023-06,10800,13/04/2023 17:09
149,2023-07,9800,11/04/2023 12:28
149,2023-08,7700,02/04/2023 07:55
149,2023-09,12350,04/04/2023 15:27
149,2023-10,11350,14/04/2023 20:23
149,2023-11,10300,05/04/2023 14:20
149,2023-12,10300,15/04/2023 17:30
149,2024-01,18400,16/04/2023 15:46
149,2024-02,16900,16/04/2023 13:04
149,2024-03,16200,10/04/2023 15:31
149,2024-04,15450,06/04/2024 18:52
149,2024-05,15450,18/04/2024 11:39
149,2024-06,16200,02/04/2024 15:03
149,2024-07,14650,15/04/2024 20:30
149,2024-08,11600,01/04/2024 10:15
149,2024-09,18550,04/04/2024 10:21
149,2024-10,17000,06/04/2024 15:14
149,2024-11,15450,20/04/2024 13:05
149,2024-12,10800,10/04/2024 12:21
150,2023-04,14700,21/04/2023 08:59
150,2023-05,14700,14/04/2023 11:45
150,2023-06,15450,10/04/2023 13:59
150,2023-07,13950,03/04/2023 10:08
150,2023-08,11050,05/04/2023 07:09
150,2023-09,17650,04/04/2023 09:48
150,2023-10,16200,04/04/2023 12:01
150,2023-11,14700,19/04/2023 13:13
150,2023-12,10300,09/04/2023 16:11
150,2024-01,18400,13/04/2023 13:47
150,2024-02,16900,14/04/2023 17:18
150,2024-03,16200,06/04/2023 11:18
150,2024-04,15450,21/04/2024 15:20
150,2024-05,15450,18/04/2024 13:41
150,2024-06,16200,12/04/2024 11:43
150,2024-07,14650,01/04/2024 09:08
150,2024-08,11600,05/04/2024 13:43
150,2024-09,18550,08/04/2024 20:39
150,2024-10,17000,20/04/2024 17:03
150,2024-11,15450,07/04/2024 09:58
150,2024-12,10800,02/04/2024 19:47
150,2025-01,19300,06/04/2024 17:37
150,2025-02,17750,08/04/2024 09:23
150,2025-03,17000,05/04/2024 15:07
150,2025-04,16200,08/04/2025 14:58
150,2025-05,16200,11/04/2025 12:34
150,2025-06,17050,21/04/2025 20:38
150,2025-07,15400,18/04/2025 08:18
150,2025-08,12150,14/04/2025 19:02
150,2025-09,19450,11/04/2025 09:01
150,2025-10,17850,16/04/2025 08:08
150,2025-11,16200,02/04/2025 07:55
150,2025-12,11350,07/04/2025 14:33
150,2026-01,20250,04/04/2025 13:39
150,2026-02,18650,06/04/2025 07:45
150,2026-03,17850,11/04/2025 14:15
150,2026-04,17050,18/04/2026 10:07
150,2026-05,17050,11/04/2026 14:32
150,2026-06,17900,09/04/2026 12:08
150,2026-07,16200,12/04/2026 12:37
150,2026-08,12750,16/04/2026 10:54
150,2026-09,20450,05/04/2026 16:09
151,2023-04,14700,12/04/2023 08:00
151,2023-05,14700,13/04/2023 09:02
151,2023-06,15450,07/04/2023 11:50
151,2023-07,13950,18/04/2023 18:35
151,2023-08,11050,19/04/2023 18:43
151,2023-09,17650,19/04/2023 13:04
151,2023-10,16200,13/04/2023 15:37
151,2023-11,14700,09/04/2023 17:30
151,2023-12,10300,08/04/2023 16:24
151,2024-01,18400,19/04/2023 16:04
151,2024-02,16900,08/04/2023 19:26
151,2024-03,16200,02/04/2023 15:18
151,2024-04,15450,09/04/2024 15:19
151,2024-05,15450,03/04/2024 19:44
151,2024-06,16200,04/04/2024 09:33
151,2024-07,14650,08/04/2024 09:30
151,2024-08,11600,07/04/2024 20:49
151,2024-09,18550,03/04/2024 13:49
151,2024-10,17000,16/04/2024 13:05
151,2024-11,15450,15/04/2024 10:03
151,2024-12,10800,03/04/2024 14:48
151,2025-01,19300,06/04/2024 08:39
151,2025-02,17750,10/04/2024 14:09
151,2025-03,17000,06/04/2024 19:50
151,2025-04,16200,20/04/2025 11:08
151,2025-05,16200,04/04/2025 14:13
151,2025-06,17050,16/04/2025 20:24
151,2025-07,15400,19/04/2025 12:06
151,2025-08,12150,01/04/2025 19:14
151,2025-09,19450,21/04/2025 19:11
151,2025-10,17850,16/04/2025 11:30
151,2025-11,16200,16/04/2025 07:16
151,2025-12,11350,09/04/2025 07:56
151,2026-01,20250,13/04/2025 15:22
151,2026-02,18650,15/04/2025 13:54
151,2026-03,17850,20/04/2025 16:21
151,2026-04,17050,11/04/2026 07:56
151,2026-05,17050,11/04/2026 19:25
151,2026-06,17900,01/04/2026 19:10
151,2026-07,16200,17/04/2026 12:44
151,2026-08,12750,01/04/2026 14:12
151,2026-09,20450,14/04/2026 13:16
152,2023-06,4650,04/04/2023 13:29
152,2023-07,4200,02/04/2023 20:36
152,2023-08,3300,21/04/2023 10:22
152,2023-09,5300,09/04/2023 13:19
152,2023-10,4850,06/04/2023 09:07
152,2023-11,4400,15/04/2023 15:11
152,2023-12,3100,03/04/2023 13:17
152,2024-01,5500,04/04/2023 14:03
152,2024-02,5050,21/04/2023 17:05
152,2024-03,11350,06/04/2023 10:36
152,2024-04,10800,20/04/2024 15:52
152,2024-05,10800,07/04/2024 13:22
152,2024-06,11350,02/04/2024 11:58
152,2024-07,10250,01/04/2024 14:58
152,2024-08,8100,07/04/2024 15:52
152,2024-09,18550,02/04/2024 07:39
152,2024-10,17000,06/04/2024 13:37
152,2024-11,15450,07/04/2024 08:49
152,2024-12,10800,14/04/2024 13:37
152,2025-01,19300,11/04/2024 19:46
152,2025-02,17750,20/04/2024 11:50
152,2025-03,17000,17/04/2024 09:58
152,2025-04,16200,08/04/2025 08:02
152,2025-05,16200,17/04/2025 10:34
152,2025-06,17050,14/04/2025 19:34
152,2025-07,15400,08/04/2025 19:14
152,2025-08,12150,06/04/2025 16:19
152,2025-09,19450,02/04/2025 09:25
152,2025-10,17850,21/04/2025 11:39
152,2025-11,16200,15/04/2025 10:23
152,2025-12,11350,21/04/2025 20:39
152,2026-01,20250,05/04/2025 15:58
152,2026-02,18650,07/04/2025 11:38
152,2026-03,17850,03/04/2025 16:00
152,2026-04,17050,16/04/2026 10:15
152,2026-05,17050,17/04/2026 07:35
152,2026-06,17900,21/04/2026 10:24
152,2026-07,16200,06/04/2026 20:45
152,2026-08,12750,05/04/2026 17:27
152,2026-09,20450,09/04/2026 09:18
153,2024-09,5550,20/04/2024 19:51
153,2024-10,5100,14/04/2024 08:58
153,2024-11,4650,02/04/2024 11:52
153,2024-12,3250,10/04/2024 20:23
153,2025-01,5800,06/04/2024 16:57
153,2025-02,5350,21/04/2024 10:06
153,2025-03,5100,07/04/2024 08:08
153,2025-04,4850,02/04/2025 08:46
153,2025-05,4850,18/04/2025 08:09
153,2025-06,11900,09/04/2025 20:27
153,2025-07,10800,06/04/2025 07:06
153,2025-08,8500,02/04/2025 19:33
153,2025-09,13600,14/04/2025 18:48
153,2025-10,12500,07/04/2025 12:19
153,2025-11,11350,10/04/2025 10:25
153,2025-12,11350,05/04/2025 07:09
153,2026-01,20250,03/04/2025 12:21
153,2026-02,18650,12/04/2025 13:23
153,2026-03,17850,12/04/2025 07:08
153,2026-04,17050,04/04/2026 18:46
153,2026-05,17050,17/04/2026 18:48
153,2026-06,17900,10/04/2026 13:33
153,2026-07,16200,08/04/2026 20:22
153,2026-08,12750,05/04/2026 09:02
153,2026-09,20450,18/04/2026 10:14
154,2024-10,5100,21/04/2024 19:38
154,2024-11,4650,09/04/2024 10:57
154,2024-12,3250,01/04/2024 11:53
154,2025-01,5800,03/04/2024 10:38
154,2025-02,5350,14/04/2024 07:11
154,2025-03,5100,14/04/2024 14:39
154,2025-04,4850,15/04/2025 14:06
154,2025-05,4850,19/04/2025 15:48
154,2025-06,5100,12/04/2025 09:34
154,2025-07,4600,17/04/2025 15:17
154,2025-08,8500,03/04/2025 08:59
154,2025-09,13600,17/04/2025 14:10
154,2025-10,12500,10/04/2025 07:48
154,2025-11,11350,21/04/2025 10:14
154,2025-12,7950,02/04/2025 10:57
154,2026-01,14200,16/04/2025 18:58
154,2026-02,18650,19/04/2025 19:31
154,2026-03,17850,02/04/2025 18:36
154,2026-04,17050,18/04/2026 15:30
154,2026-05,17050,13/04/2026 07:24
154,2026-06,17900,07/04/2026 12:31
154,2026-07,16200,12/04/2026 13:04
154,2026-08,12750,09/04/2026 14:21
154,2026-09,20450,14/04/2026 18:21
155,2024-12,3250,16/04/2024 15:20
155,2025-01,5800,01/04/2024 12:50
155,2025-02,5350,06/04/2024 19:18
155,2025-03,5100,07/04/2024 11:58
155,2025-04,4850,20/04/2025 13:55
155,2025-05,4850,05/04/2025 08:55
155,2025-06,5100,18/04/2025 17:06
155,2025-07,4600,10/04/2025 13:03
155,2025-08,3650,08/04/2025 09:39
155,2025-09,13600,17/04/2025 13:51
155,2025-10,12500,06/04/2025 18:20
155,2025-11,11350,01/04/2025 19:37
155,2025-12,7950,14/04/2025 10:02
155,2026-01,14200,06/04/2025 11:14
155,2026-02,13050,09/04/2025 09:27
155,2026-03,17850,16/04/2025 17:28
155,2026-04,17050,18/04/2026 13:15
155,2026-05,17050,21/04/2026 09:28
155,2026-06,17900,08/04/2026 09:25
155,2026-07,16200,11/04/2026 20:16
155,2026-08,12750,05/04/2026 15:12
155,2026-09,20450,02/04/2026 12:28
156,2026-02,5600,17/04/2025 09:45
156,2026-03,5350,02/04/2025 20:02
156,2026-04,5100,17/04/2026 14:59
156,2026-05,5100,10/04/2026 20:22
156,2026-06,5350,12/04/2026 18:02
156,2026-07,4850,16/04/2026 15:47
156,2026-08,3850,02/04/2026 19:06
156,2026-09,6150,05/04/2026 15:31
157,2026-09,6150,01/04/2026 08:59
158,2023-04,10950,06/04/2023 15:54
158,2023-05,10950,12/04/2023 13:03
158,2023-06,11500,05/04/2023 15:49
158,2023-07,10400,08/04/2023 16:06
158,2023-08,8200,06/04/2023 12:45
158,2023-09,13100,01/04/2023 07:19
158,2023-10,12000,03/04/2023 16:23
158,2023-11,10950,06/04/2023 08:22
158,2023-12,7650,01/04/2023 13:40
158,2024-01,13650,18/04/2023 09:11
158,2024-02,12550,12/04/2023 11:42
158,2024-03,12000,18/04/2023 11:55
158,2024-04,11500,13/04/2024 11:47
158,2024-05,11500,16/04/2024 19:17
158,2024-06,12050,14/04/2024 17:14
158,2024-07,10900,09/04/2024 17:16
158,2024-08,8600,19/04/2024 16:30
158,2024-09,13750,19/04/2024 15:37
158,2024-10,12600,03/04/2024 14:23
158,2024-11,11500,18/04/2024 07:44
158,2024-12,8050,01/04/2024 15:19
158,2025-01,14350,05/04/2024 07:10
158,2025-02,13200,17/04/2024 15:11
158,2025-03,12600,10/04/2024 11:48
158,2025-04,12050,01/04/2025 12:55
158,2025-05,12050,02/04/2025 08:03
158,2025-06,12650,03/04/2025 10:49
158,2025-07,11450,19/04/2025 12:00
158,2025-08,9050,21/04/2025 15:14
158,2025-09,14450,18/04/2025 19:36
158,2025-10,13250,16/04/2025 18:16
158,2025-11,12050,15/04/2025 16:52
158,2025-12,8450,12/04/2025 20:48
158,2026-01,15050,15/04/2025 17:13
158,2026-02,13850,15/04/2025 20:42
158,2026-03,13250,08/04/2025 18:22
158,2026-04,12650,01/04/2026 16:21
158,2026-05,12650,16/04/2026 15:30
158,2026-06,13300,16/04/2026 11:48
158,2026-07,12000,19/04/2026 09:50
158,2026-08,9500,17/04/2026 14:54
158,2026-09,15200,04/04/2026 07:31
159,2023-04,15600,07/04/2023 11:02
159,2023-05,15600,10/04/2023 16:19
159,2023-06,16400,02/04/2023 19:49
159,2023-07,14850,15/04/2023 19:48
159,2023-08,11700,10/04/2023 07:07
159,2023-09,18750,14/04/2023 19:22
159,2023-10,17150,18/04/2023 17:28
159,2023-11,15600,21/04/2023 14:48
159,2023-12,10950,13/04/2023 07:14
159,2024-01,19500,15/04/2023 19:30
159,2024-02,17950,02/04/2023 07:07
159,2024-03,17150,02/04/2023 17:01
159,2024-04,16400,18/04/2024 19:02
159,2024-05,16400,19/04/2024 15:11
159,2024-06,17200,17/04/2024 16:29
159,2024-07,15550,04/04/2024 12:20
159,2024-08,12300,16/04/2024 13:03
159,2024-09,19650,20/04/2024 10:41
159,2024-10,18050,19/04/2024 19:19
159,2024-11,16400,19/04/2024 18:50
159,2024-12,11500,14/04/2024 19:37
159,2025-01,20500,04/04/2024 16:55
159,2025-02,18850,20/04/2024 20:59
159,2025-03,18050,10/04/2024 10:12
159,2025-04,17200,14/04/2025 08:21
159,2025-05,17200,10/04/2025 12:27
159,2025-06,18050,21/04/2025 15:41
159,2025-07,16350,11/04/2025 12:30
159,2025-08,12900,14/04/2025 09:08
159,2025-09,20650,11/04/2025 07:31
159,2025-10,18950,07/04/2025 11:58
159,2025-11,17200,01/04/2025 13:50
159,2025-12,12050,11/04/2025 07:09
159,2026-01,21500,09/04/2025 14:13
159,2026-02,19800,16/04/2025 18:46
159,2026-03,18950,04/04/2025 15:16
159,2026-04,18050,21/04/2026 15:37
159,2026-05,18050,18/04/2026 07:36
159,2026-06,19000,20/04/2026 20:32
159,2026-07,17150,07/04/2026 13:37
159,2026-08,13550,06/04/2026 09:20
159,2026-09,21700,16/04/2026 13:25
160,2023-04,15600,09/04/2023 08:05
160,2023-05,15600,02/04/2023 16:07
160,2023-06,16400,07/04/2023 14:36
160,2023-07,14850,08/04/2023 07:23
160,2023-08,11700,18/04/2023 17:39
160,2023-09,18750,15/04/2023 16:32
160,2023-10,17150,19/04/2023 11:25
160,2023-11,15600,10/04/2023 09:32
160,2023-12,10950,07/04/2023 19:45
160,2024-01,19500,11/04/2023 10:12
160,2024-02,17950,18/04/2023 07:04
160,2024-03,17150,01/04/2023 11:33
160,2024-04,16400,16/04/2024 16:32
160,2024-05,16400,16/04/2024 13:28
160,2024-06,17200,01/04/2024 18:17
160,2024-07,15550,09/04/2024 11:27
160,2024-08,12300,02/04/2024 15:11
160,2024-09,19650,09/04/2024 14:34
160,2024-10,18050,05/04/2024 11:00
160,2024-11,16400,06/04/2024 19:00
160,2024-12,11500,08/04/2024 19:02
160,2025-01,20500,02/04/2024 17:20
160,2025-02,18850,20/04/2024 17:24
160,2025-03,18050,15/04/2024 13:55
160,2025-04,17200,08/04/2025 18:23
160,2025-05,17200,19/04/2025 16:09
160,2025-06,18050,03/04/2025 17:11
160,2025-07,16350,16/04/2025 16:18
160,2025-08,12900,14/04/2025 08:20
160,2025-09,20650,18/04/2025 20:03
160,2025-10,18950,02/04/2025 07:55
160,2025-11,17200,10/04/2025 13:17
160,2025-12,12050,06/04/2025 15:14
160,2026-01,21500,08/04/2025 18:35
160,2026-02,19800,05/04/2025 15:19
160,2026-03,18950,05/04/2025 15:54
160,2026-04,18050,01/04/2026 18:31
160,2026-05,18050,13/04/2026 16:26
160,2026-06,19000,11/04/2026 19:22
160,2026-07,17150,09/04/2026 10:10
160,2026-08,13550,17/04/2026 15:34
160,2026-09,21700,07/04/2026 08:19
161,2023-04,15600,01/04/2023 07:23
161,2023-05,15600,15/04/2023 20:38
161,2023-06,16400,01/04/2023 13:43
161,2023-07,14850,14/04/2023 18:27
161,2023-08,11700,06/04/2023 17:04
161,2023-09,18750,14/04/2023 10:46
161,2023-10,17150,13/04/2023 16:51
161,2023-11,15600,10/04/2023 12:38
161,2023-12,10950,08/04/2023 13:20
161,2024-01,19500,15/04/2023 16:15
161,2024-02,17950,10/04/2023 08:41
161,2024-03,17150,12/04/2023 09:56
161,2024-04,16400,12/04/2024 18:57
161,2024-05,16400,12/04/2024 08:16
161,2024-06,17200,02/04/2024 11:13
161,2024-07,15550,10/04/2024 15:25
161,2024-08,12300,07/04/2024 14:05
161,2024-09,19650,08/04/2024 08:15
161,2024-10,18050,12/04/2024 16:09
161,2024-11,16400,10/04/2024 07:03
161,2024-12,11500,13/04/2024 10:57
161,2025-01,20500,04/04/2024 09:07
161,2025-02,18850,01/04/2024 13:29
161,2025-03,18050,18/04/2024 19:03
161,2025-04,17200,20/04/2025 18:51
161,2025-05,17200,11/04/2025 18:24
161,2025-06,18050,15/04/2025 10:05
161,2025-07,16350,13/04/2025 15:50
161,2025-08,12900,09/04/2025 14:21
161,2025-09,20650,19/04/2025 12:13
161,2025-10,18950,10/04/2025 11:34
161,2025-11,17200,15/04/2025 19:01
161,2025-12,12050,16/04/2025 15:19
161,2026-01,21500,13/04/2025 12:16
161,2026-02,19800,11/04/2025 15:18
161,2026-03,18950,14/04/2025 14:12
161,2026-04,18050,16/04/2026 10:07
161,2026-05,18050,07/04/2026 09:42
161,2026-06,19000,10/04/2026 07:35
161,2026-07,17150,01/04/2026 20:25
161,2026-08,13550,12/04/2026 13:28
161,2026-09,21700,21/04/2026 15:58
162,2023-04,15600,21/04/2023 12:53
162,2023-05,15600,01/04/2023 13:41
162,2023-06,16400,17/04/2023 14:33
162,2023-07,14850,12/04/2023 08:11
162,2023-08,11700,19/04/2023 20:08
162,2023-09,18750,15/04/2023 07:15
162,2023-10,17150,06/04/2023 12:40
162,2023-11,15600,19/04/2023 08:10
162,2023-12,10950,18/04/2023 17:31
162,2024-01,19500,03/04/2023 13:53
162,2024-02,17950,19/04/2023 16:20
162,2024-03,17150,20/04/2023 13:10
162,2024-04,16400,04/04/2024 13:06
162,2024-05,16400,02/04/2024 17:57
162,2024-06,17200,16/04/2024 08:25
162,2024-07,15550,05/04/2024 12:22
162,2024-08,12300,13/04/2024 20:03
162,2024-09,19650,04/04/2024 07:27
162,2024-10,18050,20/04/2024 13:37
162,2024-11,16400,21/04/2024 07:58
162,2024-12,11500,20/04/2024 13:48
162,2025-01,20500,10/04/2024 16:48
162,2025-02,18850,20/04/2024 20:36
162,2025-03,18050,08/04/2024 12:57
162,2025-04,17200,12/04/2025 08:03
162,2025-05,17200,13/04/2025 12:10
162,2025-06,18050,14/04/2025 08:41
162,2025-07,16350,12/04/2025 16:47
162,2025-08,12900,13/04/2025 18:46
162,2025-09,20650,18/04/2025 11:13
162,2025-10,18950,18/04/2025 16:29
162,2025-11,17200,19/04/2025 17:05
162,2025-12,12050,17/04/2025 12:37
162,2026-01,21500,04/04/2025 07:00
162,2026-02,19800,12/04/2025 20:44
162,2026-03,18950,14/04/2025 09:14
162,2026-04,18050,04/04/2026 18:12
162,2026-05,18050,01/04/2026 13:08
162,2026-06,19000,01/04/2026 17:53
162,2026-07,17150,06/04/2026 09:40
162,2026-08,13550,05/04/2026 11:38
162,2026-09,21700,20/04/2026 07:43
163,2024-10,5400,06/04/2024 17:28
163,2024-11,4900,18/04/2024 14:26
163,2024-12,3450,19/04/2024 13:47
163,2025-01,6150,19/04/2024 18:43
163,2025-02,5650,20/04/2024 20:39
163,2025-03,5400,02/04/2024 19:57
163,2025-04,5150,21/04/2025 15:13
163,2025-05,5150,01/04/2025 18:06
163,2025-06,5400,07/04/2025 12:59
163,2025-07,4900,18/04/2025 13:29
163,2025-08,9050,16/04/2025 07:38
163,2025-09,14450,04/04/2025 18:35
163,2025-10,13250,06/04/2025 08:12
163,2025-11,12050,10/04/2025 08:22
163,2025-12,8450,03/04/2025 13:47
163,2026-01,15050,09/04/2025 10:57
163,2026-02,19800,14/04/2025 12:13
163,2026-03,18950,09/04/2025 17:05
163,2026-04,18050,20/04/2026 15:29
163,2026-05,18050,18/04/2026 17:44
164,2026-05,5400,10/04/2026 13:42
164,2026-06,5700,11/04/2026 10:38
164,2026-07,5150,10/04/2026 07:44
164,2026-08,4050,21/04/2026 16:33
164,2026-09,6500,15/04/2026 11:01
165,2023-04,13000,08/04/2023 17:10
165,2023-05,13000,08/04/2023 20:04
165,2023-06,13650,04/04/2023 10:49
165,2023-07,12350,15/04/2023 15:38
165,2023-08,9750,18/04/2023 11:55
165,2023-09,15600,01/04/2023 10:07
165,2023-10,14300,12/04/2023 18:06
165,2023-11,13000,01/04/2023 15:52
165,2023-12,9100,12/04/2023 18:56
165,2024-01,16250,10/04/2023 14:30
165,2024-02,14950,07/04/2023 07:33
165,2024-03,14300,17/04/2023 07:09
165,2024-04,13650,08/04/2024 16:16
165,2024-05,13650,20/04/2024 16:19
165,2024-06,14300,08/04/2024 20:05
165,2024-07,12950,12/04/2024 09:18
165,2024-08,10250,12/04/2024 13:39
165,2024-09,16350,06/04/2024 12:38
165,2024-10,15000,12/04/2024 19:13
165,2024-11,13650,17/04/2024 13:16
165,2024-12,9550,01/04/2024 13:25
165,2025-01,17050,10/04/2024 12:32
165,2025-02,15700,17/04/2024 16:33
165,2025-03,15000,19/04/2024 20:14
165,2025-04,14300,20/04/2025 18:07
165,2025-05,14300,11/04/2025 14:51
165,2025-06,15050,16/04/2025 19:21
165,2025-07,13600,14/04/2025 10:36
165,2025-08,10750,10/04/2025 12:27
165,2025-09,17200,19/04/2025 13:23
165,2025-10,15750,07/04/2025 13:13
165,2025-11,14300,13/04/2025 20:10
165,2025-12,10000,06/04/2025 08:31
165,2026-01,17900,05/04/2025 15:34
165,2026-02,16450,17/04/2025 14:16
165,2026-03,15750,12/04/2025 11:34
165,2026-04,15050,14/04/2026 07:22
165,2026-05,15050,18/04/2026 18:15
165,2026-06,15800,11/04/2026 16:54
165,2026-07,14300,18/04/2026 07:10
165,2026-08,11300,16/04/2026 09:46
165,2026-09,18050,10/04/2026 20:01
166,2023-04,18550,12/04/2023 07:21
166,2023-05,18550,14/04/2023 18:42
166,2023-06,19500,06/04/2023 11:35
166,2023-07,17650,09/04/2023 17:30
166,2023-08,13900,11/04/2023 09:47
166,2023-09,22250,01/04/2023 08:47
166,2023-10,20400,08/04/2023 11:04
166,2023-11,18550,11/04/2023 19:31
166,2023-12,13000,17/04/2023 17:40
166,2024-01,23200,01/04/2023 15:13
166,2024-02,21350,01/04/2023 08:32
166,2024-03,20400,13/04/2023 08:10
166,2024-04,19500,18/04/2024 12:05
166,2024-05,19500,02/04/2024 18:37
166,2024-06,20450,14/04/2024 18:22
166,2024-07,18500,11/04/2024 07:13
166,2024-08,14600,16/04/2024 10:02
166,2024-09,23400,03/04/2024 08:14
166,2024-10,21450,20/04/2024 11:27
166,2024-11,19500,09/04/2024 07:18
166,2024-12,13650,01/04/2024 16:15
166,2025-01,24350,15/04/2024 19:06
166,2025-02,22400,03/04/2024 16:02
166,2025-03,21450,06/04/2024 10:16
166,2025-04,20450,15/04/2025 20:16
166,2025-05,20450,09/04/2025 19:46
166,2025-06,21500,01/04/2025 09:20
166,2025-07,19450,17/04/2025 20:44
166,2025-08,15350,07/04/2025 15:47
166,2025-09,24550,07/04/2025 10:47
166,2025-10,22500,17/04/2025 11:23
166,2025-11,20450,06/04/2025 20:15
166,2025-12,14300,10/04/2025 08:36
166,2026-01,25550,13/04/2025 15:25
166,2026-02,23550,06/04/2025 16:04
166,2026-03,22500,05/04/2025 16:59
166,2026-04,21500,12/04/2026 16:57
166,2026-05,21500,01/04/2026 08:55
166,2026-06,22550,19/04/2026 09:15
166,2026-07,20400,10/04/2026 07:50
166,2026-08,16100,01/04/2026 16:51
166,2026-09,25800,10/04/2026 18:49
167,2023-04,18550,09/04/2023 11:11
167,2023-05,18550,01/04/2023 11:58
167,2023-06,19500,13/04/2023 08:32
167,2023-07,17650,04/04/2023 19:15
167,2023-08,13900,02/04/2023 07:35
167,2023-09,22250,05/04/2023 09:01
167,2023-10,20400,09/04/2023 10:08
167,2023-11,18550,17/04/2023 08:24
167,2023-12,13000,21/04/2023 07:53
167,2024-01,23200,17/04/2023 20:18
167,2024-02,21350,01/04/2023 18:59
167,2024-03,20400,05/04/2023 15:50
167,2024-04,19500,19/04/2024 20:54
167,2024-05,19500,11/04/2024 15:16
167,2024-06,20450,08/04/2024 19:29
167,2024-07,18500,16/04/2024 15:10
167,2024-08,14600,08/04/2024 18:30
167,2024-09,23400,11/04/2024 19:41
167,2024-10,21450,05/04/2024 10:20
168,2023-04,18550,10/04/2023 12:15
168,2023-05,18550,20/04/2023 13:21
168,2023-06,19500,19/04/2023 18:11
168,2023-07,17650,03/04/2023 10:53
168,2023-08,13900,01/04/2023 20:57
168,2023-09,22250,19/04/2023 20:51
168,2023-10,20400,04/04/2023 17:08
168,2023-11,18550,04/04/2023 19:59
168,2023-12,13000,06/04/2023 15:20
168,2024-01,23200,10/04/2023 20:51
168,2024-02,21350,18/04/2023 20:26
168,2024-03,20400,14/04/2023 08:47
168,2024-04,19500,19/04/2024 17:53
168,2024-05,19500,10/04/2024 11:31
168,2024-06,20450,18/04/2024 09:53
169,2023-06,5850,07/04/2023 15:19
169,2023-07,5300,04/04/2023 11:24
169,2023-08,4150,01/04/2023 10:13
169,2023-09,6700,04/04/2023 18:41
169,2023-10,6100,08/04/2023 19:19
169,2023-11,5550,06/04/2023 09:21
169,2023-12,3900,03/04/2023 07:33
169,2024-01,6950,08/04/2023 18:08
169,2024-02,6400,15/04/2023 08:27
169,2024-03,14300,16/04/2023 16:26
169,2024-04,13650,17/04/2024 09:29
169,2024-05,13650,17/04/2024 15:21
169,2024-06,14300,03/04/2024 20:45
169,2024-07,12950,19/04/2024 08:20
169,2024-08,10250,03/04/2024 16:36
169,2024-09,23400,06/04/2024 08:41
169,2024-10,21450,10/04/2024 19:34
169,2024-11,19500,04/04/2024 08:02
169,2024-12,13650,01/04/2024 20:02
169,2025-01,24350,17/04/2024 11:17
169,2025-02,22400,02/04/2024 08:46
169,2025-03,21450,04/04/2024 16:36
169,2025-04,20450,07/04/2025 07:51
169,2025-05,20450,18/04/2025 13:57
169,2025-06,21500,09/04/2025 12:32
169,2025-07,19450,21/04/2025 10:08
169,2025-08,15350,14/04/2025 17:45
169,2025-09,24550,06/04/2025 15:42
169,2025-10,22500,04/04/2025 15:38
169,2025-11,20450,04/04/2025 17:55
169,2025-12,14300,11/04/2025 14:32
169,2026-01,25550,14/04/2025 18:15
169,2026-02,23550,15/04/2025 10:17
169,2026-03,22500,06/04/2025 15:36
169,2026-04,21500,08/04/2026 20:05
169,2026-05,21500,10/04/2026 12:04
169,2026-06,22550,16/04/2026 10:18
169,2026-07,20400,04/04/2026 11:46
169,2026-08,16100,03/04/2026 11:56
169,2026-09,25800,09/04/2026 10:55
170,2024-06,6150,16/04/2024 10:26
170,2024-07,5550,09/04/2024 10:13
170,2024-08,4400,02/04/2024 09:53
170,2024-09,7000,14/04/2024 15:39
170,2024-10,6450,12/04/2024 15:22
170,2024-11,5850,20/04/2024 12:47
170,2024-12,4100,08/04/2024 09:24
170,2025-01,7300,07/04/2024 11:14
170,2025-02,6700,09/04/2024 19:47
170,2025-03,6450,20/04/2024 19:30
170,2025-04,14300,09/04/2025 20:36
170,2025-05,14300,17/04/2025 15:58
170,2025-06,15050,02/04/2025 20:01
170,2025-07,13600,18/04/2025 07:31
170,2025-08,10750,19/04/2025 11:57
170,2025-09,17200,05/04/2025 12:41
170,2025-10,22500,02/04/2025 12:39
170,2025-11,20450,09/04/2025 16:58
170,2025-12,14300,13/04/2025 18:14
170,2026-01,25550,12/04/2025 20:02
170,2026-02,23550,05/04/2025 20:58
170,2026-03,22500,12/04/2025 15:39
170,2026-04,21500,10/04/2026 16:28
170,2026-05,21500,07/04/2026 14:08
170,2026-06,22550,17/04/2026 17:40
170,2026-07,20400,19/04/2026 09:26
170,2026-08,16100,09/04/2026 07:33
170,2026-09,25800,14/04/2026 19:05
171,2024-10,6450,17/04/2024 10:01
171,2024-11,5850,07/04/2024 17:43
171,2024-12,4100,12/04/2024 08:22
171,2025-01,7300,04/04/2024 20:59
171,2025-02,6700,06/04/2024 15:20
171,2025-03,6450,08/04/2024 07:03
171,2025-04,6150,16/04/2025 20:35
171,2025-05,6150,13/04/2025 14:49
171,2025-06,6450,21/04/2025 20:32
171,2025-07,13600,08/04/2025 13:36
171,2025-08,10750,15/04/2025 20:02
171,2025-09,17200,11/04/2025 19:26
171,2025-10,15750,12/04/2025 15:32
171,2025-11,14300,05/04/2025 11:14
171,2025-12,10000,17/04/2025 20:01
171,2026-01,25550,18/04/2025 20:35
171,2026-02,23550,12/04/2025 19:29
171,2026-03,22500,17/04/2025 14:56
171,2026-04,21500,10/04/2026 11:21
171,2026-05,21500,08/04/2026 16:47
171,2026-06,22550,10/04/2026 07:59
171,2026-07,20400,08/04/2026 17:12
171,2026-08,16100,06/04/2026 09:55
171,2026-09,25800,11/04/2026 09:42
172,2024-10,6450,15/04/2024 15:26
172,2024-11,5850,03/04/2024 10:33
172,2024-12,4100,11/04/2024 07:28
172,2025-01,7300,04/04/2024 07:38
172,2025-02,6700,19/04/2024 13:33
172,2025-03,6450,10/04/2024 18:49
172,2025-04,6150,21/04/2025 18:10
172,2025-05,6150,03/04/2025 17:08
172,2025-06,6450,14/04/2025 13:08
172,2025-07,5850,05/04/2025 19:21
172,2025-08,10750,16/04/2025 18:58
172,2025-09,17200,11/04/2025 09:07
172,2025-10,15750,11/04/2025 11:04
172,2025-11,14300,19/04/2025 13:10
172,2025-12,10000,17/04/2025 11:11
172,2026-01,17900,13/04/2025 20:33
172,2026-02,23550,13/04/2025 12:28
172,2026-03,22500,02/04/2025 11:49
172,2026-04,21500,04/04/2026 18:17
172,2026-05,21500,10/04/2026 19:45
172,2026-06,22550,12/04/2026 07:03
172,2026-07,20400,14/04/2026 19:37
172,2026-08,16100,19/04/2026 17:05
172,2026-09,25800,12/04/2026 16:59
173,2026-02,7050,01/04/2025 13:27
173,2026-03,6750,09/04/2025 14:17
173,2026-04,6450,14/04/2026 14:20
173,2026-05,6450,13/04/2026 10:07
173,2026-06,6750,05/04/2026 19:38
173,2026-07,6100,10/04/2026 13:18
173,2026-08,4850,20/04/2026 18:56
173,2026-09,7750,21/04/2026 13:40
174,2023-04,7600,14/04/2023 17:34
174,2023-05,7600,09/04/2023 10:30
174,2023-06,8000,16/04/2023 07:55
174,2023-07,7250,14/04/2023 20:41
174,2023-08,5700,09/04/2023 15:40
174,2023-09,9150,06/04/2023 16:01
174,2023-10,8350,20/04/2023 15:21
174,2023-11,7600,18/04/2023 11:58
174,2023-12,5350,20/04/2023 08:23
174,2024-01,9500,07/04/2023 08:28
174,2024-02,8750,15/04/2023 20:09
174,2024-03,8350,06/04/2023 14:09
174,2024-04,8000,18/04/2024 18:38
174,2024-05,8000,07/04/2024 11:00
174,2024-06,8400,04/04/2024 10:07
174,2024-07,7600,11/04/2024 19:32
174,2024-08,6000,10/04/2024 14:14
174,2024-09,9600,04/04/2024 17:32
174,2024-10,8800,01/04/2024 18:13
174,2024-11,8000,04/04/2024 20:56
174,2024-12,5600,17/04/2024 15:31
174,2025-01,10000,03/04/2024 19:59
174,2025-02,9200,19/04/2024 07:02
174,2025-03,8800,07/04/2024 07:29
174,2025-04,8400,18/04/2025 14:54
174,2025-05,8400,15/04/2025 09:16
174,2025-06,8800,13/04/2025 09:36
174,2025-07,7950,05/04/2025 14:45
174,2025-08,6300,21/04/2025 17:26
174,2025-09,10050,13/04/2025 10:43
174,2025-10,9250,09/04/2025 14:39
174,2025-11,8400,21/04/2025 13:51
174,2025-12,5850,15/04/2025 19:15
174,2026-01,10500,16/04/2025 15:57
174,2026-02,9650,05/04/2025 09:50
174,2026-03,9250,12/04/2025 08:08
174,2026-04,8800,10/04/2026 16:46
174,2026-05,8800,16/04/2026 11:52
174,2026-06,9250,19/04/2026 18:01
174,2026-07,8350,17/04/2026 17:07
174,2026-08,6600,02/04/2026 19:34
174,2026-09,10550,17/04/2026 09:12
175,2023-04,10850,14/04/2023 12:38
175,2023-05,10850,07/04/2023 18:56
175,2023-06,11400,12/04/2023 12:03
175,2023-07,10350,02/04/2023 13:44
175,2023-08,8150,17/04/2023 16:02
175,2023-09,13050,04/04/2023 07:31
175,2023-10,11950,19/04/2023 12:21
175,2023-11,10850,16/04/2023 12:45
175,2023-12,7600,19/04/2023 16:47
175,2024-01,13600,02/04/2023 18:16
175,2024-02,12500,17/04/2023 10:16
175,2024-03,11950,06/04/2023 15:15
175,2024-04,11400,21/04/2024 19:32
175,2024-05,11400,17/04/2024 11:02
175,2024-06,12000,12/04/2024 09:37
175,2024-07,10850,13/04/2024 07:34
175,2024-08,8550,08/04/2024 10:27
175,2024-09,13700,10/04/2024 20:55
175,2024-10,12550,15/04/2024 11:59
175,2024-11,11400,04/04/2024 10:26
175,2024-12,8000,03/04/2024 17:23
175,2025-01,14250,04/04/2024 11:02
175,2025-02,13150,11/04/2024 10:42
175,2025-03,12550,09/04/2024 07:03
175,2025-04,12000,08/04/2025 13:56
175,2025-05,12000,05/04/2025 10:39
175,2025-06,12600,09/04/2025 14:41
175,2025-07,11400,05/04/2025 09:34
175,2025-08,9000,09/04/2025 10:09
175,2025-09,14400,17/04/2025 11:38
175,2025-10,13200,03/04/2025 16:00
175,2025-11,12000,09/04/2025 15:28
175,2025-12,8400,08/04/2025 18:03
175,2026-01,15000,12/04/2025 11:57
175,2026-02,13800,03/04/2025 18:44
175,2026-03,13200,02/04/2025 19:32
175,2026-04,12600,15/04/2026 08:39
175,2026-05,12600,20/04/2026 16:50
175,2026-06,13200,07/04/2026 19:29
175,2026-07,11950,04/04/2026 16:57
175,2026-08,9450,13/04/2026 07:44
175,2026-09,15100,11/04/2026 12:10
176,2023-04,10850,10/04/2023 10:48
176,2023-05,10850,16/04/2023 15:27
176,2023-06,11400,14/04/2023 19:31
176,2023-07,10350,07/04/2023 13:30
177,2023-04,10850,09/04/2023 20:48
177,2023-05,10850,11/04/2023 16:33
177,2023-06,11400,15/04/2023 12:47
177,2023-07,10350,04/04/2023 08:36
177,2023-08,8150,02/04/2023 12:04
177,2023-09,13050,16/04/2023 09:42
177,2023-10,11950,17/04/2023 13:40
177,2023-11,10850,05/04/2023 12:13
177,2023-12,7600,08/04/2023 12:28
177,2024-01,13600,02/04/2023 09:06
177,2024-02,12500,19/04/2023 18:23
177,2024-03,11950,06/04/2023 13:57
177,2024-04,11400,13/04/2024 11:30
177,2024-05,11400,04/04/2024 10:59
177,2024-06,12000,19/04/2024 12:46
177,2024-07,10850,13/04/2024 16:18
177,2024-08,8550,17/04/2024 11:36
177,2024-09,13700,13/04/2024 14:44
177,2024-10,12550,09/04/2024 10:49
177,2024-11,11400,18/04/2024 12:47
177,2024-12,8000,02/04/2024 10:04
177,2025-01,14250,14/04/2024 07:20
177,2025-02,13150,13/04/2024 09:53
177,2025-03,12550,13/04/2024 16:01
177,2025-04,12000,10/04/2025 10:58
177,2025-05,12000,01/04/2025 10:28
177,2025-06,12600,10/04/2025 19:21
177,2025-07,11400,10/04/2025 18:37
177,2025-08,9000,02/04/2025 10:56
177,2025-09,14400,19/04/2025 19:46
177,2025-10,13200,07/04/2025 12:34
177,2025-11,12000,19/04/2025 15:03
177,2025-12,8400,04/04/2025 17:39
177,2026-01,15000,08/04/2025 16:15
177,2026-02,13800,06/04/2025 11:55
177,2026-03,13200,06/04/2025 13:24
177,2026-04,12600,08/04/2026 19:42
177,2026-05,12600,10/04/2026 17:06
177,2026-06,13200,17/04/2026 19:34
177,2026-07,11950,04/04/2026 15:15
177,2026-08,9450,06/04/2026 19:07
177,2026-09,15100,09/04/2026 16:09
178,2023-06,3450,10/04/2023 15:48
178,2023-07,3100,18/04/2023 17:00
178,2023-08,2450,06/04/2023 17:28
178,2023-09,3900,20/04/2023 15:40
178,2023-10,3600,17/04/2023 16:51
178,2023-11,3250,21/04/2023 11:38
178,2023-12,2300,05/04/2023 17:30
178,2024-01,4100,17/04/2023 09:33
178,2024-02,3750,05/04/2023 15:23
178,2024-03,3600,16/04/2023 12:22
178,2024-04,8000,15/04/2024 14:24
178,2024-05,8000,01/04/2024 13:23
178,2024-06,8400,03/04/2024 20:16
178,2024-07,7600,04/04/2024 17:49
178,2024-08,6000,03/04/2024 09:17
178,2024-09,9600,11/04/2024 15:00
178,2024-10,12550,01/04/2024 16:15
178,2024-11,11400,16/04/2024 12:13
178,2024-12,8000,04/04/2024 13:33
178,2025-01,14250,10/04/2024 16:27
178,2025-02,13150,08/04/2024 19:51
178,2025-03,12550,02/04/2024 15:10
178,2025-04,12000,16/04/2025 13:34
178,2025-05,12000,09/04/2025 09:20
178,2025-06,12600,03/04/2025 19:04
178,2025-07,11400,02/04/2025 20:07
178,2025-08,9000,05/04/2025 11:54
178,2025-09,14400,09/04/2025 15:59
178,2025-10,13200,15/04/2025 14:27
178,2025-11,12000,11/04/2025 13:32
178,2025-12,8400,13/04/2025 10:49
178,2026-01,15000,19/04/2025 19:49
178,2026-02,13800,21/04/2025 11:54
178,2026-03,13200,18/04/2025 18:50
178,2026-04,12600,18/04/2026 13:47
178,2026-05,12600,10/04/2026 09:15
178,2026-06,13200,05/04/2026 11:00
178,2026-07,11950,14/04/2026 07:45
178,2026-08,9450,15/04/2026 08:29
178,2026-09,15100,07/04/2026 18:44
179,2023-07,3100,19/04/2023 11:55
179,2023-08,2450,17/04/2023 12:03
179,2023-09,3900,02/04/2023 09:43
179,2023-10,3600,18/04/2023 12:46
179,2023-11,3250,08/04/2023 18:54
179,2023-12,2300,13/04/2023 20:28
179,2024-01,4100,07/04/2023 07:00
179,2024-02,3750,14/04/2023 19:28
179,2024-03,3600,20/04/2023 13:42
179,2024-04,3450,05/04/2024 18:29
179,2024-05,8000,17/04/2024 19:49
179,2024-06,8400,02/04/2024 19:08
179,2024-07,7600,02/04/2024 12:13
179,2024-08,6000,15/04/2024 14:18
179,2024-09,9600,16/04/2024 11:29
179,2024-10,8800,15/04/2024 09:46
179,2024-11,11400,18/04/2024 14:56
179,2024-12,8000,02/04/2024 10:25
179,2025-01,14250,01/04/2024 20:24
179,2025-02,13150,04/04/2024 15:32
179,2025-03,12550,09/04/2024 19:16
179,2025-04,12000,11/04/2025 11:55
179,2025-05,12000,01/04/2025 14:38
179,2025-06,12600,21/04/2025 16:56
179,2025-07,11400,11/04/2025 19:53
179,2025-08,9000,16/04/2025 07:24
179,2025-09,14400,19/04/2025 14:43
179,2025-10,13200,06/04/2025 19:40
179,2025-11,12000,10/04/2025 16:38
179,2025-12,8400,09/04/2025 20:17
179,2026-01,15000,21/04/2025 13:24
179,2026-02,13800,11/04/2025 08:33
179,2026-03,13200,21/04/2025 16:28
179,2026-04,12600,03/04/2026 17:47
179,2026-05,12600,13/04/2026 18:50
179,2026-06,13200,02/04/2026 12:07
179,2026-07,11950,15/04/2026 12:33
179,2026-08,9450,07/04/2026 12:04
179,2026-09,15100,14/04/2026 13:06
180,2024-10,3750,12/04/2024 19:58
180,2024-11,3450,17/04/2024 18:26
180,2024-12,2400,07/04/2024 18:45
180,2025-01,4300,12/04/2024 07:36
180,2025-02,3950,12/04/2024 13:05
180,2025-03,3750,14/04/2024 10:14
180,2025-04,3600,19/04/2025 11:34
180,2025-05,3600,19/04/2025 11:01
180,2025-06,3800,07/04/2025 20:29
180,2025-07,3400,10/04/2025 15:27
180,2025-08,6300,11/04/2025 19:51
180,2025-09,10050,12/04/2025 13:02
180,2025-10,9250,08/04/2025 12:59
180,2025-11,8400,06/04/2025 09:38
180,2025-12,5850,17/04/2025 16:55
180,2026-01,10500,17/04/2025 08:55
180,2026-02,13800,06/04/2025 13:32
180,2026-03,13200,06/04/2025 09:42
180,2026-04,12600,20/04/2026 20:46
180,2026-05,12600,16/04/2026 17:10
180,2026-06,13200,10/04/2026 15:03
180,2026-07,11950,05/04/2026 19:49
180,2026-08,9450,01/04/2026 19:09
180,2026-09,15100,21/04/2026 20:33
181,2026-02,4150,15/04/2025 19:25
181,2026-03,3950,17/04/2025 10:58
181,2026-04,3800,05/04/2026 09:33
181,2026-05,3800,06/04/2026 14:32
181,2026-06,3950,03/04/2026 11:52
181,2026-07,3600,20/04/2026 17:18
181,2026-08,2850,06/04/2026 08:00
181,2026-09,4550,12/04/2026 09:20
182,2023-04,6800,03/04/2023 14:46
182,2023-05,6800,01/04/2023 18:15
182,2023-06,7150,15/04/2023 10:47
182,2023-07,6450,12/04/2023 19:28
182,2023-08,5100,20/04/2023 14:54
182,2023-09,8150,17/04/2023 07:18
182,2023-10,7500,20/04/2023 11:56
182,2023-11,6800,18/04/2023 07:57
182,2023-12,4750,21/04/2023 07:14
182,2024-01,8500,10/04/2023 11:28
182,2024-02,7850,11/04/2023 11:11
182,2024-03,7500,12/04/2023 17:37
182,2024-04,7150,05/04/2024 11:04
182,2024-05,7150,19/04/2024 13:28
182,2024-06,7500,08/04/2024 20:52
182,2024-07,6800,06/04/2024 07:00
182,2024-08,5350,21/04/2024 19:22
182,2024-09,8600,13/04/2024 19:14
182,2024-10,7850,03/04/2024 18:22
182,2024-11,7150,08/04/2024 18:58
182,2024-12,5000,18/04/2024 13:53
182,2025-01,8950,18/04/2024 15:45
182,2025-02,8250,03/04/2024 11:24
182,2025-03,7850,12/04/2024 20:05
182,2025-04,7500,21/04/2025 18:21
182,2025-05,7500,21/04/2025 15:32
182,2025-06,7900,21/04/2025 18:51
182,2025-07,7150,02/04/2025 16:51
182,2025-08,5650,02/04/2025 20:02
182,2025-09,9000,07/04/2025 14:38
182,2025-10,8250,21/04/2025 13:35
182,2025-11,7500,06/04/2025 10:35
182,2025-12,5250,04/04/2025 11:02
182,2026-01,9400,06/04/2025 15:03
182,2026-02,8650,19/04/2025 10:22
182,2026-03,8250,14/04/2025 07:23
182,2026-04,7900,08/04/2026 12:10
182,2026-05,7900,21/04/2026 15:20
182,2026-06,8300,16/04/2026 13:10
182,2026-07,7500,11/04/2026 07:59
182,2026-08,5900,07/04/2026 19:59
182,2026-09,9450,15/04/2026 15:14
183,2023-04,9750,18/04/2023 17:40
183,2023-05,9750,14/04/2023 17:58
183,2023-06,10200,17/04/2023 12:13
183,2023-07,9250,21/04/2023 08:52
183,2023-08,7300,08/04/2023 15:23
183,2023-09,11700,19/04/2023 19:49
183,2023-10,10700,09/04/2023 11:23
183,2023-11,9750,11/04/2023 17:43
183,2023-12,6800,09/04/2023 18:03
183,2024-01,12150,20/04/2023 19:30
183,2024-02,11200,09/04/2023 09:13
183,2024-03,10700,20/04/2023 15:47
183,2024-04,10200,13/04/2024 15:02
183,2024-05,10200,21/04/2024 11:56
183,2024-06,10750,07/04/2024 13:23
183,2024-07,9700,17/04/2024 19:01
183,2024-08,7650,19/04/2024 07:41
183,2024-09,12250,13/04/2024 17:22
183,2024-10,11250,20/04/2024 09:19
183,2024-11,10200,08/04/2024 16:14
183,2024-12,7150,11/04/2024 16:25
183,2025-01,12750,03/04/2024 11:33
183,2025-02,11750,01/04/2024 18:40
183,2025-03,11250,05/04/2024 20:19
183,2025-04,10750,17/04/2025 13:22
183,2025-05,10750,02/04/2025 12:01
183,2025-06,11250,12/04/2025 11:37
183,2025-07,10200,16/04/2025 10:52
183,2025-08,8050,21/04/2025 17:24
183,2025-09,12900,20/04/2025 10:14
183,2025-10,11800,03/04/2025 17:19
183,2025-11,10750,07/04/2025 07:42
183,2025-12,7500,04/04/2025 19:06
183,2026-01,13400,18/04/2025 15:33
183,2026-02,12350,20/04/2025 08:39
183,2026-03,11800,05/04/2025 12:09
183,2026-04,11250,14/04/2026 17:29
183,2026-05,11250,13/04/2026 16:18
183,2026-06,11850,21/04/2026 14:47
183,2026-07,10700,17/04/2026 14:41
183,2026-08,8450,17/04/2026 18:10
183,2026-09,13500,09/04/2026 13:08
184,2023-04,9750,14/04/2023 18:15
184,2023-05,9750,15/04/2023 19:46
184,2023-06,10200,05/04/2023 16:51
184,2023-07,9250,14/04/2023 17:56
184,2023-08,7300,10/04/2023 09:40
184,2023-09,11700,08/04/2023 12:48
184,2023-10,10700,05/04/2023 18:20
184,2023-11,9750,09/04/2023 08:27
184,2023-12,6800,16/04/2023 14:06
184,2024-01,12150,17/04/2023 14:46
184,2024-02,11200,03/04/2023 11:50
184,2024-03,10700,14/04/2023 12:06
184,2024-04,10200,07/04/2024 13:37
184,2024-05,10200,06/04/2024 08:53
184,2024-06,10750,12/04/2024 16:31
184,2024-07,9700,08/04/2024 09:45
184,2024-08,7650,16/04/2024 07:38
184,2024-09,12250,21/04/2024 09:20
184,2024-10,11250,13/04/2024 10:20
184,2024-11,10200,05/04/2024 12:54
184,2024-12,7150,21/04/2024 14:57
184,2025-01,12750,02/04/2024 12:51
184,2025-02,11750,07/04/2024 12:52
184,2025-03,11250,21/04/2024 11:19
184,2025-04,10750,08/04/2025 16:32
184,2025-05,10750,11/04/2025 17:37
184,2025-06,11250,03/04/2025 19:56
184,2025-07,10200,14/04/2025 12:49
184,2025-08,8050,03/04/2025 15:06
184,2025-09,12900,11/04/2025 19:22
184,2025-10,11800,21/04/2025 16:38
184,2025-11,10750,16/04/2025 19:58
184,2025-12,7500,17/04/2025 09:34
184,2026-01,13400,13/04/2025 10:03
184,2026-02,12350,06/04/2025 13:58
184,2026-03,11800,03/04/2025 15:22
184,2026-04,11250,17/04/2026 08:57
184,2026-05,11250,05/04/2026 16:07
184,2026-06,11850,13/04/2026 14:44
184,2026-07,10700,16/04/2026 17:58
185,2023-04,9750,01/04/2023 11:38
185,2023-05,9750,19/04/2023 10:52
185,2023-06,10200,15/04/2023 11:40
185,2023-07,9250,19/04/2023 08:50
185,2023-08,7300,04/04/2023 11:40
185,2023-09,11700,15/04/2023 15:56
185,2023-10,10700,16/04/2023 14:59
185,2023-11,9750,10/04/2023 14:12
185,2023-12,6800,16/04/2023 08:49
185,2024-01,12150,19/04/2023 07:36
185,2024-02,11200,17/04/2023 07:35
185,2024-03,10700,09/04/2023 18:03
185,2024-04,10200,16/04/2024 18:10
185,2024-05,10200,17/04/2024 19:57
185,2024-06,10750,19/04/2024 19:20
185,2024-07,9700,10/04/2024 15:44
185,2024-08,7650,11/04/2024 11:34
185,2024-09,12250,12/04/2024 15:41
185,2024-10,11250,09/04/2024 11:30
185,2024-11,10200,06/04/2024 11:31
186,2023-04,9750,07/04/2023 15:26
186,2023-05,9750,02/04/2023 09:23
186,2023-06,10200,01/04/2023 12:05
186,2023-07,9250,17/04/2023 09:53
186,2023-08,7300,02/04/2023 12:27
186,2023-09,11700,04/04/2023 18:09
186,2023-10,10700,08/04/2023 18:51
186,2023-11,9750,10/04/2023 11:34
186,2023-12,6800,13/04/2023 12:18
186,2024-01,12150,08/04/2023 14:06
186,2024-02,11200,17/04/2023 13:30
186,2024-03,10700,15/04/2023 13:45
186,2024-04,10200,06/04/2024 08:46
186,2024-05,10200,14/04/2024 08:26
186,2024-06,10750,04/04/2024 08:53
186,2024-07,9700,09/04/2024 15:49
186,2024-08,7650,21/04/2024 16:04
186,2024-09,12250,04/04/2024 11:04
186,2024-10,11250,14/04/2024 19:13
186,2024-11,10200,05/04/2024 12:52
186,2024-12,7150,11/04/2024 14:09
186,2025-01,12750,21/04/2024 12:10
186,2025-02,11750,05/04/2024 16:46
186,2025-03,11250,01/04/2024 15:00
186,2025-04,10750,12/04/2025 08:03
186,2025-05,10750,12/04/2025 18:58
186,2025-06,11250,21/04/2025 16:11
186,2025-07,10200,13/04/2025 18:08
186,2025-08,8050,14/04/2025 17:31
186,2025-09,12900,16/04/2025 09:35
186,2025-10,11800,16/04/2025 11:52
186,2025-11,10750,03/04/2025 15:47
186,2025-12,7500,05/04/2025 13:53
186,2026-01,13400,15/04/2025 14:54
186,2026-02,12350,08/04/2025 18:05
186,2026-03,11800,18/04/2025 10:51
186,2026-04,11250,11/04/2026 12:48
186,2026-05,11250,19/04/2026 18:00
186,2026-06,11850,16/04/2026 18:19
186,2026-07,10700,11/04/2026 08:40
186,2026-08,8450,16/04/2026 10:24
186,2026-09,13500,21/04/2026 12:57
187,2023-04,6800,08/04/2023 16:48
187,2023-05,6800,09/04/2023 07:15
187,2023-06,7150,21/04/2023 12:34
187,2023-07,6450,02/04/2023 18:57
187,2023-08,5100,14/04/2023 11:21
187,2023-09,8150,09/04/2023 19:04
187,2023-10,10700,21/04/2023 20:12
187,2023-11,9750,05/04/2023 18:23
187,2023-12,6800,17/04/2023 20:06
187,2024-01,12150,01/04/2023 16:47
187,2024-02,11200,09/04/2023 07:59
187,2024-03,10700,06/04/2023 17:47
187,2024-04,10200,11/04/2024 19:21
187,2024-05,10200,10/04/2024 17:13
187,2024-06,10750,11/04/2024 19:30
187,2024-07,9700,11/04/2024 17:16
187,2024-08,7650,21/04/2024 17:38
187,2024-09,12250,12/04/2024 17:31
187,2024-10,11250,20/04/2024 09:29
187,2024-11,10200,07/04/2024 13:35
187,2024-12,7150,13/04/2024 19:09
187,2025-01,12750,13/04/2024 15:57
187,2025-02,11750,10/04/2024 10:25
187,2025-03,11250,16/04/2024 18:29
187,2025-04,10750,08/04/2025 18:03
187,2025-05,10750,14/04/2025 16:34
187,2025-06,11250,18/04/2025 13:41
187,2025-07,10200,21/04/2025 07:36
187,2025-08,8050,05/04/2025 15:20
187,2025-09,12900,10/04/2025 12:52
187,2025-10,11800,03/04/2025 12:18
187,2025-11,10750,11/04/2025 12:21
187,2025-12,7500,17/04/2025 17:34
187,2026-01,13400,06/04/2025 08:39
188,2024-10,3350,05/04/2024 13:38
188,2024-11,3050,04/04/2024 14:50
188,2024-12,2150,07/04/2024 17:08
188,2025-01,3850,11/04/2024 15:31
188,2025-02,3550,21/04/2024 16:17
188,2025-03,3350,03/04/2024 16:59
189,2024-11,3050,08/04/2024 18:43
189,2024-12,2150,06/04/2024 20:54
189,2025-01,3850,07/04/2024 15:48
189,2025-02,3550,16/04/2024 12:39
189,2025-03,3350,03/04/2024 10:55
189,2025-04,3200,04/04/2025 15:32
189,2025-05,3200,05/04/2025 12:43
189,2025-06,3400,13/04/2025 20:43
189,2025-07,3050,17/04/2025 19:50
189,2025-08,2400,06/04/2025 07:36
189,2025-09,9000,18/04/2025 20:33
189,2025-10,8250,05/04/2025 18:20
189,2025-11,7500,05/04/2025 11:59
189,2025-12,5250,21/04/2025 13:06
189,2026-01,9400,19/04/2025 16:02
189,2026-02,8650,10/04/2025 15:55
189,2026-03,11800,14/04/2025 20:39
189,2026-04,11250,01/04/2026 09:06
189,2026-05,11250,19/04/2026 10:55
190,2025-03,3350,09/04/2024 11:57
190,2025-04,3200,15/04/2025 10:14
190,2025-05,3200,04/04/2025 17:16
190,2025-06,3400,19/04/2025 17:16
190,2025-07,3050,04/04/2025 19:12
190,2025-08,2400,18/04/2025 09:07
190,2025-09,3850,02/04/2025 14:50
190,2025-10,3550,14/04/2025 14:43
190,2025-11,3200,08/04/2025 16:15
190,2025-12,5250,15/04/2025 10:16
190,2026-01,9400,16/04/2025 20:50
190,2026-02,8650,18/04/2025 08:21
190,2026-03,8250,08/04/2025 14:42
190,2026-04,7900,16/04/2026 14:33
190,2026-05,7900,06/04/2026 20:53
190,2026-06,11850,15/04/2026 07:09
190,2026-07,10700,19/04/2026 11:27
190,2026-08,8450,09/04/2026 10:48
190,2026-09,13500,10/04/2026 14:35
191,2026-01,4000,13/04/2025 08:47
191,2026-02,3700,04/04/2025 11:42
191,2026-03,3550,08/04/2025 12:15
191,2026-04,3400,12/04/2026 15:30
191,2026-05,3400,13/04/2026 07:34
191,2026-06,3550,21/04/2026 15:03
191,2026-07,3200,06/04/2026 12:25
191,2026-08,2550,07/04/2026 17:27
191,2026-09,4050,14/04/2026 09:12
192,2026-05,3400,06/04/2026 08:37
192,2026-06,3550,14/04/2026 10:31
192,2026-07,3200,12/04/2026 20:08
192,2026-08,2550,07/04/2026 15:18
192,2026-09,4050,19/04/2026 19:45
193,2026-07,3200,04/04/2026 10:51
193,2026-08,2550,12/04/2026 14:30
193,2026-09,4050,07/04/2026 07:26
194,2023-04,8100,20/04/2023 08:59
194,2023-05,8100,16/04/2023 18:54
194,2023-06,8500,05/04/2023 11:13
194,2023-07,7700,15/04/2023 17:15
194,2023-08,6050,12/04/2023 13:06
194,2023-09,9700,11/04/2023 20:52
194,2023-10,8900,03/04/2023 14:05
194,2023-11,8100,08/04/2023 16:22
194,2023-12,5650,08/04/2023 07:05
194,2024-01,10100,21/04/2023 10:46
194,2024-02,9300,04/04/2023 17:22
194,2024-03,8900,14/04/2023 09:37
194,2024-04,8500,12/04/2024 12:27
194,2024-05,8500,18/04/2024 09:48
194,2024-06,8950,04/04/2024 17:50
194,2024-07,8100,16/04/2024 12:19
194,2024-08,6400,04/04/2024 15:00
194,2024-09,10200,14/04/2024 16:17
194,2024-10,9350,11/04/2024 14:08
194,2024-11,8500,17/04/2024 12:23
194,2024-12,5950,13/04/2024 10:48
194,2025-01,10650,16/04/2024 15:18
194,2025-02,9800,12/04/2024 13:50
194,2025-03,9350,21/04/2024 11:49
194,2025-04,8950,06/04/2025 11:23
194,2025-05,8950,13/04/2025 19:16
194,2025-06,9400,17/04/2025 09:53
194,2025-07,8500,19/04/2025 15:53
194,2025-08,6700,04/04/2025 15:09
194,2025-09,10700,07/04/2025 16:31
194,2025-10,9800,20/04/2025 15:14
194,2025-11,8950,09/04/2025 19:58
194,2025-12,6250,17/04/2025 18:38
194,2026-01,11150,04/04/2025 08:34
194,2026-02,10250,21/04/2025 19:34
194,2026-03,9800,10/04/2025 08:04
194,2026-04,9400,17/04/2026 12:22
194,2026-05,9400,10/04/2026 15:12
194,2026-06,9850,21/04/2026 19:28
194,2026-07,8900,12/04/2026 20:42
194,2026-08,7050,01/04/2026 14:20
194,2026-09,11250,11/04/2026 07:19
195,2023-04,11550,03/04/2023 14:19
195,2023-05,11550,21/04/2023 13:54
195,2023-06,12150,02/04/2023 15:54
195,2023-07,11000,06/04/2023 17:18
195,2023-08,8700,01/04/2023 15:30
195,2023-09,13900,12/04/2023 11:36
195,2023-10,12750,21/04/2023 07:26
195,2023-11,11550,15/04/2023 12:48
195,2023-12,8100,12/04/2023 18:00
195,2024-01,14450,21/04/2023 20:45
195,2024-02,13300,08/04/2023 13:26
195,2024-03,12750,14/04/2023 15:41
195,2024-04,12150,03/04/2024 11:08
195,2024-05,12150,11/04/2024 10:28
195,2024-06,12750,08/04/2024 12:05
195,2024-07,11550,12/04/2024 07:50
195,2024-08,9100,11/04/2024 10:06
195,2024-09,14600,20/04/2024 11:36
195,2024-10,13350,11/04/2024 16:43
195,2024-11,12150,03/04/2024 20:41
195,2024-12,8500,20/04/2024 18:27
195,2025-01,15200,06/04/2024 17:38
195,2025-02,13950,12/04/2024 08:09
195,2025-03,13350,10/04/2024 07:19
195,2025-04,12750,11/04/2025 10:48
195,2025-05,12750,11/04/2025 16:39
195,2025-06,13400,08/04/2025 16:16
195,2025-07,12100,05/04/2025 19:04
195,2025-08,9550,13/04/2025 19:46
195,2025-09,15300,06/04/2025 14:34
195,2025-10,14050,14/04/2025 20:34
195,2025-11,12750,03/04/2025 15:52
195,2025-12,8950,03/04/2025 13:43
196,2023-04,11550,14/04/2023 12:38
196,2023-05,11550,14/04/2023 10:04
196,2023-06,12150,05/04/2023 15:30
196,2023-07,11000,01/04/2023 09:13
196,2023-08,8700,20/04/2023 13:01
196,2023-09,13900,07/04/2023 19:03
196,2023-10,12750,16/04/2023 17:34
196,2023-11,11550,12/04/2023 15:14
196,2023-12,8100,06/04/2023 08:34
197,2023-04,8100,01/04/2023 20:22
197,2023-05,8100,07/04/2023 20:43
197,2023-06,8500,11/04/2023 16:01
197,2023-07,11000,02/04/2023 20:08
197,2023-08,8700,02/04/2023 11:25
197,2023-09,13900,19/04/2023 15:39
197,2023-10,12750,20/04/2023 15:28
197,2023-11,11550,11/04/2023 14:50
197,2023-12,8100,04/04/2023 14:36
197,2024-01,14450,14/04/2023 08:23
197,2024-02,13300,14/04/2023 15:10
198,2023-04,11550,09/04/2023 16:29
198,2023-05,11550,10/04/2023 14:07
198,2023-06,12150,15/04/2023 18:20
198,2023-07,11000,17/04/2023 08:28
198,2023-08,8700,09/04/2023 18:18
198,2023-09,13900,14/04/2023 11:08
198,2023-10,12750,13/04/2023 17:20
198,2023-11,11550,11/04/2023 08:32
198,2023-12,8100,18/04/2023 13:03
198,2024-01,14450,17/04/2023 18:20
198,2024-02,13300,01/04/2023 20:40
198,2024-03,12750,17/04/2023 16:12
198,2024-04,12150,20/04/2024 14:11
198,2024-05,12150,06/04/2024 17:03
198,2024-06,12750,03/04/2024 12:47
198,2024-07,11550,10/04/2024 08:39
198,2024-08,9100,08/04/2024 16:55
198,2024-09,14600,21/04/2024 13:16
198,2024-10,13350,17/04/2024 12:16
198,2024-11,12150,01/04/2024 16:45
198,2024-12,8500,03/04/2024 18:07
198,2025-01,15200,21/04/2024 08:22
198,2025-02,13950,01/04/2024 09:28
198,2025-03,13350,10/04/2024 15:12
198,2025-04,12750,19/04/2025 18:07
198,2025-05,12750,21/04/2025 09:39
198,2025-06,13400,05/04/2025 09:50
198,2025-07,12100,04/04/2025 13:52
198,2025-08,9550,09/04/2025 17:16
198,2025-09,15300,02/04/2025 10:25
198,2025-10,14050,02/04/2025 20:51
198,2025-11,12750,15/04/2025 11:39
198,2025-12,8950,15/04/2025 09:18
198,2026-01,15950,02/04/2025 10:53
198,2026-02,14650,19/04/2025 19:15
198,2026-03,14050,14/04/2025 13:49
198,2026-04,13400,07/04/2026 13:08
198,2026-05,13400,19/04/2026 13:54
199,2023-10,3800,09/04/2023 15:44
199,2023-11,3450,17/04/2023 17:49
199,2023-12,2450,19/04/2023 15:10
199,2024-01,4350,02/04/2023 08:15
199,2024-02,4000,14/04/2023 07:04
199,2024-03,3800,15/04/2023 10:04
199,2024-04,3650,13/04/2024 17:28
199,2024-05,3650,13/04/2024 19:01
199,2024-06,3850,15/04/2024 13:09
199,2024-07,8100,05/04/2024 08:18
199,2024-08,6400,08/04/2024 18:16
199,2024-09,10200,12/04/2024 07:27
199,2024-10,9350,09/04/2024 17:18
199,2024-11,8500,13/04/2024 18:30
199,2024-12,5950,16/04/2024 14:34
199,2025-01,15200,17/04/2024 11:14
199,2025-02,13950,17/04/2024 16:57
199,2025-03,13350,15/04/2024 19:07
199,2025-04,12750,05/04/2025 18:15
199,2025-05,12750,18/04/2025 19:16
199,2025-06,13400,05/04/2025 12:30
199,2025-07,12100,01/04/2025 16:38
199,2025-08,9550,07/04/2025 08:30
199,2025-09,15300,02/04/2025 14:26
199,2025-10,14050,08/04/2025 17:12
199,2025-11,12750,03/04/2025 08:33
199,2025-12,8950,06/04/2025 20:30
199,2026-01,15950,17/04/2025 19:29
199,2026-02,14650,14/04/2025 14:50
199,2026-03,14050,07/04/2025 13:54
199,2026-04,13400,16/04/2026 11:23
199,2026-05,13400,21/04/2026 15:26
199,2026-06,14050,08/04/2026 11:35
199,2026-07,12750,14/04/2026 08:29
199,2026-08,10050,19/04/2026 08:52
199,2026-09,16050,16/04/2026 12:12
200,2023-12,2450,08/04/2023 08:59
200,2024-01,4350,01/04/2023 07:55
200,2024-02,4000,18/04/2023 08:05
200,2024-03,3800,01/04/2023 11:26
200,2024-04,3650,08/04/2024 10:34
200,2024-05,3650,20/04/2024 14:01
200,2024-06,3850,15/04/2024 11:21
200,2024-07,3450,02/04/2024 17:41
200,2024-08,2750,04/04/2024 13:12
200,2024-09,4350,11/04/2024 19:34
200,2024-10,9350,01/04/2024 09:03
200,2024-11,8500,03/04/2024 07:10
200,2024-12,5950,08/04/2024 10:33
200,2025-01,10650,02/04/2024 15:12
200,2025-02,9800,15/04/2024 08:28
200,2025-03,9350,07/04/2024 08:37
200,2025-04,12750,14/04/2025 12:26
200,2025-05,12750,21/04/2025 17:50
201,2024-02,4000,18/04/2023 12:14
201,2024-03,3800,21/04/2023 14:55
201,2024-04,3650,20/04/2024 09:02
201,2024-05,3650,03/04/2024 10:30
201,2024-06,3850,21/04/2024 12:55
201,2024-07,3450,03/04/2024 20:31
201,2024-08,2750,16/04/2024 13:41
201,2024-09,4350,21/04/2024 19:26
201,2024-10,4000,04/04/2024 13:36
201,2024-11,3650,20/04/2024 17:29
201,2024-12,5950,18/04/2024 20:32
201,2025-01,10650,16/04/2024 09:46
201,2025-02,9800,07/04/2024 14:51
201,2025-03,9350,20/04/2024 20:08
201,2025-04,8950,01/04/2025 14:43
201,2025-05,8950,15/04/2025 19:05
201,2025-06,13400,06/04/2025 20:00
201,2025-07,12100,17/04/2025 17:08
201,2025-08,9550,20/04/2025 18:56
201,2025-09,15300,05/04/2025 18:06
201,2025-10,14050,07/04/2025 15:26
201,2025-11,12750,20/04/2025 14:02
201,2025-12,8950,16/04/2025 10:19
201,2026-01,15950,13/04/2025 17:46
201,2026-02,14650,17/04/2025 07:34
201,2026-03,14050,09/04/2025 10:40
201,2026-04,13400,16/04/2026 19:20
201,2026-05,13400,10/04/2026 16:47
201,2026-06,14050,16/04/2026 19:31
201,2026-07,12750,09/04/2026 17:30
201,2026-08,10050,08/04/2026 11:43
201,2026-09,16050,02/04/2026 09:52
202,2025-05,3850,18/04/2025 16:43
202,2025-06,4000,08/04/2025 18:33
202,2025-07,3650,19/04/2025 20:15
202,2025-08,2850,09/04/2025 18:03
202,2025-09,4600,03/04/2025 15:30
202,2025-10,4200,06/04/2025 09:22
202,2025-11,3850,11/04/2025 07:56
202,2025-12,2700,16/04/2025 17:25
202,2026-01,4800,11/04/2025 19:14
202,2026-02,4400,07/04/2025 15:09
202,2026-03,9800,05/04/2025 13:27
202,2026-04,9400,20/04/2026 20:30
202,2026-05,9400,11/04/2026 14:12
202,2026-06,9850,17/04/2026 13:49
202,2026-07,8900,15/04/2026 09:20
202,2026-08,7050,07/04/2026 16:14
202,2026-09,16050,13/04/2026 16:14
203,2025-10,4200,02/04/2025 17:50
203,2025-11,3850,20/04/2025 10:47
203,2025-12,2700,01/04/2025 08:02
203,2026-01,4800,01/04/2025 19:54
203,2026-02,4400,18/04/2025 15:17
203,2026-03,4200,20/04/2025 10:23
203,2026-04,4000,08/04/2026 07:37
203,2026-05,4000,17/04/2026 07:34
203,2026-06,4200,01/04/2026 12:20
203,2026-07,8900,04/04/2026 11:20
203,2026-08,7050,20/04/2026 12:42
203,2026-09,11250,07/04/2026 11:20
204,2025-12,2700,15/04/2025 07:41
204,2026-01,4800,21/04/2025 12:17
204,2026-02,4400,18/04/2025 07:24
204,2026-03,4200,07/04/2025 18:40
204,2026-04,4000,16/04/2026 15:03
204,2026-05,4000,20/04/2026 15:49
204,2026-06,4200,06/04/2026 18:34
204,2026-07,3800,21/04/2026 12:25
204,2026-08,3000,14/04/2026 16:08
204,2026-09,11250,03/04/2026 20:52
205,2026-05,4000,09/04/2026 17:22
205,2026-06,4200,05/04/2026 19:18
205,2026-07,3800,12/04/2026 18:29
205,2026-08,3000,13/04/2026 08:14
205,2026-09,4800,02/04/2026 13:21
206,2026-09,4800,11/04/2026 20:19
207,2023-04,2950,14/04/2023 12:48
207,2023-05,2950,20/04/2023 07:35
207,2023-06,3100,12/04/2023 07:03
207,2023-07,2800,09/04/2023 10:57
207,2023-08,2200,09/04/2023 12:26
207,2023-09,3550,03/04/2023 18:57
207,2023-10,3250,01/04/2023 13:18
207,2023-11,2950,18/04/2023 19:42
207,2023-12,2050,17/04/2023 17:01
207,2024-01,3700,08/04/2023 11:53
207,2024-02,3400,09/04/2023 15:53
207,2024-03,3250,02/04/2023 20:56
207,2024-04,3100,09/04/2024 08:27
207,2024-05,3100,18/04/2024 11:07
207,2024-06,3250,02/04/2024 11:24
207,2024-07,2950,05/04/2024 14:00
207,2024-08,2350,17/04/2024 20:45
207,2024-09,3750,19/04/2024 11:58
207,2024-10,3400,03/04/2024 08:41
207,2024-11,3100,19/04/2024 10:33
207,2024-12,2200,10/04/2024 18:52
207,2025-01,3900,12/04/2024 18:33
207,2025-02,3600,20/04/2024 19:36
207,2025-03,3400,06/04/2024 18:21
207,2025-04,3250,21/04/2025 09:25
207,2025-05,3250,16/04/2025 15:19
207,2025-06,3450,10/04/2025 13:08
207,2025-07,3100,11/04/2025 15:58
207,2025-08,2450,17/04/2025 07:59
207,2025-09,3900,20/04/2025 10:18
207,2025-10,3600,06/04/2025 10:27
207,2025-11,3250,07/04/2025 18:25
207,2025-12,2300,05/04/2025 07:17
207,2026-01,4100,16/04/2025 20:32
207,2026-02,3750,17/04/2025 08:51
207,2026-03,3600,13/04/2025 14:29
207,2026-04,3450,15/04/2026 11:54
207,2026-05,3450,05/04/2026 10:35
207,2026-06,3600,07/04/2026 19:49
207,2026-07,3250,01/04/2026 15:42
207,2026-08,2550,01/04/2026 20:10
207,2026-09,4100,20/04/2026 07:11
208,2023-04,4250,14/04/2023 07:18
208,2023-05,4250,12/04/2023 14:36
208,2023-06,4450,07/04/2023 09:27
208,2023-07,4000,21/04/2023 16:59
208,2023-08,3150,21/04/2023 11:04
208,2023-09,5100,08/04/2023 17:00
208,2023-10,4650,21/04/2023 14:57
208,2023-11,4250,19/04/2023 07:38
208,2023-12,2950,01/04/2023 20:09
208,2024-01,5300,01/04/2023 12:37
208,2024-02,4850,07/04/2023 12:09
208,2024-03,4650,12/04/2023 14:05
208,2024-04,4450,02/04/2024 13:52
208,2024-05,4450,13/04/2024 14:01
208,2024-06,4650,16/04/2024 16:18
208,2024-07,4200,21/04/2024 18:51
208,2024-08,3350,14/04/2024 19:47
208,2024-09,5350,08/04/2024 14:02
208,2024-10,4900,07/04/2024 08:08
208,2024-11,4450,13/04/2024 19:21
208,2024-12,3100,17/04/2024 19:58
208,2025-01,5550,17/04/2024 11:31
208,2025-02,5100,03/04/2024 13:39
208,2025-03,4900,02/04/2024 07:43
208,2025-04,4650,20/04/2025 19:33
208,2025-05,4650,21/04/2025 14:26
208,2025-06,4900,06/04/2025 15:06
208,2025-07,4450,10/04/2025 11:32
208,2025-08,3500,10/04/2025 08:51
208,2025-09,5600,12/04/2025 17:36
208,2025-10,5150,05/04/2025 18:57
208,2025-11,4650,13/04/2025 12:34
208,2025-12,3250,01/04/2025 18:12
208,2026-01,5850,03/04/2025 11:47
208,2026-02,5350,07/04/2025 09:16
208,2026-03,5150,09/04/2025 11:14
208,2026-04,4900,01/04/2026 08:58
209,2023-04,4250,09/04/2023 15:03
209,2023-05,4250,21/04/2023 17:38
209,2023-06,4450,07/04/2023 16:04
209,2023-07,4000,19/04/2023 14:47
209,2023-08,3150,10/04/2023 07:44
209,2023-09,5100,21/04/2023 16:09
209,2023-10,4650,06/04/2023 17:49
209,2023-11,4250,01/04/2023 20:26
209,2023-12,2950,11/04/2023 17:48
209,2024-01,5300,04/04/2023 15:03
209,2024-02,4850,17/04/2023 16:22
209,2024-03,4650,08/04/2023 18:42
209,2024-04,4450,17/04/2024 10:59
209,2024-05,4450,21/04/2024 11:06
209,2024-06,4650,13/04/2024 11:52
209,2024-07,4200,07/04/2024 09:58
209,2024-08,3350,03/04/2024 16:48
209,2024-09,5350,02/04/2024 19:17
209,2024-10,4900,05/04/2024 17:21
209,2024-11,4450,15/04/2024 14:03
209,2024-12,3100,01/04/2024 17:33
209,2025-01,5550,17/04/2024 18:16
209,2025-02,5100,20/04/2024 07:35
209,2025-03,4900,12/04/2024 14:20
209,2025-04,4650,16/04/2025 11:15
209,2025-05,4650,12/04/2025 11:40
209,2025-06,4900,14/04/2025 17:55
209,2025-07,4450,18/04/2025 07:14
209,2025-08,3500,19/04/2025 20:37
209,2025-09,5600,15/04/2025 11:44
209,2025-10,5150,19/04/2025 10:16
209,2025-11,4650,12/04/2025 18:34
209,2025-12,3250,03/04/2025 07:58
209,2026-01,5850,16/04/2025 17:38
209,2026-02,5350,12/04/2025 11:04
209,2026-03,5150,21/04/2025 14:00
209,2026-04,4900,01/04/2026 09:17
209,2026-05,4900,03/04/2026 09:55
209,2026-06,5150,07/04/2026 12:32
209,2026-07,4650,13/04/2026 17:59
209,2026-08,3650,15/04/2026 11:33
209,2026-09,5900,20/04/2026 14:06
210,2023-04,2950,17/04/2023 18:24
210,2023-05,4250,05/04/2023 14:19
210,2023-06,4450,08/04/2023 16:20
210,2023-07,4000,10/04/2023 08:39
210,2023-08,3150,02/04/2023 13:43
210,2023-09,5100,01/04/2023 15:07
210,2023-10,4650,13/04/2023 12:19
210,2023-11,4250,20/04/2023 18:11
210,2023-12,2950,02/04/2023 12:01
210,2024-01,5300,12/04/2023 15:47
210,2024-02,4850,04/04/2023 10:41
210,2024-03,4650,16/04/2023 11:35
210,2024-04,4450,19/04/2024 17:46
210,2024-05,4450,13/04/2024 20:15
210,2024-06,4650,12/04/2024 09:14
210,2024-07,4200,14/04/2024 20:53
210,2024-08,3350,13/04/2024 18:21
210,2024-09,5350,11/04/2024 10:21
210,2024-10,4900,07/04/2024 15:11
210,2024-11,4450,16/04/2024 17:46
210,2024-12,3100,20/04/2024 13:10
210,2025-01,5550,17/04/2024 13:29
210,2025-02,5100,12/04/2024 10:12
210,2025-03,4900,02/04/2024 08:42
210,2025-04,4650,08/04/2025 20:11
210,2025-05,4650,13/04/2025 19:08
210,2025-06,4900,03/04/2025 11:46
210,2025-07,4450,16/04/2025 17:36
210,2025-08,3500,09/04/2025 09:21
210,2025-09,5600,17/04/2025 14:49
210,2025-10,5150,17/04/2025 12:08
210,2025-11,4650,10/04/2025 14:50
210,2025-12,3250,07/04/2025 19:08
210,2026-01,5850,19/04/2025 11:32
210,2026-02,5350,04/04/2025 20:46
210,2026-03,5150,07/04/2025 11:13
210,2026-04,4900,21/04/2026 11:38
210,2026-05,4900,17/04/2026 17:12
210,2026-06,5150,20/04/2026 17:16
210,2026-07,4650,18/04/2026 18:44
210,2026-08,3650,08/04/2026 15:52
210,2026-09,5900,05/04/2026 18:56
211,2023-04,4250,02/04/2023 18:11
211,2023-05,4250,11/04/2023 14:47
211,2023-06,4450,04/04/2023 16:44
211,2023-07,4000,04/04/2023 12:10
211,2023-08,3150,07/04/2023 20:23
212,2023-08,950,04/04/2023 15:16
212,2023-09,1500,05/04/2023 09:01
212,2023-10,1400,19/04/2023 14:21
212,2023-11,1250,12/04/2023 19:11
212,2023-12,900,08/04/2023 14:12
212,2024-01,1600,02/04/2023 17:01
212,2024-02,1450,13/04/2023 12:08
212,2024-03,1400,19/04/2023 20:32
212,2024-04,1350,01/04/2024 16:33
212,2024-05,3100,19/04/2024 07:16
212,2024-06,3250,08/04/2024 11:59
212,2024-07,2950,07/04/2024 15:17
212,2024-08,2350,03/04/2024 16:24
212,2024-09,3750,07/04/2024 12:12
212,2024-10,3400,18/04/2024 09:12
212,2024-11,4450,16/04/2024 13:19
212,2024-12,3100,17/04/2024 13:31
212,2025-01,5550,05/04/2024 09:35
212,2025-02,5100,14/04/2024 13:37
212,2025-03,4900,15/04/2024 15:58
212,2025-04,4650,16/04/2025 11:19
212,2025-05,4650,14/04/2025 14:17
212,2025-06,4900,02/04/2025 12:44
212,2025-07,4450,20/04/2025 09:20
212,2025-08,3500,07/04/2025 14:50
212,2025-09,5600,12/04/2025 18:09
212,2025-10,5150,13/04/2025 12:47
212,2025-11,4650,12/04/2025 15:15
212,2025-12,3250,20/04/2025 12:58
212,2026-01,5850,19/04/2025 19:00
212,2026-02,5350,04/04/2025 16:00
212,2026-03,5150,16/04/2025 19:13
212,2026-04,4900,16/04/2026 11:26
212,2026-05,4900,10/04/2026 20:57
212,2026-06,5150,09/04/2026 17:06
212,2026-07,4650,05/04/2026 20:52
212,2026-08,3650,12/04/2026 14:55
212,2026-09,5900,09/04/2026 15:07
213,2024-10,1450,11/04/2024 16:10
213,2024-11,1350,13/04/2024 13:37
213,2024-12,950,19/04/2024 14:21
213,2025-01,1650,11/04/2024 12:07
213,2025-02,1550,05/04/2024 10:41
213,2025-03,1450,09/04/2024 20:25
213,2025-04,1400,12/04/2025 18:20
213,2025-05,1400,17/04/2025 08:57
213,2025-06,1450,08/04/2025 12:14
213,2025-07,3100,12/04/2025 15:15
213,2025-08,2450,07/04/2025 11:13
213,2025-09,3900,10/04/2025 19:54
213,2025-10,3600,14/04/2025 10:59
213,2025-11,3250,05/04/2025 07:41
213,2025-12,2300,09/04/2025 11:37
213,2026-01,5850,20/04/2025 12:54
213,2026-02,5350,14/04/2025 14:42
213,2026-03,5150,20/04/2025 19:13
213,2026-04,4900,06/04/2026 10:14
213,2026-05,4900,18/04/2026 11:52
213,2026-06,5150,06/04/2026 13:26
213,2026-07,4650,07/04/2026 15:08
213,2026-08,3650,03/04/2026 13:24
213,2026-09,5900,04/04/2026 07:33
214,2026-04,1450,09/04/2026 20:36
214,2026-05,1450,01/04/2026 09:15
214,2026-06,1550,06/04/2026 17:24
214,2026-07,1400,10/04/2026 20:24
214,2026-08,1100,04/04/2026 15:19
214,2026-09,1750,12/04/2026 07:01
