doc_no,doc_type,placement_ref,doc_date,net_amount,currency,modified_at
INV-100001,INV,PL-000001,19/01/2023,9554.6,EUR,20/01/2023 15:19
INV-100002,INV,PL-000002,28/11/2022,17548.0,GBP,30/11/2022 09:59
INV-100003,INV,PL-000003,03/01/2023,23345.4,CHF,03/01/2023 07:55
INV-100004,INV,PL-000004,13/12/2022,15910.3,CHF,14/12/2022 18:27
CRN-200001,CRN,PL-000004,05/02/2023,7955.15,CHF,06/02/2023 15:30
INV-100005,INV,PL-000005,03/01/2023,28566.0,USD,03/01/2023 18:18
INV-100006,INV,PL-000006,15/12/2022,129927.6,HKD,17/12/2022 20:30
INV-100007,INV,PL-000007,29/01/2023,32986.8,SGD,30/01/2023 07:57
INV-100008,INV,PL-000008,09/12/2022,27974.4,USD,11/12/2022 16:17
CRN-200002,CRN,PL-000008,27/01/2023,13987.2,USD,28/01/2023 09:07
INV-100009,INV,PL-000009,07/01/2023,15248.4,GBP,08/01/2023 08:49
INV-100010,INV,PL-000010,20/01/2023,23033.6,GBP,22/01/2023 15:01
INV-100011,INV,PL-000011,13/01/2023,164155.8,HKD,13/01/2023 17:39
INV-100012,INV,PL-000012,15/01/2023,16895.2,GBP,16/01/2023 12:56
INV-100013,INV,PL-000013,19/12/2022,14871.6,EUR,20/12/2022 10:02
INV-100014,INV,PL-000014,10/01/2023,34546.4,SGD,12/01/2023 18:00
INV-100015,INV,PL-000015,22/12/2022,8883.1,GBP,24/12/2022 09:20
INV-100016,INV,PL-000016,14/01/2023,13320.9,EUR,14/01/2023 12:11
INV-100017,INV,PL-000017,09/01/2023,12415.0,EUR,10/01/2023 20:02
INV-100018,INV,PL-000018,26/12/2022,13204.2,EUR,28/12/2022 12:42
INV-100019,INV,PL-000019,22/01/2023,17856.8,EUR,23/01/2023 20:57
INV-100020,INV,PL-000020,22/01/2023,29565.7,MYR,22/01/2023 12:16
INV-100021,INV,PL-000021,26/12/2022,14985.0,GBP,27/12/2022 10:35
INV-100022,INV,PL-000022,14/01/2023,30139.5,USD,14/01/2023 17:32
INV-100023,INV,PL-000023,05/02/2023,17334.5,GBP,07/02/2023 13:35
INV-100024,INV,PL-000024,06/02/2023,19926.0,USD,06/02/2023 12:36
INV-100025,INV,PL-000025,01/01/2023,17474.4,GBP,03/01/2023 18:33
INV-100026,INV,PL-000026,01/02/2023,12108.9,GBP,03/02/2023 09:23
INV-100027,INV,PL-000027,30/12/2022,22760.8,EUR,31/12/2022 11:50
INV-100028,INV,PL-000028,14/01/2023,18201.6,EUR,15/01/2023 14:00
INV-100029,INV,PL-000029,12/01/2023,24328.8,SGD,13/01/2023 16:35
INV-100030,INV,PL-000030,29/01/2023,15221.6,EUR,29/01/2023 14:43
INV-100031,INV,PL-000031,05/02/2023,11760.0,GBP,07/02/2023 14:19
INV-100032,INV,PL-000032,10/02/2023,20623.6,USD,12/02/2023 10:27
INV-100033,INV,PL-000033,04/02/2023,15049.8,GBP,04/02/2023 16:37
INV-100034,INV,PL-000034,02/01/2023,20188.0,GBP,03/01/2023 15:33
INV-100035,INV,PL-000035,13/01/2023,150886.9,HKD,14/01/2023 08:51
INV-100036,INV,PL-000036,24/01/2023,24588.2,USD,24/01/2023 11:31
INV-100037,INV,PL-000037,07/02/2023,26098.4,CHF,07/02/2023 07:05
CRN-200003,CRN,PL-000037,20/03/2023,13049.2,CHF,20/03/2023 15:01
INV-100038,INV,PL-000038,02/02/2023,19458.0,EUR,04/02/2023 16:46
INV-100039,INV,PL-000039,12/01/2023,15365.0,EUR,12/01/2023 19:56
INV-100040,INV,PL-000040,16/01/2023,18900.0,USD,16/01/2023 20:25
CRN-200004,CRN,PL-000040,22/03/2023,9450.0,USD,24/03/2023 13:53
INV-100041,INV,PL-000041,20/02/2023,15910.0,GBP,20/02/2023 13:05
INV-100042,INV,PL-000042,28/12/2022,108886.7,HKD,30/12/2022 08:40
INV-100043,INV,PL-000043,30/12/2022,11148.4,EUR,31/12/2022 07:32
INV-100044,INV,PL-000044,12/02/2023,21697.2,USD,12/02/2023 07:54
INV-100045,INV,PL-000045,12/01/2023,11782.0,EUR,14/01/2023 18:42
INV-100046,INV,PL-000046,15/02/2023,17706.0,GBP,16/02/2023 17:06
INV-100047,INV,PL-000047,26/01/2023,29211.7,CHF,28/01/2023 14:36
INV-100048,INV,PL-000048,07/01/2023,21078.4,GBP,07/01/2023 17:43
INV-100049,INV,PL-000049,12/01/2023,18600.4,GBP,14/01/2023 07:21
INV-100050,INV,PL-000050,01/01/2023,16718.8,EUR,03/01/2023 14:05
INV-100051,INV,PL-000051,01/02/2023,18537.7,GBP,01/02/2023 07:56
CRN-200005,CRN,PL-000051,15/03/2023,9268.85,GBP,17/03/2023 11:21
INV-100052,INV,PL-000052,03/01/2023,13087.2,EUR,03/01/2023 19:16
INV-100053,INV,PL-000053,05/01/2023,16564.0,EUR,06/01/2023 20:09
INV-100054,INV,PL-000054,06/02/2023,16612.4,GBP,06/02/2023 15:34
CRN-200006,CRN,PL-000054,30/04/2023,4153.1,GBP,02/05/2023 09:38
INV-100055,INV,PL-000055,01/02/2023,10312.5,GBP,03/02/2023 12:43
INV-100056,INV,PL-000056,27/02/2023,8079.1,GBP,28/02/2023 20:47
CRN-200007,CRN,PL-000056,22/03/2023,8079.1,GBP,22/03/2023 11:24
INV-100057,INV,PL-000057,05/02/2023,13156.0,GBP,06/02/2023 18:21
INV-100058,INV,PL-000058,27/02/2023,16344.3,GBP,28/02/2023 12:14
INV-100059,INV,PL-000059,31/01/2023,24733.8,CHF,31/01/2023 10:56
INV-100060,INV,PL-000060,24/01/2023,15359.6,CHF,24/01/2023 16:21
INV-100061,INV,PL-000061,24/01/2023,23720.8,GBP,24/01/2023 09:11
INV-100062,INV,PL-000062,20/02/2023,16712.5,GBP,21/02/2023 11:55
INV-100063,INV,PL-000063,14/02/2023,15706.5,EUR,14/02/2023 15:25
CRN-200008,CRN,PL-000063,19/05/2023,3926.62,EUR,21/05/2023 09:14
INV-100064,INV,PL-000064,31/01/2023,22392.2,EUR,31/01/2023 18:27
INV-100065,INV,PL-000065,05/02/2023,16038.0,EUR,05/02/2023 20:26
INV-100066,INV,PL-000066,21/02/2023,22145.0,EUR,23/02/2023 14:47
INV-100067,INV,PL-000067,06/01/2023,21988.0,GBP,07/01/2023 11:42
INV-100068,INV,PL-000068,31/01/2023,20756.4,USD,31/01/2023 10:06
INV-100069,INV,PL-000069,12/02/2023,19237.2,EUR,12/02/2023 18:03
INV-100070,INV,PL-000070,06/02/2023,16834.0,GBP,07/02/2023 09:42
INV-100071,INV,PL-000071,21/02/2023,18407.5,EUR,21/02/2023 19:59
INV-100072,INV,PL-000072,22/01/2023,99237.6,HKD,24/01/2023 16:45
INV-100073,INV,PL-000073,05/01/2023,13492.2,EUR,07/01/2023 15:25
INV-100074,INV,PL-000074,20/02/2023,12691.1,CHF,20/02/2023 09:25
INV-100075,INV,PL-000075,26/02/2023,22609.6,USD,26/02/2023 09:30
INV-100076,INV,PL-000076,06/01/2023,18655.9,GBP,07/01/2023 17:06
INV-100077,INV,PL-000077,01/02/2023,19134.0,GBP,02/02/2023 19:12
INV-100078,INV,PL-000078,04/03/2023,23326.0,GBP,05/03/2023 15:50
INV-100079,INV,PL-000079,03/02/2023,16755.2,GBP,03/02/2023 09:08
INV-100080,INV,PL-000080,16/01/2023,26010.0,USD,16/01/2023 10:05
INV-100081,INV,PL-000081,08/01/2023,20295.0,CHF,09/01/2023 10:42
INV-100082,INV,PL-000082,10/02/2023,14929.9,EUR,12/02/2023 11:38
INV-100083,INV,PL-000083,19/02/2023,18777.5,EUR,21/02/2023 20:29
INV-100084,INV,PL-000084,16/01/2023,14380.8,EUR,18/01/2023 19:35
INV-100085,INV,PL-000085,25/02/2023,28845.6,SGD,27/02/2023 17:22
CRN-200009,CRN,PL-000085,03/06/2023,7211.4,SGD,05/06/2023 10:19
INV-100086,INV,PL-000086,28/02/2023,18231.0,GBP,28/02/2023 16:31
INV-100087,INV,PL-000087,01/03/2023,22908.6,USD,02/03/2023 20:57
INV-100088,INV,PL-000088,16/01/2023,16098.7,GBP,18/01/2023 19:44
INV-100089,INV,PL-000089,03/03/2023,11063.8,EUR,05/03/2023 07:48
INV-100090,INV,PL-000090,09/02/2023,11744.8,EUR,11/02/2023 07:44
INV-100091,INV,PL-000091,31/01/2023,28706.6,USD,02/02/2023 09:00
INV-100092,INV,PL-000092,08/02/2023,14671.8,EUR,10/02/2023 11:25
INV-100093,INV,PL-000093,09/03/2023,27993.0,SGD,09/03/2023 07:34
INV-100094,INV,PL-000094,02/02/2023,20930.4,USD,02/02/2023 11:32
INV-100095,INV,PL-000095,04/02/2023,15330.7,EUR,05/02/2023 17:01
INV-100096,INV,PL-000096,04/03/2023,10962.0,EUR,04/03/2023 14:56
INV-100097,INV,PL-000097,02/03/2023,17576.3,CHF,03/03/2023 12:11
INV-100098,INV,PL-000098,05/03/2023,11566.6,EUR,05/03/2023 15:04
INV-100099,INV,PL-000099,19/02/2023,16173.6,GBP,19/02/2023 08:44
INV-100100,INV,PL-000100,14/03/2023,12510.0,EUR,16/03/2023 10:12
INV-100101,INV,PL-000101,12/03/2023,16948.6,GBP,12/03/2023 13:08
INV-100102,INV,PL-000102,03/03/2023,44044.8,USD,04/03/2023 07:24
INV-100103,INV,PL-000103,17/01/2023,20468.7,USD,18/01/2023 10:47
INV-100104,INV,PL-000104,02/02/2023,23928.2,CHF,04/02/2023 16:10
INV-100105,INV,PL-000105,18/02/2023,15738.0,EUR,18/02/2023 20:55
INV-100106,INV,PL-000106,26/02/2023,33960.5,USD,26/02/2023 17:50
INV-100107,INV,PL-000107,04/03/2023,8793.4,GBP,04/03/2023 13:38
CRN-200010,CRN,PL-000107,26/04/2023,4396.7,GBP,26/04/2023 14:24
INV-100108,INV,PL-000108,05/03/2023,17897.8,EUR,07/03/2023 12:59
INV-100109,INV,PL-000109,09/03/2023,13972.2,GBP,11/03/2023 15:07
INV-100110,INV,PL-000110,13/03/2023,10444.8,GBP,13/03/2023 20:32
INV-100111,INV,PL-000111,23/02/2023,20113.4,USD,24/02/2023 14:35
INV-100112,INV,PL-000112,31/01/2023,14945.4,GBP,31/01/2023 08:57
INV-100113,INV,PL-000113,14/03/2023,15766.2,GBP,15/03/2023 20:02
INV-100114,INV,PL-000114,01/02/2023,29233.8,CHF,01/02/2023 14:08
INV-100115,INV,PL-000115,30/01/2023,26608.2,CHF,31/01/2023 08:32
INV-100116,INV,PL-000116,05/02/2023,23559.2,USD,05/02/2023 18:45
INV-100117,INV,PL-000117,05/02/2023,18048.6,EUR,07/02/2023 13:23
INV-100118,INV,PL-000118,07/03/2023,29954.0,USD,09/03/2023 15:20
CRN-200011,CRN,PL-000118,16/04/2023,14977.0,USD,16/04/2023 11:23
INV-100119,INV,PL-000119,01/02/2023,18087.7,GBP,03/02/2023 09:14
INV-100120,INV,PL-000120,26/01/2023,26266.8,CHF,26/01/2023 15:05
INV-100121,INV,PL-000121,28/01/2023,18022.6,EUR,29/01/2023 14:35
INV-100122,INV,PL-000122,10/02/2023,15125.0,EUR,10/02/2023 10:51
INV-100123,INV,PL-000123,16/02/2023,13003.2,EUR,18/02/2023 20:48
INV-100124,INV,PL-000124,05/03/2023,12418.8,EUR,05/03/2023 17:36
INV-100125,INV,PL-000125,09/03/2023,15926.4,EUR,10/03/2023 15:41
INV-100126,INV,PL-000126,04/03/2023,28857.6,MYR,06/03/2023 16:22
INV-100127,INV,PL-000127,09/03/2023,16416.0,USD,09/03/2023 15:43
INV-100128,INV,PL-000128,03/03/2023,19017.9,USD,05/03/2023 12:27
INV-100129,INV,PL-000129,25/02/2023,41297.6,MYR,27/02/2023 17:59
CRN-200012,CRN,PL-000129,30/05/2023,10324.4,MYR,01/06/2023 12:19
INV-100130,INV,PL-000130,26/02/2023,24648.0,GBP,27/02/2023 07:33
INV-100131,INV,PL-000131,04/03/2023,13621.9,GBP,05/03/2023 18:08
INV-100132,INV,PL-000132,17/03/2023,16543.2,EUR,18/03/2023 16:48
INV-100133,INV,PL-000133,08/02/2023,14660.0,EUR,08/02/2023 17:06
CRN-200013,CRN,PL-000133,30/03/2023,7330.0,EUR,31/03/2023 14:24
INV-100134,INV,PL-000134,11/03/2023,42750.0,MYR,11/03/2023 08:54
INV-100135,INV,PL-000135,30/01/2023,19168.5,EUR,31/01/2023 17:08
INV-100136,INV,PL-000136,17/02/2023,12159.9,GBP,19/02/2023 15:06
CRN-200014,CRN,PL-000136,02/05/2023,3039.97,GBP,04/05/2023 13:12
INV-100137,INV,PL-000137,25/02/2023,33369.0,USD,27/02/2023 16:34
INV-100138,INV,PL-000138,24/03/2023,19201.4,CHF,25/03/2023 10:34
CRN-200015,CRN,PL-000138,24/05/2023,9600.7,CHF,25/05/2023 15:47
INV-100139,INV,PL-000139,26/03/2023,11044.8,GBP,27/03/2023 15:20
INV-100140,INV,PL-000140,17/03/2023,16891.0,EUR,19/03/2023 15:16
INV-100141,INV,PL-000141,28/03/2023,17038.5,USD,28/03/2023 14:25
INV-100142,INV,PL-000142,25/01/2023,27014.4,CHF,27/01/2023 15:38
INV-100143,INV,PL-000143,05/02/2023,18096.0,CHF,07/02/2023 16:09
CRN-200016,CRN,PL-000143,16/03/2023,9048.0,CHF,18/03/2023 12:29
INV-100144,INV,PL-000144,23/03/2023,19138.4,EUR,25/03/2023 15:22
INV-100145,INV,PL-000145,17/03/2023,14158.9,EUR,19/03/2023 10:47
INV-100146,INV,PL-000146,19/03/2023,15419.2,GBP,21/03/2023 15:29
INV-100147,INV,PL-000147,17/03/2023,22325.0,CHF,18/03/2023 18:29
INV-100148,INV,PL-000148,03/02/2023,12964.2,GBP,03/02/2023 07:00
INV-100149,INV,PL-000149,12/02/2023,14014.0,GBP,13/02/2023 17:55
INV-100150,INV,PL-000150,14/02/2023,13270.4,EUR,15/02/2023 18:36
INV-100151,INV,PL-000151,22/02/2023,36874.7,USD,24/02/2023 07:14
INV-100152,INV,PL-000152,25/02/2023,12427.0,GBP,27/02/2023 09:24
INV-100153,INV,PL-000153,06/03/2023,26676.0,SGD,06/03/2023 11:05
INV-100154,INV,PL-000154,08/03/2023,9732.8,GBP,08/03/2023 15:22
INV-100155,INV,PL-000155,15/02/2023,15147.0,EUR,15/02/2023 19:57
INV-100156,INV,PL-000156,26/03/2023,13505.4,EUR,28/03/2023 08:11
INV-100157,INV,PL-000157,26/03/2023,18725.9,GBP,26/03/2023 19:57
INV-100158,INV,PL-000158,14/03/2023,20019.4,USD,16/03/2023 09:48
INV-100159,INV,PL-000159,21/02/2023,22326.0,USD,23/02/2023 09:38
INV-100160,INV,PL-000160,05/03/2023,14344.4,EUR,05/03/2023 15:45
INV-100161,INV,PL-000161,25/02/2023,28043.3,SGD,27/02/2023 11:47
INV-100162,INV,PL-000162,25/03/2023,21355.4,SGD,27/03/2023 18:35
INV-100163,INV,PL-000163,04/04/2023,15405.0,EUR,06/04/2023 18:56
INV-100164,INV,PL-000164,11/02/2023,20506.2,GBP,11/02/2023 18:28
INV-100165,INV,PL-000165,24/02/2023,16497.1,GBP,25/02/2023 17:41
INV-100166,INV,PL-000166,12/02/2023,13507.9,GBP,12/02/2023 07:46
INV-100167,INV,PL-000167,14/03/2023,23745.2,MYR,16/03/2023 20:29
INV-100168,INV,PL-000168,18/03/2023,31435.6,USD,20/03/2023 18:08
INV-100169,INV,PL-000169,13/02/2023,100748.9,HKD,13/02/2023 08:46
INV-100170,INV,PL-000170,04/03/2023,17362.8,GBP,04/03/2023 13:35
INV-100171,INV,PL-000171,02/04/2023,15272.4,GBP,04/04/2023 10:40
INV-100172,INV,PL-000172,19/02/2023,28905.4,CHF,19/02/2023 19:06
INV-100173,INV,PL-000173,11/03/2023,16708.8,GBP,11/03/2023 19:11
INV-100174,INV,PL-000174,08/03/2023,15523.2,GBP,09/03/2023 13:29
INV-100175,INV,PL-000175,31/03/2023,19791.8,EUR,02/04/2023 18:31
INV-100176,INV,PL-000176,24/02/2023,19563.6,EUR,26/02/2023 18:22
INV-100177,INV,PL-000177,01/04/2023,19168.2,GBP,03/04/2023 18:24
CRN-200017,CRN,PL-000177,03/06/2023,4792.05,GBP,05/06/2023 10:56
INV-100178,INV,PL-000178,27/02/2023,12308.0,GBP,27/02/2023 08:29
CRN-200018,CRN,PL-000178,26/03/2023,12308.0,GBP,26/03/2023 16:06
INV-100179,INV,PL-000179,07/04/2023,83625.6,HKD,09/04/2023 18:52
INV-100180,INV,PL-000180,18/02/2023,14578.0,EUR,18/02/2023 17:58
INV-100181,INV,PL-000181,22/02/2023,45731.3,MYR,23/02/2023 15:32
INV-100182,INV,PL-000182,06/03/2023,15837.5,GBP,08/03/2023 15:14
INV-100183,INV,PL-000183,01/04/2023,29854.6,CHF,02/04/2023 09:34
INV-100184,INV,PL-000184,15/02/2023,143903.5,HKD,16/02/2023 11:27
INV-100185,INV,PL-000185,19/02/2023,19585.8,EUR,20/02/2023 11:48
INV-100186,INV,PL-000186,24/03/2023,17464.0,EUR,26/03/2023 12:24
INV-100187,INV,PL-000187,04/03/2023,19312.0,CHF,04/03/2023 20:42
INV-100188,INV,PL-000188,19/03/2023,26910.0,CHF,21/03/2023 12:35
INV-100189,INV,PL-000189,09/04/2023,27435.2,USD,11/04/2023 13:16
INV-100190,INV,PL-000190,19/02/2023,20249.8,EUR,19/02/2023 10:11
INV-100191,INV,PL-000191,01/04/2023,22531.6,CHF,03/04/2023 17:42
INV-100192,INV,PL-000192,18/02/2023,18942.0,CHF,18/02/2023 19:16
INV-100193,INV,PL-000193,03/04/2023,19116.8,GBP,04/04/2023 10:22
INV-100194,INV,PL-000194,02/03/2023,17620.0,USD,02/03/2023 08:56
INV-100195,INV,PL-000195,22/03/2023,30176.0,USD,23/03/2023 19:16
INV-100196,INV,PL-000196,04/03/2023,18295.2,EUR,04/03/2023 11:14
INV-100197,INV,PL-000197,03/03/2023,15669.5,EUR,05/03/2023 11:38
INV-100198,INV,PL-000198,19/03/2023,12659.9,EUR,21/03/2023 13:08
INV-100199,INV,PL-000199,14/03/2023,16799.4,USD,14/03/2023 13:40
INV-100200,INV,PL-000200,08/04/2023,17242.2,GBP,10/04/2023 15:30
CRN-200019,CRN,PL-000200,10/06/2023,4310.55,GBP,10/06/2023 07:18
INV-100201,INV,PL-000201,18/02/2023,26915.2,USD,20/02/2023 17:47
INV-100202,INV,PL-000202,21/03/2023,14023.9,EUR,21/03/2023 16:35
INV-100203,INV,PL-000203,07/04/2023,113960.0,HKD,09/04/2023 11:28
INV-100204,INV,PL-000204,11/03/2023,16912.0,GBP,13/03/2023 12:13
INV-100205,INV,PL-000205,16/03/2023,15562.8,GBP,16/03/2023 09:40
INV-100206,INV,PL-000206,06/04/2023,139876.0,HKD,08/04/2023 20:20
INV-100207,INV,PL-000207,21/03/2023,10047.1,GBP,23/03/2023 14:28
INV-100208,INV,PL-000208,27/02/2023,102247.6,HKD,28/02/2023 14:04
CRN-200020,CRN,PL-000208,07/05/2023,51123.8,HKD,09/05/2023 09:52
INV-100209,INV,PL-000209,01/04/2023,22222.4,USD,01/04/2023 09:09
INV-100210,INV,PL-000210,21/04/2023,14505.4,GBP,23/04/2023 19:52
INV-100211,INV,PL-000211,12/03/2023,18120.0,GBP,13/03/2023 09:28
INV-100212,INV,PL-000212,16/03/2023,15008.0,EUR,16/03/2023 07:46
INV-100213,INV,PL-000213,22/04/2023,19094.4,GBP,22/04/2023 20:27
INV-100214,INV,PL-000214,17/04/2023,15733.9,GBP,19/04/2023 13:38
INV-100215,INV,PL-000215,06/04/2023,21578.4,EUR,06/04/2023 17:38
INV-100216,INV,PL-000216,04/04/2023,19666.9,EUR,06/04/2023 18:36
INV-100217,INV,PL-000217,27/03/2023,20451.2,GBP,29/03/2023 13:08
CRN-200021,CRN,PL-000217,03/05/2023,20451.2,GBP,05/05/2023 07:16
INV-100218,INV,PL-000218,05/03/2023,12584.7,GBP,05/03/2023 10:47
INV-100219,INV,PL-000219,24/03/2023,14406.0,GBP,25/03/2023 16:24
INV-100220,INV,PL-000220,20/04/2023,32939.2,MYR,20/04/2023 07:17
INV-100221,INV,PL-000221,04/04/2023,17238.0,GBP,04/04/2023 12:51
INV-100222,INV,PL-000222,28/04/2023,13811.6,CHF,29/04/2023 12:59
INV-100223,INV,PL-000223,27/04/2023,11931.0,EUR,28/04/2023 08:51
INV-100224,INV,PL-000224,14/04/2023,9922.5,EUR,16/04/2023 15:31
INV-100225,INV,PL-000225,23/04/2023,28486.2,CHF,24/04/2023 20:20
INV-100226,INV,PL-000226,13/03/2023,27013.0,USD,15/03/2023 11:09
INV-100227,INV,PL-000227,25/03/2023,20430.9,EUR,27/03/2023 15:24
INV-100228,INV,PL-000228,24/03/2023,12992.6,EUR,26/03/2023 08:21
INV-100229,INV,PL-000229,18/04/2023,15415.4,GBP,19/04/2023 09:39
INV-100230,INV,PL-000230,13/04/2023,12490.6,GBP,14/04/2023 17:27
INV-100231,INV,PL-000231,30/03/2023,16434.0,EUR,30/03/2023 19:03
CRN-200022,CRN,PL-000231,23/05/2023,8217.0,EUR,23/05/2023 07:49
INV-100232,INV,PL-000232,20/04/2023,21822.5,SGD,20/04/2023 17:19
INV-100233,INV,PL-000233,22/03/2023,21465.6,EUR,22/03/2023 10:40
INV-100234,INV,PL-000234,20/04/2023,13228.8,EUR,21/04/2023 15:11
INV-100235,INV,PL-000235,19/03/2023,16356.0,GBP,21/03/2023 16:00
CRN-200023,CRN,PL-000235,23/04/2023,16356.0,GBP,23/04/2023 16:33
INV-100236,INV,PL-000236,14/03/2023,12406.2,EUR,14/03/2023 07:38
INV-100237,INV,PL-000237,18/04/2023,15980.4,GBP,19/04/2023 18:35
INV-100238,INV,PL-000238,06/04/2023,17748.0,SGD,06/04/2023 17:57
CRN-200024,CRN,PL-000238,30/05/2023,8874.0,SGD,30/05/2023 07:16
INV-100239,INV,PL-000239,11/03/2023,14624.0,EUR,12/03/2023 20:19
INV-100240,INV,PL-000240,12/04/2023,19642.0,EUR,14/04/2023 10:03
INV-100241,INV,PL-000241,11/03/2023,18321.9,EUR,12/03/2023 20:11
INV-100242,INV,PL-000242,19/04/2023,34400.4,USD,19/04/2023 09:36
INV-100243,INV,PL-000243,11/03/2023,17823.4,EUR,13/03/2023 15:24
CRN-200025,CRN,PL-000243,03/05/2023,8911.7,EUR,04/05/2023 20:13
INV-100244,INV,PL-000244,13/04/2023,13433.0,GBP,14/04/2023 20:25
INV-100245,INV,PL-000245,20/04/2023,17982.0,EUR,21/04/2023 20:58
INV-100246,INV,PL-000246,08/05/2023,17569.5,GBP,10/05/2023 19:43
INV-100247,INV,PL-000247,02/04/2023,10692.0,EUR,02/04/2023 10:07
INV-100248,INV,PL-000248,02/04/2023,13744.5,GBP,04/04/2023 10:09
INV-100249,INV,PL-000249,02/04/2023,26790.4,USD,04/04/2023 20:21
INV-100250,INV,PL-000250,01/05/2023,115532.0,HKD,01/05/2023 12:29
INV-100251,INV,PL-000251,31/03/2023,15621.6,GBP,02/04/2023 09:01
CRN-200026,CRN,PL-000251,09/04/2023,15621.6,GBP,11/04/2023 11:42
INV-100252,INV,PL-000252,21/03/2023,112720.8,HKD,23/03/2023 10:24
INV-100253,INV,PL-000253,29/03/2023,19299.0,EUR,31/03/2023 09:33
INV-100254,INV,PL-000254,18/03/2023,13840.0,GBP,19/03/2023 18:42
INV-100255,INV,PL-000255,20/04/2023,18091.8,GBP,21/04/2023 19:33
INV-100256,INV,PL-000256,24/03/2023,16418.6,GBP,26/03/2023 20:14
INV-100257,INV,PL-000257,04/04/2023,6601.5,GBP,06/04/2023 17:40
INV-100258,INV,PL-000258,09/04/2023,17446.8,EUR,11/04/2023 14:57
INV-100259,INV,PL-000259,27/03/2023,13074.4,EUR,29/03/2023 13:46
INV-100260,INV,PL-000260,12/05/2023,40536.3,MYR,13/05/2023 12:06
INV-100261,INV,PL-000261,01/04/2023,11070.0,EUR,02/04/2023 18:40
INV-100262,INV,PL-000262,14/04/2023,16479.1,GBP,16/04/2023 10:33
INV-100263,INV,PL-000263,19/04/2023,26478.0,USD,21/04/2023 10:44
INV-100264,INV,PL-000264,19/04/2023,13094.4,GBP,20/04/2023 12:36
INV-100265,INV,PL-000265,23/04/2023,21040.5,USD,25/04/2023 10:41
CRN-200027,CRN,PL-000265,17/05/2023,21040.5,USD,18/05/2023 07:51
INV-100266,INV,PL-000266,04/04/2023,157385.9,HKD,05/04/2023 15:56
INV-100267,INV,PL-000267,01/04/2023,157580.0,HKD,03/04/2023 14:55
INV-100268,INV,PL-000268,06/05/2023,8810.2,GBP,08/05/2023 10:50
INV-100269,INV,PL-000269,12/04/2023,7956.0,GBP,12/04/2023 20:52
INV-100270,INV,PL-000270,21/03/2023,10416.0,GBP,22/03/2023 11:07
INV-100271,INV,PL-000271,01/04/2023,12729.6,GBP,01/04/2023 15:46
INV-100272,INV,PL-000272,03/04/2023,12424.8,EUR,05/04/2023 17:07
INV-100273,INV,PL-000273,20/04/2023,17361.9,GBP,21/04/2023 08:14
INV-100274,INV,PL-000274,02/04/2023,157564.5,HKD,02/04/2023 18:12
INV-100275,INV,PL-000275,03/04/2023,19427.2,GBP,04/04/2023 14:54
INV-100276,INV,PL-000276,06/04/2023,18488.2,GBP,06/04/2023 19:04
INV-100277,INV,PL-000277,06/05/2023,12359.6,GBP,06/05/2023 16:13
INV-100278,INV,PL-000278,04/04/2023,11507.0,GBP,05/04/2023 17:15
CRN-200028,CRN,PL-000278,09/05/2023,5753.5,GBP,10/05/2023 17:17
INV-100279,INV,PL-000279,25/04/2023,12407.7,GBP,25/04/2023 07:13
INV-100280,INV,PL-000280,19/04/2023,29060.0,CHF,21/04/2023 10:30
INV-100281,INV,PL-000281,09/05/2023,22684.5,GBP,09/05/2023 07:06
INV-100282,INV,PL-000282,07/05/2023,14976.0,EUR,07/05/2023 14:16
INV-100283,INV,PL-000283,09/04/2023,134301.6,HKD,11/04/2023 09:39
INV-100284,INV,PL-000284,31/03/2023,22283.8,USD,31/03/2023 09:06
INV-100285,INV,PL-000285,16/04/2023,18622.4,EUR,17/04/2023 20:02
INV-100286,INV,PL-000286,28/03/2023,15940.8,GBP,28/03/2023 18:16
INV-100287,INV,PL-000287,01/05/2023,14960.0,GBP,01/05/2023 10:28
INV-100288,INV,PL-000288,01/05/2023,22425.7,EUR,03/05/2023 18:59
INV-100289,INV,PL-000289,06/05/2023,14471.4,GBP,06/05/2023 11:48
INV-100290,INV,PL-000290,06/05/2023,21497.9,MYR,06/05/2023 12:33
INV-100291,INV,PL-000291,01/05/2023,25958.4,CHF,01/05/2023 11:29
INV-100292,INV,PL-000292,19/04/2023,14268.8,EUR,20/04/2023 13:15
INV-100293,INV,PL-000293,12/04/2023,14775.2,GBP,12/04/2023 13:41
INV-100294,INV,PL-000294,27/03/2023,20978.1,USD,28/03/2023 17:13
INV-100295,INV,PL-000295,15/04/2023,100668.3,HKD,15/04/2023 11:02
INV-100296,INV,PL-000296,21/04/2023,13896.0,EUR,22/04/2023 15:00
INV-100297,INV,PL-000297,22/05/2023,15891.5,EUR,22/05/2023 10:23
INV-100298,INV,PL-000298,06/05/2023,16085.4,EUR,08/05/2023 15:15
INV-100299,INV,PL-000299,06/04/2023,16274.0,EUR,07/04/2023 09:39
INV-100300,INV,PL-000300,07/04/2023,28804.5,USD,07/04/2023 10:02
INV-100301,INV,PL-000301,11/04/2023,31606.4,CHF,12/04/2023 11:06
INV-100302,INV,PL-000302,29/04/2023,11440.9,EUR,01/05/2023 11:46
INV-100303,INV,PL-000303,25/04/2023,17429.4,GBP,25/04/2023 11:07
INV-100304,INV,PL-000304,03/04/2023,24322.5,USD,05/04/2023 14:08
INV-100305,INV,PL-000305,28/04/2023,21057.6,GBP,29/04/2023 14:08
INV-100306,INV,PL-000306,24/04/2023,20538.0,GBP,26/04/2023 18:36
CRN-200029,CRN,PL-000306,31/05/2023,20538.0,GBP,31/05/2023 13:06
INV-100307,INV,PL-000307,10/05/2023,14260.0,USD,11/05/2023 14:58
INV-100308,INV,PL-000308,09/04/2023,36111.4,SGD,11/04/2023 19:57
INV-100309,INV,PL-000309,08/04/2023,17446.8,EUR,09/04/2023 18:16
INV-100310,INV,PL-000310,28/05/2023,102523.2,HKD,28/05/2023 09:33
INV-100311,INV,PL-000311,01/04/2023,22024.6,GBP,01/04/2023 08:04
INV-100312,INV,PL-000312,24/04/2023,34944.0,MYR,25/04/2023 09:23
INV-100313,INV,PL-000313,30/04/2023,35899.6,USD,01/05/2023 17:20
INV-100314,INV,PL-000314,14/05/2023,12640.0,GBP,14/05/2023 12:42
INV-100315,INV,PL-000315,14/05/2023,22537.8,SGD,15/05/2023 20:36
INV-100316,INV,PL-000316,21/04/2023,16161.6,EUR,23/04/2023 17:16
INV-100317,INV,PL-000317,06/04/2023,17848.2,USD,06/04/2023 18:20
INV-100318,INV,PL-000318,27/05/2023,13367.9,GBP,29/05/2023 10:57
CRN-200030,CRN,PL-000318,05/07/2023,6683.95,GBP,06/07/2023 12:05
INV-100319,INV,PL-000319,01/05/2023,22720.5,USD,02/05/2023 12:01
INV-100320,INV,PL-000320,15/05/2023,22282.4,GBP,16/05/2023 09:38
INV-100321,INV,PL-000321,30/04/2023,14968.8,EUR,30/04/2023 15:40
INV-100322,INV,PL-000322,21/05/2023,22661.0,CHF,22/05/2023 20:52
INV-100323,INV,PL-000323,10/04/2023,25434.1,SGD,10/04/2023 12:35
CRN-200031,CRN,PL-000323,23/05/2023,12717.05,SGD,25/05/2023 14:32
INV-100324,INV,PL-000324,27/05/2023,29535.0,MYR,27/05/2023 19:01
INV-100325,INV,PL-000325,23/05/2023,15169.0,USD,25/05/2023 15:33
INV-100326,INV,PL-000326,15/04/2023,26180.0,EUR,16/04/2023 12:37
INV-100327,INV,PL-000327,29/05/2023,14250.6,GBP,30/05/2023 09:07
INV-100328,INV,PL-000328,07/04/2023,27852.7,SGD,08/04/2023 15:04
INV-100329,INV,PL-000329,16/05/2023,11833.8,GBP,18/05/2023 12:47
CRN-200032,CRN,PL-000329,02/08/2023,2958.45,GBP,03/08/2023 18:22
INV-100330,INV,PL-000330,14/05/2023,29854.5,USD,16/05/2023 15:06
INV-100331,INV,PL-000331,09/04/2023,10752.5,EUR,10/04/2023 16:25
INV-100332,INV,PL-000332,14/05/2023,11052.8,GBP,16/05/2023 07:11
INV-100333,INV,PL-000333,04/05/2023,10896.5,EUR,06/05/2023 16:02
INV-100334,INV,PL-000334,12/05/2023,20050.8,SGD,12/05/2023 10:01
INV-100335,INV,PL-000335,09/05/2023,33030.0,CHF,10/05/2023 08:23
INV-100336,INV,PL-000336,29/05/2023,35829.5,USD,31/05/2023 07:40
INV-100337,INV,PL-000337,25/04/2023,16767.6,CHF,27/04/2023 17:46
INV-100338,INV,PL-000338,09/05/2023,13135.5,EUR,10/05/2023 13:59
INV-100339,INV,PL-000339,07/06/2023,18343.8,GBP,09/06/2023 10:37
INV-100340,INV,PL-000340,25/04/2023,29007.0,USD,26/04/2023 11:27
INV-100341,INV,PL-000341,20/05/2023,12960.0,USD,22/05/2023 17:26
INV-100342,INV,PL-000342,16/04/2023,22872.3,CHF,18/04/2023 08:26
INV-100343,INV,PL-000343,02/05/2023,25567.2,SGD,03/05/2023 13:11
INV-100344,INV,PL-000344,06/06/2023,27737.6,CHF,08/06/2023 15:13
INV-100345,INV,PL-000345,01/05/2023,12134.4,EUR,02/05/2023 15:08
INV-100346,INV,PL-000346,11/04/2023,22564.1,EUR,12/04/2023 08:25
CRN-200033,CRN,PL-000346,29/05/2023,11282.05,EUR,29/05/2023 20:19
INV-100347,INV,PL-000347,24/04/2023,27220.5,MYR,25/04/2023 08:55
INV-100348,INV,PL-000348,13/05/2023,21233.3,USD,14/05/2023 19:54
CRN-200034,CRN,PL-000348,31/05/2023,21233.3,USD,02/06/2023 18:18
INV-100349,INV,PL-000349,07/05/2023,19848.8,SGD,09/05/2023 11:45
INV-100350,INV,PL-000350,02/05/2023,20928.0,GBP,02/05/2023 09:55
INV-100351,INV,PL-000351,29/04/2023,16832.2,USD,30/04/2023 17:45
INV-100352,INV,PL-000352,12/05/2023,16607.1,EUR,13/05/2023 08:01
INV-100353,INV,PL-000353,29/04/2023,19950.0,SGD,01/05/2023 07:30
INV-100354,INV,PL-000354,09/05/2023,11437.5,GBP,09/05/2023 13:35
CRN-200035,CRN,PL-000354,20/06/2023,5718.75,GBP,22/06/2023 16:43
INV-100355,INV,PL-000355,21/05/2023,19195.2,CHF,23/05/2023 13:53
INV-100356,INV,PL-000356,29/04/2023,26809.0,USD,01/05/2023 19:28
INV-100357,INV,PL-000357,26/04/2023,16251.4,EUR,26/04/2023 15:18
INV-100358,INV,PL-000358,01/05/2023,15108.6,EUR,02/05/2023 15:05
INV-100359,INV,PL-000359,16/04/2023,12831.6,EUR,18/04/2023 09:05
INV-100360,INV,PL-000360,31/05/2023,38707.4,USD,31/05/2023 07:04
INV-100361,INV,PL-000361,02/06/2023,155319.5,HKD,04/06/2023 16:09
INV-100362,INV,PL-000362,19/05/2023,16867.5,GBP,21/05/2023 13:35
INV-100363,INV,PL-000363,08/06/2023,12620.4,EUR,08/06/2023 08:59
INV-100364,INV,PL-000364,21/05/2023,11332.2,GBP,22/05/2023 12:04
INV-100365,INV,PL-000365,17/05/2023,11913.0,EUR,19/05/2023 15:08
INV-100366,INV,PL-000366,12/05/2023,12295.8,EUR,12/05/2023 08:00
INV-100367,INV,PL-000367,15/05/2023,14592.0,EUR,15/05/2023 11:06
INV-100368,INV,PL-000368,21/05/2023,16539.6,GBP,23/05/2023 18:36
INV-100369,INV,PL-000369,24/05/2023,30580.6,USD,25/05/2023 16:44
INV-100370,INV,PL-000370,18/05/2023,10421.0,GBP,20/05/2023 17:58
INV-100371,INV,PL-000371,02/06/2023,29478.6,GBP,04/06/2023 07:44
INV-100372,INV,PL-000372,10/05/2023,12619.5,GBP,12/05/2023 11:47
INV-100373,INV,PL-000373,27/05/2023,16256.5,EUR,27/05/2023 14:37
CRN-200036,CRN,PL-000373,08/08/2023,8128.25,EUR,08/08/2023 10:29
INV-100374,INV,PL-000374,26/04/2023,128135.4,HKD,26/04/2023 11:48
INV-100375,INV,PL-000375,13/06/2023,24672.0,USD,15/06/2023 12:14
INV-100376,INV,PL-000376,29/05/2023,101136.0,HKD,31/05/2023 11:30
INV-100377,INV,PL-000377,26/05/2023,13856.5,EUR,27/05/2023 14:44
INV-100378,INV,PL-000378,26/04/2023,10584.4,EUR,27/04/2023 14:47
INV-100379,INV,PL-000379,08/05/2023,28728.0,USD,09/05/2023 08:37
INV-100380,INV,PL-000380,12/05/2023,16753.4,EUR,13/05/2023 13:46
INV-100381,INV,PL-000381,30/05/2023,37666.0,MYR,30/05/2023 15:54
INV-100382,INV,PL-000382,11/05/2023,17828.7,USD,13/05/2023 17:57
INV-100383,INV,PL-000383,08/05/2023,11938.0,GBP,09/05/2023 15:43
INV-100384,INV,PL-000384,21/06/2023,18760.0,EUR,23/06/2023 11:39
INV-100385,INV,PL-000385,13/06/2023,10921.8,EUR,14/06/2023 07:26
CRN-200037,CRN,PL-000385,06/08/2023,5460.9,EUR,07/08/2023 17:54
INV-100386,INV,PL-000386,17/05/2023,12257.0,GBP,19/05/2023 12:38
INV-100387,INV,PL-000387,06/06/2023,24281.6,GBP,07/06/2023 10:41
INV-100388,INV,PL-000388,28/05/2023,11753.0,GBP,28/05/2023 07:25
INV-100389,INV,PL-000389,18/06/2023,17213.5,GBP,18/06/2023 15:50
CRN-200038,CRN,PL-000389,07/08/2023,8606.75,GBP,09/08/2023 18:39
INV-100390,INV,PL-000390,08/06/2023,15859.2,CHF,08/06/2023 08:45
INV-100391,INV,PL-000391,24/04/2023,19652.4,GBP,25/04/2023 16:10
INV-100392,INV,PL-000392,31/05/2023,15792.0,EUR,02/06/2023 20:32
INV-100393,INV,PL-000393,02/05/2023,23004.0,CHF,02/05/2023 10:38
INV-100394,INV,PL-000394,14/06/2023,12870.2,EUR,16/06/2023 14:03
INV-100395,INV,PL-000395,30/05/2023,22918.5,CHF,31/05/2023 11:23
INV-100396,INV,PL-000396,19/05/2023,12276.0,EUR,20/05/2023 07:40
INV-100397,INV,PL-000397,12/06/2023,22518.0,GBP,12/06/2023 18:32
INV-100398,INV,PL-000398,28/05/2023,13226.8,GBP,29/05/2023 08:45
INV-100399,INV,PL-000399,26/04/2023,37620.0,USD,26/04/2023 18:28
INV-100400,INV,PL-000400,08/05/2023,22282.8,USD,08/05/2023 14:29
INV-100401,INV,PL-000401,04/05/2023,10359.6,GBP,06/05/2023 18:15
INV-100402,INV,PL-000402,11/06/2023,21537.8,CHF,12/06/2023 14:08
INV-100403,INV,PL-000403,02/06/2023,19110.0,USD,03/06/2023 19:31
INV-100404,INV,PL-000404,01/06/2023,21070.5,GBP,02/06/2023 15:27
INV-100405,INV,PL-000405,12/05/2023,20309.8,GBP,14/05/2023 09:06
INV-100406,INV,PL-000406,13/05/2023,19504.8,USD,13/05/2023 19:24
INV-100407,INV,PL-000407,24/05/2023,23234.5,USD,24/05/2023 17:34
INV-100408,INV,PL-000408,31/05/2023,12919.5,EUR,31/05/2023 09:14
INV-100409,INV,PL-000409,06/05/2023,11543.4,GBP,07/05/2023 07:34
INV-100410,INV,PL-000410,15/05/2023,20496.0,USD,16/05/2023 11:10
INV-100411,INV,PL-000411,22/05/2023,12875.3,EUR,24/05/2023 20:42
INV-100412,INV,PL-000412,08/05/2023,17763.0,EUR,08/05/2023 08:15
INV-100413,INV,PL-000413,18/06/2023,17146.8,GBP,20/06/2023 09:20
INV-100414,INV,PL-000414,08/05/2023,18543.6,EUR,10/05/2023 15:51
CRN-200039,CRN,PL-000414,14/06/2023,18543.6,EUR,16/06/2023 16:38
INV-100415,INV,PL-000415,22/06/2023,16906.5,USD,23/06/2023 11:48
INV-100416,INV,PL-000416,15/06/2023,14515.2,EUR,15/06/2023 14:33
INV-100417,INV,PL-000417,04/06/2023,16892.5,GBP,04/06/2023 15:12
INV-100418,INV,PL-000418,21/06/2023,15780.5,EUR,21/06/2023 14:32
INV-100419,INV,PL-000419,25/06/2023,10465.0,GBP,25/06/2023 09:04
CRN-200040,CRN,PL-000419,24/08/2023,5232.5,GBP,25/08/2023 08:16
INV-100420,INV,PL-000420,15/05/2023,13731.3,EUR,16/05/2023 08:18
INV-100421,INV,PL-000421,19/06/2023,12425.0,EUR,20/06/2023 17:18
CRN-200041,CRN,PL-000421,25/07/2023,6212.5,EUR,26/07/2023 13:00
INV-100422,INV,PL-000422,03/05/2023,13277.0,EUR,03/05/2023 08:58
INV-100423,INV,PL-000423,12/05/2023,24078.6,USD,12/05/2023 07:07
INV-100424,INV,PL-000424,08/06/2023,11475.2,GBP,10/06/2023 11:42
INV-100425,INV,PL-000425,15/05/2023,118053.0,HKD,15/05/2023 11:21
INV-100426,INV,PL-000426,13/06/2023,8448.8,GBP,14/06/2023 07:33
INV-100427,INV,PL-000427,20/06/2023,12911.7,GBP,20/06/2023 16:28
INV-100428,INV,PL-000428,15/06/2023,20155.2,EUR,16/06/2023 08:21
INV-100429,INV,PL-000429,22/05/2023,15710.2,GBP,23/05/2023 11:39
INV-100430,INV,PL-000430,16/06/2023,10546.5,GBP,17/06/2023 16:14
INV-100431,INV,PL-000431,29/06/2023,13410.0,GBP,01/07/2023 19:43
INV-100432,INV,PL-000432,08/06/2023,19138.4,GBP,09/06/2023 16:43
INV-100433,INV,PL-000433,19/05/2023,16713.2,GBP,19/05/2023 15:32
INV-100434,INV,PL-000434,27/06/2023,20868.0,CHF,28/06/2023 14:15
INV-100435,INV,PL-000435,29/05/2023,9936.5,EUR,30/05/2023 07:48
INV-100436,INV,PL-000436,26/06/2023,16290.0,GBP,27/06/2023 12:35
INV-100437,INV,PL-000437,08/05/2023,16443.7,GBP,10/05/2023 18:21
INV-100438,INV,PL-000438,26/06/2023,23199.4,EUR,27/06/2023 14:44
CRN-200042,CRN,PL-000438,20/08/2023,11599.7,EUR,21/08/2023 08:27
INV-100439,INV,PL-000439,25/06/2023,23600.4,USD,26/06/2023 20:33
INV-100440,INV,PL-000440,19/05/2023,28464.8,CHF,20/05/2023 11:02
INV-100441,INV,PL-000441,26/05/2023,119220.4,HKD,26/05/2023 07:41
CRN-200043,CRN,PL-000441,15/07/2023,59610.2,HKD,17/07/2023 10:09
INV-100442,INV,PL-000442,22/05/2023,18122.7,GBP,24/05/2023 09:23
INV-100443,INV,PL-000443,11/06/2023,24263.0,CHF,13/06/2023 10:02
INV-100444,INV,PL-000444,01/06/2023,23030.8,USD,01/06/2023 11:51
INV-100445,INV,PL-000445,16/05/2023,13680.0,EUR,18/05/2023 17:32
INV-100446,INV,PL-000446,23/06/2023,29568.8,USD,25/06/2023 19:54
INV-100447,INV,PL-000447,17/06/2023,11558.1,EUR,19/06/2023 14:49
INV-100448,INV,PL-000448,14/05/2023,22372.2,USD,15/05/2023 15:57
INV-100449,INV,PL-000449,08/06/2023,16360.0,GBP,08/06/2023 08:03
INV-100450,INV,PL-000450,25/06/2023,11071.2,EUR,26/06/2023 19:31
INV-100451,INV,PL-000451,29/06/2023,13968.0,EUR,30/06/2023 14:19
INV-100452,INV,PL-000452,19/05/2023,16176.6,GBP,20/05/2023 08:08
CRN-200044,CRN,PL-000452,05/08/2023,4044.15,GBP,06/08/2023 13:15
INV-100453,INV,PL-000453,28/05/2023,9430.2,EUR,28/05/2023 10:52
INV-100454,INV,PL-000454,12/06/2023,10389.9,EUR,13/06/2023 17:42
INV-100455,INV,PL-000455,27/06/2023,14497.6,USD,29/06/2023 16:14
INV-100456,INV,PL-000456,04/06/2023,15632.5,GBP,05/06/2023 19:11
CRN-200045,CRN,PL-000456,02/07/2023,15632.5,GBP,03/07/2023 14:47
INV-100457,INV,PL-000457,03/07/2023,15540.0,GBP,04/07/2023 07:55
INV-100458,INV,PL-000458,09/06/2023,28031.3,MYR,09/06/2023 17:40
INV-100459,INV,PL-000459,14/06/2023,13029.6,GBP,16/06/2023 07:00
INV-100460,INV,PL-000460,20/05/2023,28730.5,SGD,21/05/2023 16:22
INV-100461,INV,PL-000461,20/06/2023,12690.0,EUR,22/06/2023 10:29
INV-100462,INV,PL-000462,25/06/2023,14420.5,GBP,27/06/2023 09:56
INV-100463,INV,PL-000463,28/06/2023,11959.9,EUR,30/06/2023 17:43
INV-100464,INV,PL-000464,01/07/2023,16144.5,GBP,03/07/2023 18:19
INV-100465,INV,PL-000465,14/06/2023,24620.5,CHF,15/06/2023 16:30
INV-100466,INV,PL-000466,08/06/2023,17841.0,EUR,10/06/2023 18:29
INV-100467,INV,PL-000467,10/06/2023,15170.0,GBP,10/06/2023 10:06
INV-100468,INV,PL-000468,24/06/2023,27216.0,MYR,24/06/2023 17:28
INV-100469,INV,PL-000469,17/06/2023,14021.7,EUR,19/06/2023 09:22
INV-100470,INV,PL-000470,22/06/2023,30492.0,SGD,22/06/2023 10:24
INV-100471,INV,PL-000471,07/06/2023,20022.0,GBP,07/06/2023 18:15
INV-100472,INV,PL-000472,19/05/2023,14210.4,EUR,19/05/2023 11:25
INV-100473,INV,PL-000473,26/06/2023,9065.0,EUR,26/06/2023 08:37
INV-100474,INV,PL-000474,06/06/2023,113220.8,HKD,07/06/2023 20:29
INV-100475,INV,PL-000475,19/06/2023,25623.0,USD,21/06/2023 20:15
INV-100476,INV,PL-000476,27/05/2023,22976.4,USD,29/05/2023 10:48
INV-100477,INV,PL-000477,19/06/2023,27747.2,USD,21/06/2023 18:54
CRN-200046,CRN,PL-000477,09/09/2023,6936.8,USD,09/09/2023 19:40
INV-100478,INV,PL-000478,04/06/2023,15376.1,EUR,05/06/2023 08:53
INV-100479,INV,PL-000479,12/06/2023,22661.0,SGD,13/06/2023 08:04
INV-100480,INV,PL-000480,04/07/2023,17886.8,USD,04/07/2023 14:41
INV-100481,INV,PL-000481,02/07/2023,21726.0,GBP,02/07/2023 14:27
CRN-200047,CRN,PL-000481,01/09/2023,10863.0,GBP,03/09/2023 16:48
INV-100482,INV,PL-000482,12/07/2023,18910.8,GBP,12/07/2023 17:44
INV-100483,INV,PL-000483,17/07/2023,34632.3,CHF,18/07/2023 20:18
INV-100484,INV,PL-000484,09/07/2023,12792.0,GBP,11/07/2023 20:06
INV-100485,INV,PL-000485,04/06/2023,20008.0,USD,06/06/2023 16:33
INV-100486,INV,PL-000486,09/06/2023,162279.0,HKD,11/06/2023 12:52
INV-100487,INV,PL-000487,14/06/2023,24019.3,CHF,16/06/2023 14:21
INV-100488,INV,PL-000488,17/06/2023,12818.4,GBP,17/06/2023 15:38
INV-100489,INV,PL-000489,22/06/2023,28683.6,MYR,22/06/2023 16:23
INV-100490,INV,PL-000490,28/06/2023,14682.8,EUR,30/06/2023 10:52
INV-100491,INV,PL-000491,26/05/2023,12863.9,EUR,26/05/2023 20:38
INV-100492,INV,PL-000492,08/07/2023,11100.3,GBP,09/07/2023 07:13
INV-100493,INV,PL-000493,08/06/2023,36571.5,SGD,10/06/2023 14:30
INV-100494,INV,PL-000494,06/06/2023,34119.0,MYR,08/06/2023 19:30
CRN-200048,CRN,PL-000494,25/06/2023,34119.0,MYR,25/06/2023 09:22
INV-100495,INV,PL-000495,01/07/2023,16660.0,USD,03/07/2023 19:42
INV-100496,INV,PL-000496,07/06/2023,13790.4,EUR,07/06/2023 20:52
INV-100497,INV,PL-000497,10/07/2023,19157.2,USD,11/07/2023 13:04
INV-100498,INV,PL-000498,16/06/2023,15957.0,GBP,16/06/2023 16:49
INV-100499,INV,PL-000499,05/07/2023,28006.0,SGD,05/07/2023 11:37
INV-100500,INV,PL-000500,22/07/2023,20907.7,EUR,24/07/2023 10:28
CRN-200049,CRN,PL-000500,28/08/2023,20907.7,EUR,30/08/2023 17:04
INV-100501,INV,PL-000501,09/06/2023,26127.7,USD,11/06/2023 17:06
INV-100502,INV,PL-000502,30/06/2023,15713.1,GBP,30/06/2023 10:15
INV-100503,INV,PL-000503,02/06/2023,29799.6,CHF,03/06/2023 10:34
INV-100504,INV,PL-000504,23/06/2023,30817.2,GBP,25/06/2023 20:01
INV-100505,INV,PL-000505,13/07/2023,24210.9,CHF,14/07/2023 19:33
INV-100506,INV,PL-000506,01/07/2023,111460.8,HKD,02/07/2023 07:19
INV-100507,INV,PL-000507,04/06/2023,15094.4,GBP,05/06/2023 16:58
INV-100508,INV,PL-000508,21/06/2023,16675.2,GBP,21/06/2023 12:30
INV-100509,INV,PL-000509,26/07/2023,21898.8,GBP,26/07/2023 13:02
INV-100510,INV,PL-000510,22/06/2023,18439.2,EUR,24/06/2023 11:46
INV-100511,INV,PL-000511,19/06/2023,24956.0,USD,20/06/2023 07:35
INV-100512,INV,PL-000512,12/06/2023,19068.0,EUR,12/06/2023 09:46
INV-100513,INV,PL-000513,26/07/2023,28829.0,GBP,26/07/2023 09:53
INV-100514,INV,PL-000514,05/06/2023,12948.2,GBP,06/06/2023 12:41
CRN-200050,CRN,PL-000514,22/06/2023,12948.2,GBP,24/06/2023 14:02
INV-100515,INV,PL-000515,09/07/2023,15681.2,EUR,11/07/2023 13:21
INV-100516,INV,PL-000516,06/06/2023,17291.4,USD,08/06/2023 20:29
INV-100517,INV,PL-000517,06/06/2023,28432.5,GBP,08/06/2023 09:26
INV-100518,INV,PL-000518,06/07/2023,21401.9,USD,08/07/2023 07:36
INV-100519,INV,PL-000519,25/06/2023,12708.6,EUR,27/06/2023 17:02
INV-100520,INV,PL-000520,26/07/2023,17608.5,EUR,28/07/2023 10:02
INV-100521,INV,PL-000521,01/08/2023,15206.4,GBP,03/08/2023 11:23
INV-100522,INV,PL-000522,15/07/2023,13708.8,GBP,16/07/2023 19:02
INV-100523,INV,PL-000523,26/07/2023,14001.5,GBP,26/07/2023 17:58
INV-100524,INV,PL-000524,25/06/2023,20482.7,EUR,27/06/2023 10:57
INV-100525,INV,PL-000525,05/07/2023,10507.2,EUR,07/07/2023 17:59
CRN-200051,CRN,PL-000525,22/08/2023,5253.6,EUR,23/08/2023 08:19
INV-100526,INV,PL-000526,19/07/2023,13690.4,EUR,19/07/2023 17:22
INV-100527,INV,PL-000527,05/07/2023,13556.9,EUR,06/07/2023 16:43
INV-100528,INV,PL-000528,31/07/2023,29532.4,CHF,01/08/2023 09:34
INV-100529,INV,PL-000529,29/06/2023,121411.1,HKD,29/06/2023 14:04
INV-100530,INV,PL-000530,16/06/2023,18780.6,GBP,16/06/2023 18:54
INV-100531,INV,PL-000531,24/06/2023,18271.5,EUR,26/06/2023 11:18
CRN-200052,CRN,PL-000531,16/07/2023,18271.5,EUR,17/07/2023 20:35
INV-100532,INV,PL-000532,31/07/2023,19322.9,GBP,02/08/2023 19:46
INV-100533,INV,PL-000533,18/06/2023,23669.8,EUR,20/06/2023 15:56
INV-100534,INV,PL-000534,07/07/2023,17377.5,CHF,08/07/2023 07:27
INV-100535,INV,PL-000535,31/07/2023,20112.0,SGD,02/08/2023 11:40
INV-100536,INV,PL-000536,24/07/2023,21532.1,CHF,25/07/2023 20:06
INV-100537,INV,PL-000537,03/08/2023,18266.4,EUR,03/08/2023 08:26
INV-100538,INV,PL-000538,23/06/2023,15555.6,GBP,25/06/2023 09:40
INV-100539,INV,PL-000539,25/07/2023,15108.1,GBP,25/07/2023 12:33
INV-100540,INV,PL-000540,12/06/2023,12028.5,EUR,14/06/2023 17:23
INV-100541,INV,PL-000541,12/07/2023,13554.8,USD,13/07/2023 11:19
INV-100542,INV,PL-000542,12/07/2023,39905.0,MYR,14/07/2023 19:45
INV-100543,INV,PL-000543,17/07/2023,23890.2,CHF,17/07/2023 19:52
INV-100544,INV,PL-000544,30/07/2023,32791.5,CHF,31/07/2023 08:51
INV-100545,INV,PL-000545,25/06/2023,16060.2,EUR,26/06/2023 14:46
INV-100546,INV,PL-000546,31/07/2023,18386.4,EUR,01/08/2023 08:00
INV-100547,INV,PL-000547,03/07/2023,14128.8,EUR,04/07/2023 07:49
INV-100548,INV,PL-000548,01/08/2023,20043.0,USD,01/08/2023 07:05
INV-100549,INV,PL-000549,18/06/2023,22768.3,EUR,20/06/2023 07:27
INV-100550,INV,PL-000550,21/06/2023,13986.7,EUR,22/06/2023 08:38
INV-100551,INV,PL-000551,17/07/2023,17130.2,CHF,17/07/2023 07:19
INV-100552,INV,PL-000552,10/07/2023,17998.2,GBP,11/07/2023 10:03
INV-100553,INV,PL-000553,07/08/2023,116292.1,HKD,09/08/2023 12:38
INV-100554,INV,PL-000554,04/07/2023,20273.8,CHF,05/07/2023 10:20
INV-100555,INV,PL-000555,25/07/2023,11362.8,GBP,27/07/2023 14:21
CRN-200053,CRN,PL-000555,18/09/2023,5681.4,GBP,18/09/2023 11:34
INV-100556,INV,PL-000556,23/06/2023,19866.0,CHF,25/06/2023 18:36
INV-100557,INV,PL-000557,11/07/2023,36543.0,MYR,11/07/2023 10:08
INV-100558,INV,PL-000558,21/06/2023,17803.0,GBP,23/06/2023 11:38
INV-100559,INV,PL-000559,23/07/2023,14191.3,GBP,25/07/2023 14:04
INV-100560,INV,PL-000560,14/07/2023,120099.0,HKD,14/07/2023 13:01
INV-100561,INV,PL-000561,10/08/2023,14265.6,EUR,11/08/2023 18:21
INV-100562,INV,PL-000562,27/06/2023,29960.7,USD,29/06/2023 15:01
INV-100563,INV,PL-000563,03/07/2023,20223.0,EUR,04/07/2023 19:52
INV-100564,INV,PL-000564,23/06/2023,25615.0,CHF,23/06/2023 11:51
INV-100565,INV,PL-000565,19/07/2023,12406.8,EUR,21/07/2023 11:27
INV-100566,INV,PL-000566,04/08/2023,14802.5,EUR,06/08/2023 09:15
INV-100567,INV,PL-000567,11/08/2023,13499.2,GBP,13/08/2023 07:49
INV-100568,INV,PL-000568,24/07/2023,8293.5,EUR,26/07/2023 11:18
INV-100569,INV,PL-000569,16/07/2023,29140.0,EUR,17/07/2023 07:25
INV-100570,INV,PL-000570,13/07/2023,12448.5,EUR,14/07/2023 15:24
INV-100571,INV,PL-000571,07/07/2023,17933.3,EUR,07/07/2023 07:46
INV-100572,INV,PL-000572,26/07/2023,26481.6,EUR,28/07/2023 14:05
INV-100573,INV,PL-000573,11/07/2023,16916.8,USD,11/07/2023 18:13
INV-100574,INV,PL-000574,18/08/2023,39222.7,MYR,18/08/2023 08:39
INV-100575,INV,PL-000575,04/08/2023,13178.8,GBP,06/08/2023 15:30
INV-100576,INV,PL-000576,14/07/2023,13810.5,EUR,16/07/2023 11:13
INV-100577,INV,PL-000577,22/06/2023,20754.8,EUR,23/06/2023 19:31
INV-100578,INV,PL-000578,29/06/2023,21582.4,GBP,29/06/2023 07:02
INV-100579,INV,PL-000579,31/07/2023,21973.6,USD,02/08/2023 13:12
INV-100580,INV,PL-000580,26/07/2023,18554.4,EUR,26/07/2023 17:08
INV-100581,INV,PL-000581,12/08/2023,35300.7,USD,12/08/2023 14:30
INV-100582,INV,PL-000582,27/07/2023,7536.0,EUR,28/07/2023 12:20
INV-100583,INV,PL-000583,28/06/2023,13392.7,EUR,28/06/2023 07:50
INV-100584,INV,PL-000584,10/07/2023,14002.4,EUR,12/07/2023 12:28
INV-100585,INV,PL-000585,01/08/2023,19413.5,GBP,01/08/2023 19:02
INV-100586,INV,PL-000586,10/08/2023,24967.2,USD,10/08/2023 11:49
INV-100587,INV,PL-000587,29/07/2023,12432.0,CHF,29/07/2023 13:07
INV-100588,INV,PL-000588,17/07/2023,23351.2,SGD,19/07/2023 08:39
INV-100589,INV,PL-000589,20/08/2023,18069.9,EUR,22/08/2023 07:32
INV-100590,INV,PL-000590,04/08/2023,16489.1,CHF,05/08/2023 14:54
INV-100591,INV,PL-000591,23/07/2023,13628.7,GBP,25/07/2023 19:21
INV-100592,INV,PL-000592,01/07/2023,17510.4,EUR,02/07/2023 13:48
INV-100593,INV,PL-000593,29/08/2023,15885.9,EUR,29/08/2023 07:13
INV-100594,INV,PL-000594,16/08/2023,26082.9,USD,17/08/2023 18:13
INV-100595,INV,PL-000595,21/07/2023,9857.6,EUR,22/07/2023 19:22
INV-100596,INV,PL-000596,02/08/2023,19496.4,GBP,04/08/2023 10:03
INV-100597,INV,PL-000597,19/08/2023,14417.1,GBP,21/08/2023 10:55
INV-100598,INV,PL-000598,20/07/2023,13908.0,EUR,20/07/2023 07:25
INV-100599,INV,PL-000599,28/07/2023,20209.1,USD,30/07/2023 16:42
CRN-200054,CRN,PL-000599,18/10/2023,5052.27,USD,19/10/2023 16:45
INV-100600,INV,PL-000600,19/08/2023,14784.0,GBP,21/08/2023 13:23
CRN-200055,CRN,PL-000600,09/09/2023,14784.0,GBP,10/09/2023 20:24
INV-100601,INV,PL-000601,20/08/2023,48528.2,MYR,20/08/2023 12:29
CRN-200056,CRN,PL-000601,14/10/2023,24264.1,MYR,16/10/2023 12:24
INV-100602,INV,PL-000602,11/07/2023,17818.8,EUR,11/07/2023 07:49
INV-100603,INV,PL-000603,30/07/2023,18476.4,GBP,31/07/2023 18:33
INV-100604,INV,PL-000604,11/07/2023,19674.2,USD,11/07/2023 11:23
INV-100605,INV,PL-000605,10/08/2023,13449.8,EUR,11/08/2023 15:05
INV-100606,INV,PL-000606,21/07/2023,11637.5,GBP,21/07/2023 10:35
INV-100607,INV,PL-000607,24/07/2023,109166.4,HKD,25/07/2023 10:14
INV-100608,INV,PL-000608,28/08/2023,11439.9,EUR,30/08/2023 15:16
INV-100609,INV,PL-000609,01/08/2023,11621.9,EUR,03/08/2023 09:57
INV-100610,INV,PL-000610,05/08/2023,17825.0,EUR,06/08/2023 08:03
INV-100611,INV,PL-000611,13/07/2023,16524.0,GBP,14/07/2023 19:56
INV-100612,INV,PL-000612,29/08/2023,21483.0,EUR,30/08/2023 16:47
INV-100613,INV,PL-000613,02/09/2023,9731.1,EUR,02/09/2023 13:33
INV-100614,INV,PL-000614,17/08/2023,21071.0,GBP,17/08/2023 19:09
INV-100615,INV,PL-000615,30/07/2023,29963.0,USD,01/08/2023 15:48
INV-100616,INV,PL-000616,26/08/2023,22637.1,USD,26/08/2023 11:11
INV-100617,INV,PL-000617,18/07/2023,18137.6,EUR,19/07/2023 12:39
INV-100618,INV,PL-000618,12/08/2023,26890.5,GBP,12/08/2023 16:40
INV-100619,INV,PL-000619,20/07/2023,133724.8,HKD,21/07/2023 08:57
CRN-200057,CRN,PL-000619,04/09/2023,66862.4,HKD,04/09/2023 20:43
INV-100620,INV,PL-000620,29/07/2023,15826.3,GBP,30/07/2023 14:16
INV-100621,INV,PL-000621,31/08/2023,33617.2,USD,02/09/2023 10:38
INV-100622,INV,PL-000622,21/08/2023,34329.4,CHF,22/08/2023 17:32
INV-100623,INV,PL-000623,03/08/2023,9882.0,GBP,03/08/2023 08:51
CRN-200058,CRN,PL-000623,02/10/2023,4941.0,GBP,03/10/2023 10:43
INV-100624,INV,PL-000624,30/07/2023,19706.4,GBP,30/07/2023 14:37
INV-100625,INV,PL-000625,02/09/2023,25602.5,SGD,04/09/2023 14:58
INV-100626,INV,PL-000626,27/08/2023,17221.6,EUR,27/08/2023 14:03
INV-100627,INV,PL-000627,24/08/2023,23570.4,SGD,25/08/2023 20:21
INV-100628,INV,PL-000628,26/07/2023,17544.0,EUR,26/07/2023 08:08
INV-100629,INV,PL-000629,01/08/2023,16732.3,EUR,01/08/2023 08:48
INV-100630,INV,PL-000630,16/08/2023,19654.2,EUR,18/08/2023 16:18
INV-100631,INV,PL-000631,08/09/2023,20771.1,USD,09/09/2023 10:15
INV-100632,INV,PL-000632,19/07/2023,34665.8,USD,21/07/2023 18:28
INV-100633,INV,PL-000633,18/07/2023,41917.5,MYR,19/07/2023 18:05
INV-100634,INV,PL-000634,12/09/2023,12083.0,EUR,13/09/2023 10:17
INV-100635,INV,PL-000635,31/08/2023,24814.5,CHF,31/08/2023 09:55
INV-100636,INV,PL-000636,02/08/2023,10251.0,GBP,04/08/2023 15:56
INV-100637,INV,PL-000637,21/07/2023,13100.5,EUR,23/07/2023 12:37
INV-100638,INV,PL-000638,04/08/2023,22152.0,EUR,06/08/2023 12:00
INV-100639,INV,PL-000639,13/08/2023,30039.0,MYR,13/08/2023 15:44
INV-100640,INV,PL-000640,21/07/2023,16435.8,GBP,23/07/2023 20:10
INV-100641,INV,PL-000641,04/08/2023,13824.0,EUR,04/08/2023 11:27
INV-100642,INV,PL-000642,27/08/2023,14680.0,EUR,28/08/2023 19:23
INV-100643,INV,PL-000643,15/09/2023,14738.4,EUR,15/09/2023 12:08
INV-100644,INV,PL-000644,11/08/2023,14394.6,GBP,13/08/2023 11:28
INV-100645,INV,PL-000645,13/08/2023,12827.5,GBP,15/08/2023 14:25
INV-100646,INV,PL-000646,01/09/2023,16182.0,EUR,02/09/2023 11:06
INV-100647,INV,PL-000647,05/08/2023,126643.5,HKD,06/08/2023 14:12
INV-100648,INV,PL-000648,13/09/2023,26924.8,SGD,13/09/2023 07:03
INV-100649,INV,PL-000649,01/09/2023,18775.3,GBP,02/09/2023 11:38
INV-100650,INV,PL-000650,10/09/2023,17491.2,EUR,12/09/2023 08:11
INV-100651,INV,PL-000651,16/08/2023,15985.6,GBP,17/08/2023 08:11
INV-100652,INV,PL-000652,19/08/2023,15312.0,EUR,21/08/2023 08:49
INV-100653,INV,PL-000653,14/08/2023,13251.8,GBP,16/08/2023 12:22
INV-100654,INV,PL-000654,07/09/2023,25047.0,EUR,07/09/2023 14:47
INV-100655,INV,PL-000655,12/09/2023,25236.0,MYR,14/09/2023 10:31
INV-100656,INV,PL-000656,06/09/2023,22389.6,EUR,08/09/2023 16:59
INV-100657,INV,PL-000657,12/08/2023,102492.0,HKD,14/08/2023 14:51
INV-100658,INV,PL-000658,09/09/2023,11962.6,EUR,10/09/2023 12:45
INV-100659,INV,PL-000659,01/08/2023,26887.0,GBP,02/08/2023 07:37
INV-100660,INV,PL-000660,11/09/2023,17068.8,GBP,12/09/2023 19:48
INV-100661,INV,PL-000661,25/07/2023,23085.0,EUR,25/07/2023 19:36
INV-100662,INV,PL-000662,21/08/2023,22470.0,USD,21/08/2023 20:23
INV-100663,INV,PL-000663,14/09/2023,10296.0,GBP,14/09/2023 07:17
INV-100664,INV,PL-000664,10/08/2023,16792.6,GBP,12/08/2023 17:25
INV-100665,INV,PL-000665,07/08/2023,13908.0,USD,07/08/2023 20:54
INV-100666,INV,PL-000666,07/09/2023,25315.2,CHF,08/09/2023 09:10
INV-100667,INV,PL-000667,12/09/2023,30292.6,MYR,13/09/2023 18:19
INV-100668,INV,PL-000668,07/09/2023,20014.6,GBP,09/09/2023 16:10
INV-100669,INV,PL-000669,12/08/2023,13942.5,EUR,13/08/2023 08:52
INV-100670,INV,PL-000670,07/09/2023,19515.1,CHF,09/09/2023 16:17
INV-100671,INV,PL-000671,15/08/2023,105596.4,HKD,16/08/2023 17:40
INV-100672,INV,PL-000672,01/09/2023,27922.5,SGD,02/09/2023 17:20
INV-100673,INV,PL-000673,28/07/2023,28248.6,USD,30/07/2023 11:19
INV-100674,INV,PL-000674,28/08/2023,19938.6,USD,28/08/2023 07:59
INV-100675,INV,PL-000675,27/09/2023,18564.0,GBP,28/09/2023 16:30
INV-100676,INV,PL-000676,19/08/2023,122166.0,HKD,21/08/2023 11:11
CRN-200059,CRN,PL-000676,31/08/2023,122166.0,HKD,31/08/2023 12:26
INV-100677,INV,PL-000677,16/09/2023,10280.4,GBP,16/09/2023 17:09
CRN-200060,CRN,PL-000677,10/12/2023,2570.1,GBP,12/12/2023 16:34
INV-100678,INV,PL-000678,23/08/2023,29625.5,MYR,25/08/2023 07:11
INV-100679,INV,PL-000679,12/09/2023,14706.6,GBP,13/09/2023 16:38
INV-100680,INV,PL-000680,02/09/2023,22006.4,CHF,03/09/2023 09:36
INV-100681,INV,PL-000681,10/09/2023,23316.8,USD,12/09/2023 13:23
INV-100682,INV,PL-000682,10/09/2023,21860.3,USD,10/09/2023 16:52
INV-100683,INV,PL-000683,05/08/2023,30090.1,CHF,06/08/2023 12:46
INV-100684,INV,PL-000684,20/09/2023,11492.0,GBP,21/09/2023 20:24
INV-100685,INV,PL-000685,11/09/2023,21854.0,GBP,11/09/2023 20:17
INV-100686,INV,PL-000686,13/09/2023,15507.8,EUR,14/09/2023 19:21
INV-100687,INV,PL-000687,02/08/2023,17145.0,GBP,02/08/2023 11:02
INV-100688,INV,PL-000688,21/09/2023,12369.0,EUR,23/09/2023 07:24
INV-100689,INV,PL-000689,14/08/2023,13967.1,GBP,14/08/2023 10:33
INV-100690,INV,PL-000690,14/08/2023,16744.2,EUR,16/08/2023 18:30
INV-100691,INV,PL-000691,19/09/2023,23865.0,CHF,21/09/2023 08:55
INV-100692,INV,PL-000692,21/08/2023,16542.0,CHF,21/08/2023 20:55
INV-100693,INV,PL-000693,07/08/2023,32894.4,USD,07/08/2023 11:23
INV-100694,INV,PL-000694,26/08/2023,20538.0,SGD,28/08/2023 17:10
INV-100695,INV,PL-000695,22/09/2023,15179.2,CHF,22/09/2023 20:05
INV-100696,INV,PL-000696,14/08/2023,23386.4,SGD,14/08/2023 18:43
INV-100697,INV,PL-000697,22/09/2023,20958.5,SGD,22/09/2023 12:25
INV-100698,INV,PL-000698,21/09/2023,17886.6,EUR,23/09/2023 11:25
INV-100699,INV,PL-000699,22/09/2023,18291.0,GBP,24/09/2023 16:07
INV-100700,INV,PL-000700,17/09/2023,101885.7,HKD,18/09/2023 15:24
INV-100701,INV,PL-000701,08/09/2023,16414.3,EUR,08/09/2023 11:48
INV-100702,INV,PL-000702,21/08/2023,12616.0,EUR,23/08/2023 11:00
INV-100703,INV,PL-000703,02/10/2023,22612.5,USD,02/10/2023 11:50
INV-100704,INV,PL-000704,25/08/2023,17514.2,EUR,25/08/2023 12:56
INV-100705,INV,PL-000705,13/09/2023,16554.0,USD,15/09/2023 19:43
INV-100706,INV,PL-000706,11/09/2023,14979.9,GBP,12/09/2023 18:14
INV-100707,INV,PL-000707,06/09/2023,21947.0,GBP,07/09/2023 14:45
INV-100708,INV,PL-000708,22/09/2023,10670.4,EUR,22/09/2023 12:43
INV-100709,INV,PL-000709,14/09/2023,16582.5,USD,15/09/2023 10:41
INV-100710,INV,PL-000710,11/09/2023,37006.2,USD,12/09/2023 14:08
INV-100711,INV,PL-000711,12/09/2023,24773.8,USD,14/09/2023 12:37
INV-100712,INV,PL-000712,21/09/2023,9752.7,GBP,23/09/2023 18:20
INV-100713,INV,PL-000713,24/09/2023,106932.0,HKD,26/09/2023 13:03
INV-100714,INV,PL-000714,23/08/2023,14794.7,EUR,23/08/2023 10:04
INV-100715,INV,PL-000715,16/08/2023,151139.8,HKD,17/08/2023 18:04
INV-100716,INV,PL-000716,16/09/2023,19523.7,USD,17/09/2023 17:22
INV-100717,INV,PL-000717,20/08/2023,29777.4,USD,22/08/2023 07:50
INV-100718,INV,PL-000718,15/08/2023,12606.3,EUR,16/08/2023 15:12
INV-100719,INV,PL-000719,23/09/2023,14708.7,GBP,23/09/2023 18:58
INV-100720,INV,PL-000720,02/09/2023,17034.0,EUR,04/09/2023 12:27
INV-100721,INV,PL-000721,25/09/2023,29097.2,CHF,25/09/2023 13:09
INV-100722,INV,PL-000722,17/09/2023,14117.4,EUR,19/09/2023 16:52
INV-100723,INV,PL-000723,19/09/2023,25472.2,GBP,21/09/2023 18:12
INV-100724,INV,PL-000724,28/09/2023,20940.0,EUR,30/09/2023 20:30
INV-100725,INV,PL-000725,08/10/2023,13240.5,EUR,08/10/2023 09:23
INV-100726,INV,PL-000726,02/09/2023,25789.4,MYR,04/09/2023 10:10
CRN-200061,CRN,PL-000726,10/12/2023,6447.35,MYR,10/12/2023 10:56
INV-100727,INV,PL-000727,25/09/2023,15505.2,GBP,27/09/2023 18:23
CRN-200062,CRN,PL-000727,25/10/2023,15505.2,GBP,27/10/2023 12:35
INV-100728,INV,PL-000728,03/10/2023,30795.1,USD,05/10/2023 16:36
INV-100729,INV,PL-000729,09/09/2023,15258.6,EUR,10/09/2023 10:15
INV-100730,INV,PL-000730,15/10/2023,26907.4,SGD,15/10/2023 18:06
INV-100731,INV,PL-000731,26/08/2023,16780.0,EUR,28/08/2023 11:08
INV-100732,INV,PL-000732,23/08/2023,13269.1,GBP,25/08/2023 15:04
INV-100733,INV,PL-000733,04/09/2023,19602.0,USD,06/09/2023 18:07
INV-100734,INV,PL-000734,15/09/2023,17972.1,EUR,15/09/2023 11:59
INV-100735,INV,PL-000735,17/10/2023,18026.8,USD,19/10/2023 17:45
INV-100736,INV,PL-000736,14/10/2023,24366.0,CHF,14/10/2023 08:50
INV-100737,INV,PL-000737,06/09/2023,14953.2,EUR,08/09/2023 15:21
INV-100738,INV,PL-000738,23/09/2023,23926.5,USD,25/09/2023 07:11
INV-100739,INV,PL-000739,14/10/2023,10867.9,EUR,14/10/2023 14:26
INV-100740,INV,PL-000740,08/10/2023,35301.0,USD,09/10/2023 12:21
INV-100741,INV,PL-000741,15/10/2023,21900.0,USD,16/10/2023 10:48
INV-100742,INV,PL-000742,05/10/2023,19575.5,GBP,05/10/2023 13:46
INV-100743,INV,PL-000743,31/08/2023,163648.8,HKD,02/09/2023 19:18
INV-100744,INV,PL-000744,21/08/2023,15151.5,GBP,23/08/2023 14:20
CRN-200063,CRN,PL-000744,16/09/2023,15151.5,GBP,18/09/2023 08:11
INV-100745,INV,PL-000745,16/09/2023,14342.4,GBP,18/09/2023 14:41
INV-100746,INV,PL-000746,28/09/2023,12126.4,GBP,28/09/2023 11:25
INV-100747,INV,PL-000747,30/09/2023,16122.3,GBP,02/10/2023 16:11
INV-100748,INV,PL-000748,28/08/2023,31492.5,SGD,29/08/2023 14:10
INV-100749,INV,PL-000749,29/08/2023,21534.0,USD,29/08/2023 18:38
INV-100750,INV,PL-000750,05/10/2023,14679.1,EUR,06/10/2023 20:40
INV-100751,INV,PL-000751,23/09/2023,18928.0,EUR,25/09/2023 14:36
INV-100752,INV,PL-000752,07/09/2023,22529.5,GBP,07/09/2023 13:04
CRN-200064,CRN,PL-000752,09/10/2023,22529.5,GBP,09/10/2023 18:30
INV-100753,INV,PL-000753,30/09/2023,24439.4,MYR,01/10/2023 13:57
INV-100754,INV,PL-000754,03/10/2023,17728.1,GBP,03/10/2023 08:05
CRN-200065,CRN,PL-000754,28/10/2023,17728.1,GBP,30/10/2023 08:08
INV-100755,INV,PL-000755,20/09/2023,13701.7,EUR,20/09/2023 14:42
INV-100756,INV,PL-000756,06/09/2023,21032.4,USD,08/09/2023 13:42
CRN-200066,CRN,PL-000756,05/11/2023,10516.2,USD,07/11/2023 14:14
INV-100757,INV,PL-000757,13/10/2023,10163.8,GBP,15/10/2023 09:58
INV-100758,INV,PL-000758,28/09/2023,15400.8,EUR,28/09/2023 09:26
INV-100759,INV,PL-000759,01/09/2023,26361.6,CHF,02/09/2023 09:23
INV-100760,INV,PL-000760,20/09/2023,16780.8,USD,21/09/2023 08:45
INV-100761,INV,PL-000761,11/09/2023,20007.0,GBP,13/09/2023 07:24
INV-100762,INV,PL-000762,15/09/2023,19071.0,GBP,17/09/2023 15:46
INV-100763,INV,PL-000763,13/10/2023,40288.2,MYR,13/10/2023 09:30
INV-100764,INV,PL-000764,22/09/2023,13303.6,GBP,24/09/2023 14:52
INV-100765,INV,PL-000765,30/08/2023,21204.0,USD,31/08/2023 15:10
CRN-200067,CRN,PL-000765,17/09/2023,21204.0,USD,18/09/2023 08:02
INV-100766,INV,PL-000766,12/09/2023,15930.5,GBP,12/09/2023 15:32
INV-100767,INV,PL-000767,05/09/2023,19591.5,CHF,05/09/2023 10:44
INV-100768,INV,PL-000768,18/10/2023,13688.2,GBP,19/10/2023 11:15
CRN-200068,CRN,PL-000768,28/11/2023,6844.1,GBP,29/11/2023 14:51
INV-100769,INV,PL-000769,15/10/2023,22907.5,CHF,15/10/2023 14:01
INV-100770,INV,PL-000770,15/09/2023,19601.9,GBP,17/09/2023 12:00
INV-100771,INV,PL-000771,07/09/2023,16488.0,EUR,08/09/2023 07:45
INV-100772,INV,PL-000772,22/09/2023,13702.5,EUR,24/09/2023 16:46
INV-100773,INV,PL-000773,28/09/2023,23914.8,EUR,29/09/2023 07:12
CRN-200069,CRN,PL-000773,05/11/2023,23914.8,EUR,07/11/2023 12:24
INV-100774,INV,PL-000774,20/10/2023,10730.8,EUR,21/10/2023 17:15
INV-100775,INV,PL-000775,18/10/2023,17406.4,EUR,20/10/2023 13:04
INV-100776,INV,PL-000776,07/09/2023,27132.0,CHF,07/09/2023 11:58
INV-100777,INV,PL-000777,11/09/2023,22110.0,SGD,12/09/2023 19:31
INV-100778,INV,PL-000778,08/10/2023,18159.6,GBP,08/10/2023 15:46
INV-100779,INV,PL-000779,22/09/2023,17899.2,EUR,23/09/2023 14:43
INV-100780,INV,PL-000780,27/09/2023,24955.0,SGD,29/09/2023 19:10
INV-100781,INV,PL-000781,14/09/2023,82347.3,HKD,14/09/2023 10:44
INV-100782,INV,PL-000782,05/10/2023,18562.8,EUR,07/10/2023 16:46
INV-100783,INV,PL-000783,22/10/2023,22170.8,CHF,22/10/2023 15:17
INV-100784,INV,PL-000784,27/10/2023,14726.4,GBP,29/10/2023 12:09
INV-100785,INV,PL-000785,14/09/2023,24551.8,USD,14/09/2023 15:49
INV-100786,INV,PL-000786,12/09/2023,15351.9,GBP,13/09/2023 20:21
CRN-200070,CRN,PL-000786,06/12/2023,3837.97,GBP,07/12/2023 12:21
INV-100787,INV,PL-000787,01/10/2023,12701.3,EUR,01/10/2023 07:53
INV-100788,INV,PL-000788,29/09/2023,27463.9,CHF,01/10/2023 11:07
INV-100789,INV,PL-000789,23/10/2023,19546.4,EUR,23/10/2023 10:28
INV-100790,INV,PL-000790,11/10/2023,14768.1,GBP,11/10/2023 08:13
CRN-200071,CRN,PL-000790,14/11/2023,14768.1,GBP,14/11/2023 10:11
INV-100791,INV,PL-000791,21/10/2023,16412.4,EUR,23/10/2023 09:55
INV-100792,INV,PL-000792,20/09/2023,16864.0,GBP,21/09/2023 12:54
INV-100793,INV,PL-000793,20/09/2023,16036.0,GBP,20/09/2023 19:28
INV-100794,INV,PL-000794,11/10/2023,18914.5,EUR,13/10/2023 10:29
CRN-200072,CRN,PL-000794,16/12/2023,4728.62,EUR,16/12/2023 11:50
INV-100795,INV,PL-000795,30/10/2023,18424.0,GBP,01/11/2023 15:24
INV-100796,INV,PL-000796,21/09/2023,17074.8,EUR,23/09/2023 07:24
INV-100797,INV,PL-000797,16/10/2023,15366.4,USD,17/10/2023 14:22
INV-100798,INV,PL-000798,09/10/2023,182627.2,HKD,11/10/2023 08:32
INV-100799,INV,PL-000799,23/09/2023,13440.0,GBP,25/09/2023 18:19
INV-100800,INV,PL-000800,17/10/2023,11158.5,EUR,19/10/2023 10:01
INV-100801,INV,PL-000801,31/10/2023,14055.6,GBP,31/10/2023 08:22
INV-100802,INV,PL-000802,20/10/2023,19629.3,EUR,22/10/2023 09:12
INV-100803,INV,PL-000803,14/10/2023,13703.0,GBP,15/10/2023 19:45
INV-100804,INV,PL-000804,23/09/2023,35424.0,MYR,23/09/2023 18:04
INV-100805,INV,PL-000805,11/10/2023,12496.0,EUR,13/10/2023 19:52
INV-100806,INV,PL-000806,02/10/2023,12744.4,GBP,03/10/2023 13:00
INV-100807,INV,PL-000807,10/11/2023,22799.7,USD,10/11/2023 08:18
INV-100808,INV,PL-000808,25/09/2023,14022.0,GBP,25/09/2023 08:01
INV-100809,INV,PL-000809,29/09/2023,18618.6,USD,29/09/2023 11:34
INV-100810,INV,PL-000810,22/09/2023,16082.6,EUR,22/09/2023 18:56
INV-100811,INV,PL-000811,09/10/2023,9540.0,GBP,09/10/2023 07:39
INV-100812,INV,PL-000812,10/11/2023,23673.0,CHF,10/11/2023 17:16
INV-100813,INV,PL-000813,24/10/2023,26940.1,USD,24/10/2023 17:45
INV-100814,INV,PL-000814,23/09/2023,16140.6,EUR,23/09/2023 19:14
INV-100815,INV,PL-000815,02/11/2023,12357.8,EUR,03/11/2023 08:20
INV-100816,INV,PL-000816,28/10/2023,22929.9,GBP,29/10/2023 17:43
INV-100817,INV,PL-000817,17/10/2023,17933.6,EUR,19/10/2023 17:09
INV-100818,INV,PL-000818,29/10/2023,91507.5,HKD,30/10/2023 07:32
INV-100819,INV,PL-000819,10/11/2023,112917.0,HKD,10/11/2023 11:39
INV-100820,INV,PL-000820,06/10/2023,19369.5,USD,08/10/2023 20:03
INV-100821,INV,PL-000821,23/09/2023,21911.4,EUR,23/09/2023 10:04
INV-100822,INV,PL-000822,06/10/2023,13977.6,CHF,08/10/2023 17:04
INV-100823,INV,PL-000823,20/09/2023,11424.0,GBP,22/09/2023 07:36
INV-100824,INV,PL-000824,29/09/2023,20419.4,CHF,30/09/2023 08:17
INV-100825,INV,PL-000825,28/09/2023,22465.2,USD,30/09/2023 10:48
INV-100826,INV,PL-000826,01/10/2023,11184.8,GBP,01/10/2023 15:34
INV-100827,INV,PL-000827,12/10/2023,16147.2,EUR,14/10/2023 12:06
INV-100828,INV,PL-000828,01/10/2023,12469.5,GBP,01/10/2023 20:48
INV-100829,INV,PL-000829,18/10/2023,22106.7,EUR,18/10/2023 11:11
CRN-200073,CRN,PL-000829,10/11/2023,22106.7,EUR,12/11/2023 08:33
INV-100830,INV,PL-000830,22/09/2023,29459.0,SGD,24/09/2023 11:36
INV-100831,INV,PL-000831,22/09/2023,98006.8,HKD,24/09/2023 15:52
INV-100832,INV,PL-000832,06/11/2023,90043.2,HKD,08/11/2023 14:09
INV-100833,INV,PL-000833,14/10/2023,12249.6,GBP,15/10/2023 10:42
CRN-200074,CRN,PL-000833,02/01/2024,3062.4,GBP,02/01/2024 17:07
INV-100834,INV,PL-000834,25/10/2023,18846.7,GBP,26/10/2023 16:24
INV-100835,INV,PL-000835,01/10/2023,22673.7,USD,03/10/2023 08:03
INV-100836,INV,PL-000836,04/11/2023,11837.2,EUR,04/11/2023 14:05
INV-100837,INV,PL-000837,10/10/2023,15909.6,GBP,11/10/2023 10:22
INV-100838,INV,PL-000838,03/11/2023,34408.0,USD,05/11/2023 10:19
INV-100839,INV,PL-000839,23/09/2023,24326.4,MYR,23/09/2023 12:38
INV-100840,INV,PL-000840,01/10/2023,17085.0,EUR,01/10/2023 13:41
INV-100841,INV,PL-000841,15/10/2023,18081.9,CHF,15/10/2023 14:48
INV-100842,INV,PL-000842,16/11/2023,16536.0,EUR,17/11/2023 18:19
INV-100843,INV,PL-000843,14/11/2023,13446.9,EUR,16/11/2023 08:42
INV-100844,INV,PL-000844,18/11/2023,40880.4,MYR,20/11/2023 10:18
INV-100845,INV,PL-000845,26/09/2023,17148.8,EUR,28/09/2023 13:19
CRN-200075,CRN,PL-000845,29/10/2023,17148.8,EUR,29/10/2023 17:40
INV-100846,INV,PL-000846,22/10/2023,14119.7,EUR,23/10/2023 20:01
INV-100847,INV,PL-000847,12/10/2023,11163.9,EUR,12/10/2023 09:54
INV-100848,INV,PL-000848,22/10/2023,17335.5,EUR,24/10/2023 19:16
INV-100849,INV,PL-000849,25/10/2023,153824.0,HKD,26/10/2023 11:18
INV-100850,INV,PL-000850,19/10/2023,20946.6,USD,21/10/2023 15:54
INV-100851,INV,PL-000851,05/11/2023,18086.8,GBP,07/11/2023 12:15
INV-100852,INV,PL-000852,04/11/2023,19255.2,GBP,04/11/2023 07:44
INV-100853,INV,PL-000853,30/09/2023,15381.6,GBP,02/10/2023 19:10
CRN-200076,CRN,PL-000853,28/12/2023,3845.4,GBP,30/12/2023 07:44
INV-100854,INV,PL-000854,30/09/2023,19765.2,EUR,01/10/2023 09:55
INV-100855,INV,PL-000855,03/11/2023,18556.2,SGD,05/11/2023 18:44
CRN-200077,CRN,PL-000855,18/12/2023,9278.1,SGD,18/12/2023 12:47
INV-100856,INV,PL-000856,04/11/2023,33323.0,USD,05/11/2023 19:13
INV-100857,INV,PL-000857,03/10/2023,18486.8,GBP,05/10/2023 09:57
INV-100858,INV,PL-000858,10/11/2023,170172.4,HKD,11/11/2023 17:34
INV-100859,INV,PL-000859,10/10/2023,18544.2,GBP,10/10/2023 17:19
INV-100860,INV,PL-000860,20/10/2023,14842.8,GBP,20/10/2023 09:50
INV-100861,INV,PL-000861,21/11/2023,18106.2,EUR,23/11/2023 17:54
INV-100862,INV,PL-000862,26/11/2023,18245.1,USD,26/11/2023 10:12
INV-100863,INV,PL-000863,20/10/2023,12744.8,EUR,22/10/2023 07:04
INV-100864,INV,PL-000864,08/11/2023,20980.2,GBP,09/11/2023 10:16
INV-100865,INV,PL-000865,24/10/2023,26846.1,MYR,24/10/2023 14:53
INV-100866,INV,PL-000866,05/11/2023,12577.5,EUR,07/11/2023 07:22
INV-100867,INV,PL-000867,14/10/2023,21483.2,EUR,14/10/2023 18:21
INV-100868,INV,PL-000868,11/11/2023,24466.3,USD,11/11/2023 17:36
INV-100869,INV,PL-000869,07/11/2023,28155.4,CHF,09/11/2023 19:30
INV-100870,INV,PL-000870,08/11/2023,12988.9,EUR,09/11/2023 15:15
INV-100871,INV,PL-000871,06/10/2023,19684.0,GBP,07/10/2023 13:05
INV-100872,INV,PL-000872,10/11/2023,15984.7,EUR,11/11/2023 16:30
INV-100873,INV,PL-000873,20/11/2023,23088.0,EUR,20/11/2023 11:09
INV-100874,INV,PL-000874,10/10/2023,14833.8,GBP,12/10/2023 10:28
INV-100875,INV,PL-000875,03/12/2023,20746.1,USD,04/12/2023 16:20
INV-100876,INV,PL-000876,22/11/2023,25497.5,GBP,24/11/2023 15:05
INV-100877,INV,PL-000877,23/10/2023,11358.0,EUR,24/10/2023 19:41
INV-100878,INV,PL-000878,20/11/2023,27342.0,SGD,21/11/2023 18:06
INV-100879,INV,PL-000879,12/10/2023,16339.2,GBP,12/10/2023 17:11
INV-100880,INV,PL-000880,15/10/2023,9935.5,EUR,16/10/2023 16:51
CRN-200078,CRN,PL-000880,15/11/2023,4967.75,EUR,15/11/2023 11:44
INV-100881,INV,PL-000881,16/11/2023,19844.0,CHF,17/11/2023 12:31
INV-100882,INV,PL-000882,29/10/2023,14922.6,EUR,29/10/2023 07:50
INV-100883,INV,PL-000883,27/10/2023,15458.5,EUR,28/10/2023 11:37
INV-100884,INV,PL-000884,25/11/2023,17657.6,EUR,25/11/2023 17:30
INV-100885,INV,PL-000885,18/10/2023,21712.4,EUR,18/10/2023 10:42
INV-100886,INV,PL-000886,20/11/2023,13533.0,GBP,20/11/2023 14:15
CRN-200079,CRN,PL-000886,29/12/2023,13533.0,GBP,30/12/2023 15:09
INV-100887,INV,PL-000887,22/10/2023,24944.1,USD,24/10/2023 08:35
INV-100888,INV,PL-000888,15/11/2023,16479.7,EUR,15/11/2023 11:10
CRN-200080,CRN,PL-000888,29/11/2023,16479.7,EUR,29/11/2023 11:58
INV-100889,INV,PL-000889,18/11/2023,12294.0,GBP,20/11/2023 12:27
INV-100890,INV,PL-000890,06/11/2023,16356.0,GBP,07/11/2023 10:38
INV-100891,INV,PL-000891,03/11/2023,20469.3,EUR,03/11/2023 08:40
INV-100892,INV,PL-000892,16/10/2023,14268.0,GBP,17/10/2023 13:56
INV-100893,INV,PL-000893,21/10/2023,17819.0,EUR,23/10/2023 14:27
INV-100894,INV,PL-000894,13/10/2023,9328.8,GBP,15/10/2023 12:58
INV-100895,INV,PL-000895,20/11/2023,21319.5,EUR,22/11/2023 10:29
INV-100896,INV,PL-000896,12/11/2023,14299.0,EUR,13/11/2023 14:39
CRN-200081,CRN,PL-000896,05/12/2023,14299.0,EUR,06/12/2023 09:07
INV-100897,INV,PL-000897,09/12/2023,15972.7,EUR,09/12/2023 14:31
INV-100898,INV,PL-000898,22/11/2023,22875.0,USD,24/11/2023 18:12
INV-100899,INV,PL-000899,08/11/2023,36838.2,MYR,09/11/2023 16:10
INV-100900,INV,PL-000900,26/10/2023,22720.5,EUR,27/10/2023 11:37
INV-100901,INV,PL-000901,05/12/2023,11141.2,EUR,05/12/2023 17:35
INV-100902,INV,PL-000902,23/11/2023,28420.0,USD,24/11/2023 07:17
INV-100903,INV,PL-000903,02/11/2023,44836.0,MYR,03/11/2023 07:19
INV-100904,INV,PL-000904,23/11/2023,22174.2,GBP,23/11/2023 17:54
INV-100905,INV,PL-000905,19/11/2023,12618.0,EUR,20/11/2023 20:29
CRN-200082,CRN,PL-000905,23/02/2024,3154.5,EUR,23/02/2024 19:02
INV-100906,INV,PL-000906,02/12/2023,23324.0,EUR,02/12/2023 13:09
INV-100907,INV,PL-000907,14/11/2023,9609.6,GBP,14/11/2023 09:33
INV-100908,INV,PL-000908,26/10/2023,18228.4,EUR,27/10/2023 17:08
INV-100909,INV,PL-000909,14/12/2023,24064.3,USD,15/12/2023 09:25
INV-100910,INV,PL-000910,13/11/2023,14528.0,GBP,13/11/2023 09:27
CRN-200083,CRN,PL-000910,01/01/2024,7264.0,GBP,02/01/2024 11:41
INV-100911,INV,PL-000911,07/11/2023,111102.9,HKD,08/11/2023 19:26
INV-100912,INV,PL-000912,10/11/2023,18120.0,EUR,11/11/2023 08:58
INV-100913,INV,PL-000913,07/11/2023,14196.0,EUR,07/11/2023 19:09
INV-100914,INV,PL-000914,30/10/2023,13356.0,EUR,31/10/2023 13:20
CRN-200084,CRN,PL-000914,13/12/2023,6678.0,EUR,14/12/2023 19:04
INV-100915,INV,PL-000915,25/11/2023,29164.8,USD,27/11/2023 20:28
INV-100916,INV,PL-000916,04/11/2023,28383.6,USD,04/11/2023 16:59
INV-100917,INV,PL-000917,23/11/2023,17954.0,GBP,24/11/2023 09:38
INV-100918,INV,PL-000918,17/11/2023,24589.5,GBP,19/11/2023 11:44
INV-100919,INV,PL-000919,21/11/2023,11943.8,EUR,23/11/2023 14:30
INV-100920,INV,PL-000920,13/12/2023,15532.8,GBP,14/12/2023 18:09
INV-100921,INV,PL-000921,17/11/2023,18115.8,GBP,19/11/2023 18:02
INV-100922,INV,PL-000922,13/11/2023,10560.8,GBP,14/11/2023 07:14
INV-100923,INV,PL-000923,25/11/2023,22687.2,CHF,25/11/2023 09:24
INV-100924,INV,PL-000924,11/11/2023,28796.4,USD,12/11/2023 20:16
INV-100925,INV,PL-000925,29/10/2023,26862.0,CHF,31/10/2023 07:03
INV-100926,INV,PL-000926,02/12/2023,24579.8,MYR,02/12/2023 14:16
INV-100927,INV,PL-000927,24/12/2023,20099.0,EUR,26/12/2023 20:06
INV-100928,INV,PL-000928,26/10/2023,11728.8,EUR,28/10/2023 20:49
INV-100929,INV,PL-000929,09/12/2023,21650.5,EUR,11/12/2023 07:39
INV-100930,INV,PL-000930,19/11/2023,16422.2,GBP,20/11/2023 18:41
INV-100931,INV,PL-000931,11/11/2023,22037.6,CHF,13/11/2023 17:38
INV-100932,INV,PL-000932,31/10/2023,21306.6,CHF,02/11/2023 16:29
INV-100933,INV,PL-000933,07/11/2023,26880.5,USD,08/11/2023 12:29
INV-100934,INV,PL-000934,24/11/2023,9556.8,GBP,26/11/2023 07:07
INV-100935,INV,PL-000935,02/11/2023,22888.8,EUR,04/11/2023 10:11
INV-100936,INV,PL-000936,24/11/2023,11829.6,EUR,24/11/2023 12:49
INV-100937,INV,PL-000937,04/12/2023,16393.2,GBP,04/12/2023 14:03
INV-100938,INV,PL-000938,01/12/2023,135139.4,HKD,02/12/2023 07:34
INV-100939,INV,PL-000939,01/11/2023,20550.4,USD,01/11/2023 13:31
INV-100940,INV,PL-000940,20/11/2023,17465.8,EUR,22/11/2023 17:25
INV-100941,INV,PL-000941,18/11/2023,29137.5,USD,18/11/2023 07:32
INV-100942,INV,PL-000942,30/11/2023,107677.0,HKD,30/11/2023 17:02
INV-100943,INV,PL-000943,12/11/2023,9623.2,EUR,14/11/2023 10:24
INV-100944,INV,PL-000944,09/11/2023,18308.4,EUR,09/11/2023 17:45
INV-100945,INV,PL-000945,06/12/2023,15432.6,GBP,07/12/2023 20:10
INV-100946,INV,PL-000946,27/12/2023,18029.4,GBP,28/12/2023 13:56
INV-100947,INV,PL-000947,31/10/2023,18027.6,EUR,31/10/2023 10:16
INV-100948,INV,PL-000948,27/11/2023,17182.0,GBP,28/11/2023 11:07
INV-100949,INV,PL-000949,25/12/2023,21960.0,SGD,25/12/2023 11:28
INV-100950,INV,PL-000950,06/12/2023,112046.2,HKD,08/12/2023 15:06
INV-100951,INV,PL-000951,01/01/2024,145105.6,HKD,03/01/2024 14:46
INV-100952,INV,PL-000952,16/12/2023,25500.8,GBP,18/12/2023 18:27
INV-100953,INV,PL-000953,24/12/2023,14325.8,EUR,25/12/2023 18:03
INV-100954,INV,PL-000954,09/12/2023,27148.8,USD,10/12/2023 16:10
INV-100955,INV,PL-000955,05/12/2023,18991.9,GBP,05/12/2023 12:19
INV-100956,INV,PL-000956,28/11/2023,18066.1,EUR,30/11/2023 07:15
INV-100957,INV,PL-000957,05/12/2023,25211.0,USD,06/12/2023 08:46
INV-100958,INV,PL-000958,07/12/2023,15851.4,GBP,08/12/2023 10:29
INV-100959,INV,PL-000959,11/11/2023,13750.9,EUR,13/11/2023 18:22
INV-100960,INV,PL-000960,06/12/2023,17167.2,GBP,07/12/2023 09:49
INV-100961,INV,PL-000961,18/12/2023,18048.6,GBP,20/12/2023 18:02
INV-100962,INV,PL-000962,26/12/2023,20236.8,USD,28/12/2023 10:44
INV-100963,INV,PL-000963,15/12/2023,19824.6,GBP,15/12/2023 17:26
INV-100964,INV,PL-000964,19/12/2023,7950.0,GBP,19/12/2023 07:46
INV-100965,INV,PL-000965,12/11/2023,16448.3,USD,13/11/2023 17:18
INV-100966,INV,PL-000966,07/12/2023,15701.6,EUR,09/12/2023 16:58
INV-100967,INV,PL-000967,28/12/2023,15429.4,USD,30/12/2023 13:31
INV-100968,INV,PL-000968,30/11/2023,13056.2,EUR,02/12/2023 17:06
CRN-200085,CRN,PL-000968,29/01/2024,6528.1,EUR,29/01/2024 18:10
INV-100969,INV,PL-000969,04/01/2024,23149.5,USD,05/01/2024 14:52
INV-100970,INV,PL-000970,24/12/2023,8940.8,GBP,24/12/2023 08:45
INV-100971,INV,PL-000971,10/12/2023,167965.2,HKD,12/12/2023 17:53
INV-100972,INV,PL-000972,12/12/2023,13836.8,GBP,12/12/2023 14:46
INV-100973,INV,PL-000973,06/12/2023,18087.3,GBP,08/12/2023 13:48
INV-100974,INV,PL-000974,26/12/2023,18894.4,CHF,28/12/2023 13:13
INV-100975,INV,PL-000975,28/12/2023,19084.1,GBP,29/12/2023 08:00
INV-100976,INV,PL-000976,23/11/2023,31156.4,SGD,24/11/2023 08:04
INV-100977,INV,PL-000977,09/12/2023,10939.5,EUR,10/12/2023 20:27
INV-100978,INV,PL-000978,05/12/2023,25910.8,GBP,06/12/2023 15:40
INV-100979,INV,PL-000979,26/11/2023,17058.7,EUR,28/11/2023 08:22
INV-100980,INV,PL-000980,04/01/2024,31171.2,USD,05/01/2024 11:49
INV-100981,INV,PL-000981,03/12/2023,18341.6,EUR,03/12/2023 07:18
INV-100982,INV,PL-000982,13/01/2024,20892.6,GBP,13/01/2024 12:05
INV-100983,INV,PL-000983,08/01/2024,119093.7,HKD,09/01/2024 18:43
INV-100984,INV,PL-000984,12/01/2024,21864.8,CHF,12/01/2024 12:38
INV-100985,INV,PL-000985,25/11/2023,15518.4,GBP,26/11/2023 17:26
INV-100986,INV,PL-000986,08/12/2023,16525.6,EUR,08/12/2023 13:57
INV-100987,INV,PL-000987,31/12/2023,19635.9,EUR,01/01/2024 07:21
INV-100988,INV,PL-000988,06/12/2023,25820.1,SGD,08/12/2023 09:35
INV-100989,INV,PL-000989,04/12/2023,20798.8,USD,06/12/2023 09:57
INV-100990,INV,PL-000990,13/01/2024,15285.6,CHF,15/01/2024 09:28
INV-100991,INV,PL-000991,26/11/2023,13888.5,EUR,27/11/2023 15:52
INV-100992,INV,PL-000992,04/12/2023,16076.8,EUR,05/12/2023 07:17
INV-100993,INV,PL-000993,21/12/2023,19289.6,EUR,23/12/2023 16:03
INV-100994,INV,PL-000994,08/12/2023,19385.6,EUR,09/12/2023 11:27
INV-100995,INV,PL-000995,30/11/2023,18757.2,EUR,02/12/2023 17:56
INV-100996,INV,PL-000996,15/12/2023,15498.0,EUR,15/12/2023 16:10
INV-100997,INV,PL-000997,03/01/2024,20849.5,EUR,05/01/2024 10:55
INV-100998,INV,PL-000998,11/12/2023,123912.0,HKD,11/12/2023 18:56
INV-100999,INV,PL-000999,09/01/2024,30559.8,SGD,11/01/2024 12:01
INV-101000,INV,PL-001000,17/01/2024,20350.0,GBP,17/01/2024 11:59
INV-101001,INV,PL-001001,17/01/2024,21711.6,GBP,18/01/2024 18:30
INV-101002,INV,PL-001002,13/12/2023,23898.6,GBP,15/12/2023 13:32
INV-101003,INV,PL-001003,08/01/2024,17937.5,EUR,09/01/2024 20:02
INV-101004,INV,PL-001004,30/12/2023,16390.2,CHF,01/01/2024 09:19
INV-101005,INV,PL-001005,28/12/2023,10883.6,GBP,29/12/2023 18:10
INV-101006,INV,PL-001006,16/12/2023,21372.9,CHF,18/12/2023 16:57
INV-101007,INV,PL-001007,02/12/2023,21094.5,CHF,03/12/2023 17:03
CRN-200086,CRN,PL-001007,03/02/2024,10547.25,CHF,04/02/2024 14:28
INV-101008,INV,PL-001008,25/12/2023,17935.8,EUR,26/12/2023 18:21
INV-101009,INV,PL-001009,16/01/2024,16612.4,EUR,18/01/2024 09:12
INV-101010,INV,PL-001010,12/12/2023,18748.0,EUR,13/12/2023 08:43
INV-101011,INV,PL-001011,11/12/2023,13546.2,EUR,12/12/2023 07:35
INV-101012,INV,PL-001012,18/12/2023,15312.6,CHF,19/12/2023 20:16
INV-101013,INV,PL-001013,27/01/2024,21778.2,EUR,27/01/2024 12:00
INV-101014,INV,PL-001014,19/01/2024,12480.0,GBP,20/01/2024 13:25
CRN-200087,CRN,PL-001014,16/04/2024,3120.0,GBP,16/04/2024 13:06
INV-101015,INV,PL-001015,22/01/2024,14878.0,GBP,23/01/2024 11:59
INV-101016,INV,PL-001016,18/01/2024,16746.4,GBP,19/01/2024 10:35
INV-101017,INV,PL-001017,02/01/2024,24452.2,GBP,02/01/2024 18:36
INV-101018,INV,PL-001018,24/01/2024,31067.6,USD,25/01/2024 07:37
INV-101019,INV,PL-001019,03/12/2023,15891.8,EUR,05/12/2023 14:30
INV-101020,INV,PL-001020,14/01/2024,24769.6,USD,16/01/2024 08:53
INV-101021,INV,PL-001021,12/01/2024,16900.2,EUR,14/01/2024 19:24
INV-101022,INV,PL-001022,06/01/2024,9047.5,EUR,08/01/2024 20:45
CRN-200088,CRN,PL-001022,24/02/2024,4523.75,EUR,26/02/2024 20:06
INV-101023,INV,PL-001023,12/12/2023,21086.4,GBP,13/12/2023 19:54
INV-101024,INV,PL-001024,19/01/2024,11105.4,GBP,21/01/2024 09:52
INV-101025,INV,PL-001025,15/01/2024,17700.8,EUR,15/01/2024 17:45
INV-101026,INV,PL-001026,25/12/2023,10602.0,EUR,27/12/2023 12:09
CRN-200089,CRN,PL-001026,09/02/2024,5301.0,EUR,11/02/2024 17:43
INV-101027,INV,PL-001027,31/01/2024,18391.5,GBP,02/02/2024 16:04
INV-101028,INV,PL-001028,24/12/2023,24796.8,EUR,24/12/2023 09:35
INV-101029,INV,PL-001029,16/12/2023,24815.4,USD,18/12/2023 17:05
INV-101030,INV,PL-001030,18/01/2024,27478.0,SGD,19/01/2024 17:40
INV-101031,INV,PL-001031,01/02/2024,16343.6,CHF,01/02/2024 07:32
INV-101032,INV,PL-001032,03/01/2024,21909.0,USD,04/01/2024 13:52
INV-101033,INV,PL-001033,04/01/2024,28899.2,USD,05/01/2024 13:45
CRN-200090,CRN,PL-001033,17/01/2024,28899.2,USD,19/01/2024 08:47
INV-101034,INV,PL-001034,17/01/2024,24007.2,USD,18/01/2024 10:45
INV-101035,INV,PL-001035,13/12/2023,14508.0,GBP,14/12/2023 10:05
INV-101036,INV,PL-001036,13/12/2023,28758.4,SGD,13/12/2023 08:40
CRN-200091,CRN,PL-001036,15/01/2024,14379.2,SGD,15/01/2024 08:49
INV-101037,INV,PL-001037,05/01/2024,10483.2,GBP,06/01/2024 17:00
INV-101038,INV,PL-001038,10/12/2023,21942.9,MYR,11/12/2023 14:08
INV-101039,INV,PL-001039,17/01/2024,17299.2,EUR,18/01/2024 18:03
INV-101040,INV,PL-001040,02/01/2024,13143.3,GBP,04/01/2024 19:53
INV-101041,INV,PL-001041,30/01/2024,23854.8,EUR,01/02/2024 17:47
INV-101042,INV,PL-001042,25/01/2024,29283.0,USD,25/01/2024 14:21
INV-101043,INV,PL-001043,25/01/2024,34702.8,USD,26/01/2024 09:46
INV-101044,INV,PL-001044,01/02/2024,21933.6,GBP,03/02/2024 13:46
INV-101045,INV,PL-001045,31/01/2024,22540.0,EUR,02/02/2024 18:44
INV-101046,INV,PL-001046,13/01/2024,16764.3,EUR,13/01/2024 12:10
INV-101047,INV,PL-001047,26/12/2023,23193.6,USD,26/12/2023 19:38
INV-101048,INV,PL-001048,18/01/2024,10029.6,GBP,18/01/2024 13:02
INV-101049,INV,PL-001049,15/12/2023,12758.2,EUR,15/12/2023 07:39
INV-101050,INV,PL-001050,15/12/2023,17556.0,GBP,16/12/2023 07:03
INV-101051,INV,PL-001051,13/12/2023,137548.4,HKD,15/12/2023 12:53
INV-101052,INV,PL-001052,14/01/2024,12604.8,GBP,16/01/2024 20:29
INV-101053,INV,PL-001053,02/01/2024,14191.0,EUR,03/01/2024 08:39
INV-101054,INV,PL-001054,28/01/2024,11125.1,GBP,30/01/2024 17:01
INV-101055,INV,PL-001055,22/01/2024,13525.5,EUR,22/01/2024 12:51
INV-101056,INV,PL-001056,11/12/2023,9552.0,GBP,13/12/2023 15:44
INV-101057,INV,PL-001057,15/12/2023,13668.2,EUR,17/12/2023 11:41
INV-101058,INV,PL-001058,15/01/2024,12331.8,EUR,15/01/2024 15:48
INV-101059,INV,PL-001059,13/01/2024,14300.4,EUR,15/01/2024 19:57
INV-101060,INV,PL-001060,24/12/2023,13963.8,GBP,25/12/2023 10:44
INV-101061,INV,PL-001061,14/12/2023,10980.0,GBP,14/12/2023 20:05
INV-101062,INV,PL-001062,17/01/2024,20579.7,GBP,19/01/2024 08:52
INV-101063,INV,PL-001063,30/12/2023,19461.6,USD,01/01/2024 16:42
INV-101064,INV,PL-001064,19/01/2024,28755.6,MYR,19/01/2024 10:59
INV-101065,INV,PL-001065,30/12/2023,24192.0,USD,01/01/2024 11:08
INV-101066,INV,PL-001066,05/02/2024,14115.8,GBP,05/02/2024 08:58
CRN-200092,CRN,PL-001066,23/03/2024,7057.9,GBP,25/03/2024 12:33
INV-101067,INV,PL-001067,19/01/2024,16734.8,EUR,19/01/2024 16:35
CRN-200093,CRN,PL-001067,29/01/2024,16734.8,EUR,29/01/2024 12:39
INV-101068,INV,PL-001068,19/01/2024,20054.0,EUR,19/01/2024 07:12
INV-101069,INV,PL-001069,02/02/2024,12259.5,GBP,03/02/2024 09:40
INV-101070,INV,PL-001070,09/01/2024,19267.5,EUR,10/01/2024 18:40
INV-101071,INV,PL-001071,13/01/2024,14209.1,GBP,13/01/2024 19:10
INV-101072,INV,PL-001072,26/01/2024,29992.4,USD,28/01/2024 07:09
INV-101073,INV,PL-001073,27/01/2024,20974.8,CHF,29/01/2024 17:36
INV-101074,INV,PL-001074,28/12/2023,15379.0,GBP,30/12/2023 13:14
INV-101075,INV,PL-001075,10/02/2024,20608.0,CHF,12/02/2024 11:45
INV-101076,INV,PL-001076,07/01/2024,20966.6,EUR,07/01/2024 08:51
INV-101077,INV,PL-001077,24/01/2024,17644.8,GBP,25/01/2024 08:51
INV-101078,INV,PL-001078,11/01/2024,13376.7,EUR,13/01/2024 13:49
INV-101079,INV,PL-001079,15/01/2024,15948.8,EUR,17/01/2024 16:23
INV-101080,INV,PL-001080,23/01/2024,116262.0,HKD,23/01/2024 10:28
INV-101081,INV,PL-001081,28/01/2024,122220.8,HKD,30/01/2024 10:38
INV-101082,INV,PL-001082,03/01/2024,9374.4,EUR,05/01/2024 11:06
INV-101083,INV,PL-001083,30/01/2024,21385.6,SGD,30/01/2024 15:08
INV-101084,INV,PL-001084,13/02/2024,13272.8,GBP,13/02/2024 09:14
INV-101085,INV,PL-001085,09/01/2024,18620.4,EUR,09/01/2024 16:16
CRN-200094,CRN,PL-001085,23/02/2024,9310.2,EUR,25/02/2024 14:01
INV-101086,INV,PL-001086,18/01/2024,25080.8,EUR,20/01/2024 10:09
INV-101087,INV,PL-001087,24/01/2024,14737.8,GBP,25/01/2024 09:18
INV-101088,INV,PL-001088,05/02/2024,78848.0,HKD,07/02/2024 19:40
INV-101089,INV,PL-001089,16/01/2024,11425.7,GBP,16/01/2024 09:35
INV-101090,INV,PL-001090,16/01/2024,22977.3,USD,18/01/2024 17:45
INV-101091,INV,PL-001091,18/01/2024,14742.0,GBP,18/01/2024 14:13
INV-101092,INV,PL-001092,18/01/2024,32491.1,MYR,18/01/2024 11:54
CRN-200095,CRN,PL-001092,17/02/2024,32491.1,MYR,18/02/2024 17:55
INV-101093,INV,PL-001093,04/02/2024,13382.4,GBP,04/02/2024 13:01
INV-101094,INV,PL-001094,10/02/2024,11672.5,EUR,11/02/2024 18:40
CRN-200096,CRN,PL-001094,19/02/2024,11672.5,EUR,19/02/2024 12:22
INV-101095,INV,PL-001095,15/02/2024,16055.0,EUR,15/02/2024 12:45
INV-101096,INV,PL-001096,05/01/2024,21675.6,USD,05/01/2024 08:55
CRN-200097,CRN,PL-001096,05/02/2024,21675.6,USD,07/02/2024 09:43
INV-101097,INV,PL-001097,06/02/2024,11498.8,GBP,07/02/2024 18:03
INV-101098,INV,PL-001098,26/01/2024,18676.0,GBP,27/01/2024 08:48
INV-101099,INV,PL-001099,03/02/2024,13398.8,EUR,04/02/2024 09:34
INV-101100,INV,PL-001100,09/01/2024,17183.7,CHF,09/01/2024 08:16
INV-101101,INV,PL-001101,04/02/2024,10892.4,GBP,04/02/2024 14:03
INV-101102,INV,PL-001102,25/01/2024,13379.6,GBP,26/01/2024 20:14
INV-101103,INV,PL-001103,22/01/2024,21635.4,USD,23/01/2024 09:28
INV-101104,INV,PL-001104,24/01/2024,25212.6,USD,24/01/2024 07:58
INV-101105,INV,PL-001105,14/02/2024,16550.2,USD,16/02/2024 10:29
INV-101106,INV,PL-001106,24/01/2024,26885.0,CHF,26/01/2024 11:27
INV-101107,INV,PL-001107,15/01/2024,12987.0,EUR,16/01/2024 10:37
INV-101108,INV,PL-001108,13/01/2024,15195.6,EUR,15/01/2024 08:36
INV-101109,INV,PL-001109,09/01/2024,13940.0,EUR,10/01/2024 20:30
INV-101110,INV,PL-001110,16/02/2024,15518.4,GBP,16/02/2024 13:12
INV-101111,INV,PL-001111,02/01/2024,40384.5,USD,03/01/2024 15:51
INV-101112,INV,PL-001112,19/01/2024,21481.2,EUR,20/01/2024 09:47
INV-101113,INV,PL-001113,31/12/2023,29289.1,GBP,02/01/2024 09:48
INV-101114,INV,PL-001114,04/01/2024,13194.0,EUR,05/01/2024 08:38
INV-101115,INV,PL-001115,13/02/2024,23841.5,EUR,15/02/2024 12:49
INV-101116,INV,PL-001116,25/02/2024,21638.4,GBP,25/02/2024 13:17
INV-101117,INV,PL-001117,28/12/2023,12022.5,GBP,29/12/2023 16:34
CRN-200098,CRN,PL-001117,19/02/2024,6011.25,GBP,19/02/2024 20:55
INV-101118,INV,PL-001118,17/01/2024,22103.4,GBP,18/01/2024 18:08
INV-101119,INV,PL-001119,06/02/2024,12231.0,GBP,07/02/2024 12:05
INV-101120,INV,PL-001120,09/02/2024,19082.0,EUR,10/02/2024 09:16
INV-101121,INV,PL-001121,26/02/2024,14020.8,EUR,27/02/2024 08:12
INV-101122,INV,PL-001122,31/12/2023,12448.8,GBP,31/12/2023 16:05
INV-101123,INV,PL-001123,15/02/2024,15778.5,EUR,15/02/2024 19:16
INV-101124,INV,PL-001124,01/01/2024,9769.5,EUR,02/01/2024 17:53
INV-101125,INV,PL-001125,06/01/2024,25059.1,USD,07/01/2024 12:00
INV-101126,INV,PL-001126,14/01/2024,32181.6,MYR,15/01/2024 10:58
INV-101127,INV,PL-001127,23/02/2024,12789.0,EUR,24/02/2024 08:40
INV-101128,INV,PL-001128,20/01/2024,27071.0,USD,21/01/2024 13:55
INV-101129,INV,PL-001129,28/01/2024,23897.0,EUR,28/01/2024 12:44
INV-101130,INV,PL-001130,01/01/2024,26620.8,GBP,03/01/2024 07:14
INV-101131,INV,PL-001131,04/01/2024,93037.2,HKD,05/01/2024 10:18
CRN-200099,CRN,PL-001131,12/02/2024,93037.2,HKD,14/02/2024 15:16
INV-101132,INV,PL-001132,09/01/2024,19580.0,EUR,10/01/2024 13:23
INV-101133,INV,PL-001133,17/01/2024,12937.0,EUR,19/01/2024 12:10
INV-101134,INV,PL-001134,25/02/2024,23660.0,CHF,26/02/2024 10:39
CRN-200100,CRN,PL-001134,29/03/2024,23660.0,CHF,30/03/2024 14:09
INV-101135,INV,PL-001135,11/02/2024,16625.0,EUR,11/02/2024 07:13
INV-101136,INV,PL-001136,15/01/2024,13752.0,GBP,15/01/2024 18:29
INV-101137,INV,PL-001137,25/01/2024,17630.1,CHF,27/01/2024 16:13
CRN-200101,CRN,PL-001137,02/02/2024,17630.1,CHF,02/02/2024 08:50
INV-101138,INV,PL-001138,12/01/2024,34337.5,USD,13/01/2024 09:48
INV-101139,INV,PL-001139,22/01/2024,24120.3,USD,23/01/2024 13:29
INV-101140,INV,PL-001140,19/02/2024,15515.5,EUR,19/02/2024 18:43
INV-101141,INV,PL-001141,24/02/2024,18509.0,GBP,25/02/2024 10:12
INV-101142,INV,PL-001142,17/01/2024,15096.9,GBP,18/01/2024 18:01
CRN-200102,CRN,PL-001142,27/03/2024,7548.45,GBP,27/03/2024 14:21
INV-101143,INV,PL-001143,26/01/2024,14876.4,EUR,26/01/2024 16:21
INV-101144,INV,PL-001144,10/02/2024,44173.8,MYR,12/02/2024 20:45
INV-101145,INV,PL-001145,23/02/2024,20497.2,USD,24/02/2024 14:49
CRN-200103,CRN,PL-001145,13/03/2024,20497.2,USD,15/03/2024 13:31
INV-101146,INV,PL-001146,15/01/2024,29160.2,MYR,15/01/2024 15:41
INV-101147,INV,PL-001147,04/02/2024,18981.8,EUR,04/02/2024 08:21
INV-101148,INV,PL-001148,01/03/2024,9259.8,EUR,01/03/2024 17:13
INV-101149,INV,PL-001149,21/01/2024,16800.0,GBP,23/01/2024 10:57
INV-101150,INV,PL-001150,27/02/2024,22357.2,USD,28/02/2024 11:14
INV-101151,INV,PL-001151,26/01/2024,10175.0,EUR,27/01/2024 16:37
INV-101152,INV,PL-001152,13/01/2024,19331.8,EUR,13/01/2024 15:45
INV-101153,INV,PL-001153,14/02/2024,17581.2,CHF,15/02/2024 18:41
CRN-200104,CRN,PL-001153,27/04/2024,4395.3,CHF,27/04/2024 13:20
INV-101154,INV,PL-001154,09/01/2024,21112.0,GBP,10/01/2024 17:50
INV-101155,INV,PL-001155,28/02/2024,13727.0,GBP,29/02/2024 15:48
INV-101156,INV,PL-001156,01/02/2024,33145.2,SGD,01/02/2024 10:55
INV-101157,INV,PL-001157,06/01/2024,12654.0,GBP,06/01/2024 19:13
INV-101158,INV,PL-001158,25/02/2024,29105.4,USD,25/02/2024 12:52
INV-101159,INV,PL-001159,12/01/2024,23643.0,CHF,13/01/2024 20:34
INV-101160,INV,PL-001160,12/02/2024,83740.8,HKD,13/02/2024 08:16
INV-101161,INV,PL-001161,06/02/2024,13757.6,EUR,07/02/2024 17:05
INV-101162,INV,PL-001162,20/02/2024,105892.8,HKD,22/02/2024 17:21
CRN-200105,CRN,PL-001162,23/04/2024,52946.4,HKD,24/04/2024 10:19
INV-101163,INV,PL-001163,18/02/2024,33782.4,SGD,20/02/2024 07:47
INV-101164,INV,PL-001164,10/02/2024,20960.9,USD,10/02/2024 16:48
INV-101165,INV,PL-001165,24/01/2024,22878.0,USD,25/01/2024 16:35
INV-101166,INV,PL-001166,17/02/2024,15957.0,EUR,17/02/2024 07:53
INV-101167,INV,PL-001167,10/01/2024,14516.0,USD,10/01/2024 10:50
INV-101168,INV,PL-001168,14/02/2024,11211.2,GBP,14/02/2024 16:54
INV-101169,INV,PL-001169,01/03/2024,94726.8,HKD,01/03/2024 11:15
INV-101170,INV,PL-001170,27/01/2024,13218.7,GBP,27/01/2024 08:34
INV-101171,INV,PL-001171,21/02/2024,11487.2,GBP,22/02/2024 17:48
INV-101172,INV,PL-001172,20/02/2024,16036.6,CHF,22/02/2024 20:30
INV-101173,INV,PL-001173,19/01/2024,20403.6,CHF,19/01/2024 17:49
INV-101174,INV,PL-001174,29/02/2024,17239.8,GBP,01/03/2024 10:37
INV-101175,INV,PL-001175,09/02/2024,26468.2,USD,10/02/2024 10:05
INV-101176,INV,PL-001176,25/01/2024,18230.8,USD,25/01/2024 19:33
INV-101177,INV,PL-001177,10/03/2024,14811.4,EUR,12/03/2024 16:03
INV-101178,INV,PL-001178,21/02/2024,15721.2,EUR,22/02/2024 18:08
INV-101179,INV,PL-001179,07/02/2024,21743.0,USD,07/02/2024 16:06
INV-101180,INV,PL-001180,15/02/2024,79257.0,HKD,15/02/2024 16:36
INV-101181,INV,PL-001181,13/01/2024,14602.5,EUR,13/01/2024 19:15
INV-101182,INV,PL-001182,02/03/2024,19285.0,EUR,02/03/2024 08:27
INV-101183,INV,PL-001183,09/03/2024,17201.0,EUR,11/03/2024 12:49
INV-101184,INV,PL-001184,12/02/2024,23140.7,USD,13/02/2024 07:26
INV-101185,INV,PL-001185,01/02/2024,20134.4,CHF,03/02/2024 19:08
INV-101186,INV,PL-001186,30/01/2024,26772.3,CHF,01/02/2024 11:34
INV-101187,INV,PL-001187,26/02/2024,26597.2,USD,27/02/2024 11:21
INV-101188,INV,PL-001188,06/03/2024,17935.2,EUR,07/03/2024 12:12
INV-101189,INV,PL-001189,01/03/2024,36603.0,USD,01/03/2024 09:40
INV-101190,INV,PL-001190,01/03/2024,13699.0,GBP,03/03/2024 08:17
INV-101191,INV,PL-001191,06/03/2024,17323.0,USD,08/03/2024 08:13
INV-101192,INV,PL-001192,19/02/2024,15190.5,GBP,20/02/2024 13:36
INV-101193,INV,PL-001193,14/03/2024,11664.0,GBP,16/03/2024 18:51
CRN-200106,CRN,PL-001193,12/05/2024,5832.0,GBP,14/05/2024 08:54
INV-101194,INV,PL-001194,24/02/2024,15347.0,GBP,26/02/2024 16:26
INV-101195,INV,PL-001195,05/03/2024,12191.2,GBP,07/03/2024 09:31
CRN-200107,CRN,PL-001195,06/04/2024,12191.2,GBP,07/04/2024 19:44
INV-101196,INV,PL-001196,04/03/2024,14851.2,EUR,06/03/2024 16:05
INV-101197,INV,PL-001197,08/02/2024,10400.0,EUR,10/02/2024 09:39
INV-101198,INV,PL-001198,14/03/2024,14596.0,EUR,14/03/2024 15:06
INV-101199,INV,PL-001199,24/01/2024,10592.4,EUR,25/01/2024 12:37
INV-101200,INV,PL-001200,17/02/2024,15931.0,EUR,19/02/2024 08:56
INV-101201,INV,PL-001201,05/02/2024,11440.9,EUR,07/02/2024 15:57
INV-101202,INV,PL-001202,04/03/2024,16968.0,GBP,04/03/2024 12:20
INV-101203,INV,PL-001203,30/01/2024,19110.2,CHF,01/02/2024 16:53
INV-101204,INV,PL-001204,05/02/2024,22589.1,CHF,05/02/2024 17:31
INV-101205,INV,PL-001205,21/01/2024,20384.1,GBP,22/01/2024 08:52
INV-101206,INV,PL-001206,02/02/2024,18969.6,GBP,02/02/2024 10:52
INV-101207,INV,PL-001207,01/02/2024,35986.0,USD,03/02/2024 17:26
INV-101208,INV,PL-001208,27/02/2024,17212.8,CHF,27/02/2024 07:48
INV-101209,INV,PL-001209,14/02/2024,19693.6,EUR,16/02/2024 18:33
INV-101210,INV,PL-001210,18/03/2024,12192.4,GBP,20/03/2024 17:45
INV-101211,INV,PL-001211,24/02/2024,19137.4,EUR,26/02/2024 09:20
INV-101212,INV,PL-001212,14/03/2024,26472.4,USD,15/03/2024 11:13
INV-101213,INV,PL-001213,12/02/2024,19130.8,EUR,12/02/2024 09:32
CRN-200108,CRN,PL-001213,01/05/2024,4782.7,EUR,03/05/2024 16:36
INV-101214,INV,PL-001214,23/02/2024,15166.8,GBP,25/02/2024 15:17
INV-101215,INV,PL-001215,19/03/2024,17782.8,EUR,19/03/2024 15:48
INV-101216,INV,PL-001216,22/03/2024,28517.5,SGD,22/03/2024 14:32
INV-101217,INV,PL-001217,28/02/2024,19514.3,EUR,29/02/2024 10:09
INV-101218,INV,PL-001218,01/02/2024,29808.3,USD,02/02/2024 12:11
INV-101219,INV,PL-001219,07/02/2024,155589.0,HKD,07/02/2024 18:38
CRN-200109,CRN,PL-001219,17/04/2024,38897.25,HKD,17/04/2024 08:59
INV-101220,INV,PL-001220,18/02/2024,22191.8,USD,19/02/2024 12:44
INV-101221,INV,PL-001221,05/02/2024,22623.3,CHF,07/02/2024 19:53
INV-101222,INV,PL-001222,21/02/2024,20932.8,SGD,21/02/2024 17:01
INV-101223,INV,PL-001223,01/03/2024,13134.0,GBP,01/03/2024 17:00
INV-101224,INV,PL-001224,13/03/2024,26746.8,CHF,13/03/2024 08:18
INV-101225,INV,PL-001225,19/03/2024,14230.7,EUR,20/03/2024 09:51
INV-101226,INV,PL-001226,17/03/2024,10312.4,EUR,19/03/2024 15:51
INV-101227,INV,PL-001227,09/03/2024,15219.0,USD,10/03/2024 18:03
CRN-200110,CRN,PL-001227,18/04/2024,7609.5,USD,20/04/2024 08:26
INV-101228,INV,PL-001228,14/02/2024,19504.0,EUR,14/02/2024 12:17
INV-101229,INV,PL-001229,05/03/2024,32064.3,SGD,06/03/2024 15:04
INV-101230,INV,PL-001230,06/02/2024,18470.4,GBP,06/02/2024 16:28
INV-101231,INV,PL-001231,11/02/2024,10062.0,EUR,13/02/2024 11:59
INV-101232,INV,PL-001232,27/02/2024,31404.1,USD,27/02/2024 19:12
INV-101233,INV,PL-001233,08/02/2024,14912.4,GBP,09/02/2024 14:23
INV-101234,INV,PL-001234,11/03/2024,18431.5,GBP,12/03/2024 18:48
INV-101235,INV,PL-001235,05/02/2024,11320.8,EUR,05/02/2024 15:38
CRN-200111,CRN,PL-001235,23/04/2024,2830.2,EUR,24/04/2024 12:07
INV-101236,INV,PL-001236,03/03/2024,20708.1,EUR,05/03/2024 19:20
INV-101237,INV,PL-001237,27/02/2024,14701.6,GBP,27/02/2024 14:54
INV-101238,INV,PL-001238,08/02/2024,17472.0,GBP,09/02/2024 17:36
INV-101239,INV,PL-001239,08/03/2024,12556.8,EUR,10/03/2024 14:08
INV-101240,INV,PL-001240,12/02/2024,20743.2,EUR,12/02/2024 16:56
CRN-200112,CRN,PL-001240,23/02/2024,20743.2,EUR,25/02/2024 09:14
INV-101241,INV,PL-001241,28/02/2024,10782.4,EUR,01/03/2024 11:09
INV-101242,INV,PL-001242,06/03/2024,22155.9,SGD,07/03/2024 20:56
INV-101243,INV,PL-001243,24/02/2024,72303.0,HKD,24/02/2024 11:52
INV-101244,INV,PL-001244,14/03/2024,21548.8,EUR,15/03/2024 12:08
INV-101245,INV,PL-001245,09/03/2024,17180.8,SGD,10/03/2024 18:45
INV-101246,INV,PL-001246,28/02/2024,24660.5,CHF,01/03/2024 12:47
INV-101247,INV,PL-001247,18/02/2024,22644.0,EUR,19/02/2024 16:16
INV-101248,INV,PL-001248,03/03/2024,11309.2,EUR,05/03/2024 13:23
INV-101249,INV,PL-001249,30/03/2024,13513.5,GBP,31/03/2024 20:38
INV-101250,INV,PL-001250,20/03/2024,13721.4,EUR,22/03/2024 08:27
INV-101251,INV,PL-001251,19/02/2024,19864.8,USD,20/02/2024 09:21
INV-101252,INV,PL-001252,11/03/2024,16123.6,EUR,11/03/2024 18:16
INV-101253,INV,PL-001253,05/03/2024,27356.1,MYR,07/03/2024 09:32
INV-101254,INV,PL-001254,20/02/2024,13475.7,EUR,21/02/2024 17:01
INV-101255,INV,PL-001255,01/04/2024,12814.8,GBP,03/04/2024 10:27
INV-101256,INV,PL-001256,21/02/2024,34652.8,USD,23/02/2024 16:11
INV-101257,INV,PL-001257,25/02/2024,20455.2,CHF,27/02/2024 14:32
INV-101258,INV,PL-001258,12/02/2024,15922.0,GBP,13/02/2024 12:09
INV-101259,INV,PL-001259,03/04/2024,11750.0,GBP,05/04/2024 10:49
INV-101260,INV,PL-001260,29/03/2024,12669.0,EUR,29/03/2024 10:10
INV-101261,INV,PL-001261,16/02/2024,17298.0,GBP,18/02/2024 12:24
INV-101262,INV,PL-001262,18/03/2024,21882.9,EUR,18/03/2024 08:44
INV-101263,INV,PL-001263,19/02/2024,30281.0,MYR,21/02/2024 17:44
INV-101264,INV,PL-001264,05/04/2024,13083.2,EUR,05/04/2024 16:49
INV-101265,INV,PL-001265,24/03/2024,15793.0,EUR,26/03/2024 17:12
INV-101266,INV,PL-001266,07/04/2024,19580.0,GBP,07/04/2024 14:29
INV-101267,INV,PL-001267,23/03/2024,15138.9,EUR,24/03/2024 07:33
INV-101268,INV,PL-001268,02/03/2024,16039.5,GBP,03/03/2024 19:40
INV-101269,INV,PL-001269,25/03/2024,12659.2,GBP,26/03/2024 11:25
INV-101270,INV,PL-001270,04/03/2024,17292.9,EUR,04/03/2024 09:17
INV-101271,INV,PL-001271,05/04/2024,142128.0,HKD,07/04/2024 11:48
CRN-200113,CRN,PL-001271,16/06/2024,35532.0,HKD,17/06/2024 11:22
INV-101272,INV,PL-001272,23/02/2024,19179.9,EUR,24/02/2024 16:56
INV-101273,INV,PL-001273,15/03/2024,18527.0,EUR,17/03/2024 19:49
INV-101274,INV,PL-001274,08/04/2024,16354.8,USD,10/04/2024 08:14
INV-101275,INV,PL-001275,12/04/2024,19249.6,GBP,13/04/2024 17:18
CRN-200114,CRN,PL-001275,22/05/2024,9624.8,GBP,24/05/2024 18:55
INV-101276,INV,PL-001276,21/02/2024,17342.8,GBP,23/02/2024 10:59
INV-101277,INV,PL-001277,10/03/2024,17524.4,GBP,10/03/2024 09:46
INV-101278,INV,PL-001278,21/03/2024,27702.0,USD,23/03/2024 07:33
INV-101279,INV,PL-001279,08/03/2024,15398.4,EUR,09/03/2024 16:44
CRN-200115,CRN,PL-001279,12/04/2024,15398.4,EUR,13/04/2024 09:56
INV-101280,INV,PL-001280,24/02/2024,10555.4,GBP,24/02/2024 11:14
INV-101281,INV,PL-001281,03/04/2024,28840.0,MYR,03/04/2024 18:40
INV-101282,INV,PL-001282,28/03/2024,25123.0,GBP,29/03/2024 13:19
INV-101283,INV,PL-001283,12/03/2024,128079.7,HKD,14/03/2024 20:05
INV-101284,INV,PL-001284,21/03/2024,12600.0,GBP,22/03/2024 12:08
INV-101285,INV,PL-001285,02/03/2024,20252.1,GBP,02/03/2024 18:16
INV-101286,INV,PL-001286,18/04/2024,12791.7,GBP,19/04/2024 18:33
CRN-200116,CRN,PL-001286,06/07/2024,3197.93,GBP,07/07/2024 14:26
INV-101287,INV,PL-001287,15/03/2024,120213.0,HKD,17/03/2024 07:02
INV-101288,INV,PL-001288,12/04/2024,23656.2,CHF,13/04/2024 18:56
INV-101289,INV,PL-001289,17/04/2024,11304.6,EUR,17/04/2024 09:15
INV-101290,INV,PL-001290,15/04/2024,19890.0,EUR,15/04/2024 20:29
INV-101291,INV,PL-001291,24/02/2024,11713.2,EUR,25/02/2024 15:54
INV-101292,INV,PL-001292,06/03/2024,27734.3,SGD,06/03/2024 18:46
INV-101293,INV,PL-001293,23/04/2024,15379.2,EUR,24/04/2024 07:14
INV-101294,INV,PL-001294,29/02/2024,154890.6,HKD,29/02/2024 16:02
INV-101295,INV,PL-001295,27/03/2024,19427.1,GBP,28/03/2024 19:51
INV-101296,INV,PL-001296,12/04/2024,16094.9,EUR,12/04/2024 20:39
INV-101297,INV,PL-001297,11/04/2024,19639.2,USD,13/04/2024 12:52
INV-101298,INV,PL-001298,26/03/2024,21760.2,CHF,26/03/2024 18:57
CRN-200117,CRN,PL-001298,01/06/2024,5440.05,CHF,03/06/2024 10:26
INV-101299,INV,PL-001299,19/04/2024,16005.0,GBP,19/04/2024 20:53
INV-101300,INV,PL-001300,09/03/2024,23999.0,USD,09/03/2024 19:38
CRN-200118,CRN,PL-001300,18/04/2024,23999.0,USD,20/04/2024 11:14
INV-101301,INV,PL-001301,29/04/2024,23707.4,USD,01/05/2024 19:09
INV-101302,INV,PL-001302,22/04/2024,12904.2,EUR,22/04/2024 12:21
INV-101303,INV,PL-001303,10/03/2024,28569.6,SGD,10/03/2024 11:42
INV-101304,INV,PL-001304,22/03/2024,32769.2,USD,22/03/2024 17:33
INV-101305,INV,PL-001305,16/04/2024,31902.2,MYR,16/04/2024 18:25
INV-101306,INV,PL-001306,24/03/2024,16008.0,GBP,26/03/2024 17:11
INV-101307,INV,PL-001307,02/04/2024,30528.0,CHF,04/04/2024 08:59
INV-101308,INV,PL-001308,14/03/2024,16663.2,GBP,15/03/2024 12:48
INV-101309,INV,PL-001309,10/03/2024,17956.8,EUR,10/03/2024 12:30
CRN-200119,CRN,PL-001309,16/04/2024,17956.8,EUR,16/04/2024 17:22
INV-101310,INV,PL-001310,13/04/2024,10873.2,USD,13/04/2024 15:33
INV-101311,INV,PL-001311,22/04/2024,11573.1,EUR,24/04/2024 10:25
INV-101312,INV,PL-001312,01/04/2024,20439.1,EUR,02/04/2024 11:51
CRN-200120,CRN,PL-001312,15/05/2024,10219.55,EUR,16/05/2024 11:31
INV-101313,INV,PL-001313,01/04/2024,12342.0,GBP,03/04/2024 15:31
INV-101314,INV,PL-001314,03/05/2024,16652.0,EUR,04/05/2024 07:40
INV-101315,INV,PL-001315,15/03/2024,33375.8,SGD,15/03/2024 12:31
INV-101316,INV,PL-001316,15/03/2024,22779.9,USD,16/03/2024 10:54
INV-101317,INV,PL-001317,08/04/2024,12553.8,EUR,08/04/2024 14:00
INV-101318,INV,PL-001318,13/03/2024,21248.0,USD,14/03/2024 10:58
INV-101319,INV,PL-001319,22/03/2024,32177.6,USD,22/03/2024 12:47
INV-101320,INV,PL-001320,29/04/2024,24364.8,GBP,29/04/2024 13:52
INV-101321,INV,PL-001321,09/04/2024,17860.0,EUR,10/04/2024 12:30
INV-101322,INV,PL-001322,05/04/2024,10741.7,GBP,07/04/2024 16:14
INV-101323,INV,PL-001323,13/04/2024,27954.0,USD,15/04/2024 20:23
INV-101324,INV,PL-001324,24/03/2024,14288.2,GBP,26/03/2024 14:19
INV-101325,INV,PL-001325,04/04/2024,11931.0,EUR,04/04/2024 17:52
INV-101326,INV,PL-001326,06/04/2024,18879.0,GBP,07/04/2024 20:13
INV-101327,INV,PL-001327,12/03/2024,17345.1,GBP,13/03/2024 19:13
INV-101328,INV,PL-001328,15/03/2024,10619.0,GBP,15/03/2024 18:45
INV-101329,INV,PL-001329,22/04/2024,13722.8,EUR,22/04/2024 10:51
INV-101330,INV,PL-001330,25/04/2024,12579.0,GBP,27/04/2024 14:31
INV-101331,INV,PL-001331,15/04/2024,29190.0,USD,16/04/2024 09:20
INV-101332,INV,PL-001332,03/05/2024,24128.0,USD,04/05/2024 20:46
INV-101333,INV,PL-001333,01/05/2024,157238.2,HKD,03/05/2024 10:26
CRN-200121,CRN,PL-001333,17/06/2024,78619.1,HKD,17/06/2024 10:02
INV-101334,INV,PL-001334,17/04/2024,17740.8,EUR,19/04/2024 19:45
INV-101335,INV,PL-001335,19/03/2024,20770.3,EUR,19/03/2024 07:25
CRN-200122,CRN,PL-001335,11/04/2024,20770.3,EUR,12/04/2024 10:30
INV-101336,INV,PL-001336,01/04/2024,18604.6,EUR,03/04/2024 15:32
INV-101337,INV,PL-001337,22/03/2024,17698.1,EUR,22/03/2024 19:03
INV-101338,INV,PL-001338,21/03/2024,15899.1,EUR,21/03/2024 20:39
INV-101339,INV,PL-001339,16/04/2024,27878.7,USD,16/04/2024 09:06
INV-101340,INV,PL-001340,09/05/2024,15022.8,GBP,09/05/2024 19:01
INV-101341,INV,PL-001341,11/04/2024,11563.2,GBP,11/04/2024 07:13
INV-101342,INV,PL-001342,05/04/2024,11935.0,USD,05/04/2024 14:36
CRN-200123,CRN,PL-001342,11/06/2024,2983.75,USD,11/06/2024 15:20
INV-101343,INV,PL-001343,21/03/2024,202684.7,HKD,23/03/2024 10:16
INV-101344,INV,PL-001344,01/04/2024,20314.8,GBP,03/04/2024 19:48
INV-101345,INV,PL-001345,22/04/2024,12426.0,EUR,22/04/2024 17:23
INV-101346,INV,PL-001346,26/03/2024,18943.5,EUR,28/03/2024 16:10
CRN-200124,CRN,PL-001346,10/04/2024,18943.5,EUR,12/04/2024 11:37
INV-101347,INV,PL-001347,09/05/2024,15615.6,GBP,09/05/2024 10:02
INV-101348,INV,PL-001348,25/03/2024,19168.4,SGD,27/03/2024 19:29
INV-101349,INV,PL-001349,14/04/2024,20167.4,EUR,15/04/2024 09:41
INV-101350,INV,PL-001350,05/05/2024,27620.5,USD,06/05/2024 20:50
INV-101351,INV,PL-001351,16/04/2024,18544.5,EUR,16/04/2024 15:44
INV-101352,INV,PL-001352,13/04/2024,22872.4,CHF,14/04/2024 16:28
INV-101353,INV,PL-001353,02/05/2024,44537.2,MYR,02/05/2024 18:38
CRN-200125,CRN,PL-001353,28/07/2024,11134.3,MYR,28/07/2024 19:21
INV-101354,INV,PL-001354,09/04/2024,17208.6,EUR,10/04/2024 17:40
INV-101355,INV,PL-001355,22/04/2024,10333.2,GBP,24/04/2024 15:16
CRN-200126,CRN,PL-001355,11/05/2024,10333.2,GBP,11/05/2024 20:18
INV-101356,INV,PL-001356,04/05/2024,11537.0,EUR,05/05/2024 07:21
INV-101357,INV,PL-001357,26/03/2024,17728.4,GBP,27/03/2024 20:33
INV-101358,INV,PL-001358,22/04/2024,44550.0,MYR,24/04/2024 14:55
INV-101359,INV,PL-001359,27/03/2024,26840.0,GBP,27/03/2024 11:02
INV-101360,INV,PL-001360,19/04/2024,13847.0,EUR,20/04/2024 10:18
INV-101361,INV,PL-001361,06/05/2024,30630.6,EUR,08/05/2024 11:52
CRN-200127,CRN,PL-001361,16/07/2024,7657.65,EUR,18/07/2024 15:58
INV-101362,INV,PL-001362,21/03/2024,21424.0,USD,22/03/2024 09:26
INV-101363,INV,PL-001363,21/05/2024,17628.0,GBP,21/05/2024 13:23
INV-101364,INV,PL-001364,09/05/2024,15124.0,EUR,10/05/2024 13:26
INV-101365,INV,PL-001365,01/04/2024,22334.4,USD,01/04/2024 20:33
CRN-200128,CRN,PL-001365,20/05/2024,11167.2,USD,20/05/2024 14:35
INV-101366,INV,PL-001366,27/03/2024,15939.0,GBP,29/03/2024 19:10
CRN-200129,CRN,PL-001366,27/04/2024,15939.0,GBP,29/04/2024 16:31
INV-101367,INV,PL-001367,16/04/2024,26932.8,USD,18/04/2024 07:25
INV-101368,INV,PL-001368,09/04/2024,30078.5,CHF,09/04/2024 13:01
INV-101369,INV,PL-001369,07/05/2024,18436.8,USD,08/05/2024 11:41
INV-101370,INV,PL-001370,12/05/2024,17158.7,EUR,12/05/2024 15:49
INV-101371,INV,PL-001371,30/03/2024,27376.8,GBP,01/04/2024 08:10
INV-101372,INV,PL-001372,03/05/2024,17972.5,GBP,04/05/2024 13:15
INV-101373,INV,PL-001373,01/05/2024,24080.0,GBP,02/05/2024 20:28
INV-101374,INV,PL-001374,16/04/2024,21631.8,USD,17/04/2024 15:46
INV-101375,INV,PL-001375,02/05/2024,26058.5,GBP,04/05/2024 10:37
INV-101376,INV,PL-001376,23/04/2024,19325.7,EUR,23/04/2024 11:12
INV-101377,INV,PL-001377,13/05/2024,19572.0,EUR,14/05/2024 08:23
INV-101378,INV,PL-001378,11/04/2024,14869.4,GBP,11/04/2024 10:32
INV-101379,INV,PL-001379,30/03/2024,25698.8,SGD,31/03/2024 09:49
INV-101380,INV,PL-001380,19/04/2024,23108.8,CHF,21/04/2024 16:11
INV-101381,INV,PL-001381,02/04/2024,11271.2,EUR,02/04/2024 07:26
INV-101382,INV,PL-001382,13/05/2024,18725.0,EUR,15/05/2024 10:07
INV-101383,INV,PL-001383,17/05/2024,19306.8,GBP,17/05/2024 11:59
INV-101384,INV,PL-001384,01/05/2024,20430.9,EUR,01/05/2024 20:24
INV-101385,INV,PL-001385,22/05/2024,18257.4,CHF,23/05/2024 20:53
CRN-200130,CRN,PL-001385,24/07/2024,9128.7,CHF,25/07/2024 10:33
INV-101386,INV,PL-001386,21/05/2024,35897.8,CHF,21/05/2024 13:17
INV-101387,INV,PL-001387,29/04/2024,26843.0,SGD,01/05/2024 13:13
INV-101388,INV,PL-001388,05/05/2024,13744.8,GBP,06/05/2024 18:47
INV-101389,INV,PL-001389,08/04/2024,19328.4,EUR,09/04/2024 16:03
INV-101390,INV,PL-001390,25/05/2024,10171.2,EUR,25/05/2024 20:35
INV-101391,INV,PL-001391,08/04/2024,19536.4,SGD,08/04/2024 11:13
CRN-200131,CRN,PL-001391,11/05/2024,19536.4,SGD,13/05/2024 07:30
INV-101392,INV,PL-001392,18/05/2024,10400.0,GBP,20/05/2024 16:04
INV-101393,INV,PL-001393,14/04/2024,18965.4,GBP,15/04/2024 18:40
INV-101394,INV,PL-001394,16/04/2024,19558.0,GBP,17/04/2024 17:48
INV-101395,INV,PL-001395,22/05/2024,15552.0,GBP,24/05/2024 15:16
INV-101396,INV,PL-001396,04/05/2024,19023.6,CHF,05/05/2024 08:42
INV-101397,INV,PL-001397,01/05/2024,19942.3,EUR,03/05/2024 13:57
INV-101398,INV,PL-001398,16/05/2024,15941.8,GBP,17/05/2024 07:27
INV-101399,INV,PL-001399,27/04/2024,23154.0,USD,28/04/2024 13:01
INV-101400,INV,PL-001400,28/05/2024,25552.0,USD,28/05/2024 18:55
INV-101401,INV,PL-001401,14/04/2024,45300.4,USD,15/04/2024 17:32
INV-101402,INV,PL-001402,17/05/2024,17255.7,GBP,18/05/2024 08:09
INV-101403,INV,PL-001403,17/04/2024,12057.2,EUR,19/04/2024 12:23
INV-101404,INV,PL-001404,30/05/2024,23131.9,CHF,31/05/2024 19:39
INV-101405,INV,PL-001405,26/05/2024,28611.8,CHF,26/05/2024 11:49
INV-101406,INV,PL-001406,28/04/2024,126108.6,HKD,28/04/2024 10:50
INV-101407,INV,PL-001407,25/04/2024,28280.0,USD,27/04/2024 16:45
INV-101408,INV,PL-001408,29/05/2024,16370.7,EUR,30/05/2024 19:30
INV-101409,INV,PL-001409,07/04/2024,26852.0,EUR,09/04/2024 17:26
INV-101410,INV,PL-001410,29/05/2024,20079.0,EUR,29/05/2024 10:04
INV-101411,INV,PL-001411,10/05/2024,11447.1,GBP,10/05/2024 18:35
INV-101412,INV,PL-001412,26/04/2024,102839.4,HKD,27/04/2024 12:23
INV-101413,INV,PL-001413,10/04/2024,20624.8,GBP,12/04/2024 08:21
CRN-200132,CRN,PL-001413,18/05/2024,20624.8,GBP,20/05/2024 16:25
INV-101414,INV,PL-001414,04/05/2024,13870.0,EUR,06/05/2024 16:16
INV-101415,INV,PL-001415,31/05/2024,149489.6,HKD,02/06/2024 11:31
INV-101416,INV,PL-001416,27/04/2024,26904.0,GBP,27/04/2024 19:34
INV-101417,INV,PL-001417,15/04/2024,18418.4,EUR,15/04/2024 10:57
INV-101418,INV,PL-001418,17/05/2024,32742.0,USD,19/05/2024 12:36
INV-101419,INV,PL-001419,08/05/2024,16598.0,GBP,10/05/2024 12:41
INV-101420,INV,PL-001420,11/04/2024,14601.2,EUR,13/04/2024 19:05
CRN-200133,CRN,PL-001420,24/05/2024,14601.2,EUR,25/05/2024 16:55
INV-101421,INV,PL-001421,08/04/2024,13632.3,GBP,10/04/2024 15:57
INV-101422,INV,PL-001422,24/05/2024,14323.4,EUR,25/05/2024 18:31
INV-101423,INV,PL-001423,30/05/2024,19972.8,EUR,31/05/2024 11:23
INV-101424,INV,PL-001424,25/05/2024,16360.0,EUR,27/05/2024 10:12
INV-101425,INV,PL-001425,05/06/2024,32107.0,MYR,06/06/2024 15:52
INV-101426,INV,PL-001426,10/05/2024,14305.8,GBP,11/05/2024 12:15
INV-101427,INV,PL-001427,07/06/2024,16506.4,GBP,07/06/2024 13:09
CRN-200134,CRN,PL-001427,20/07/2024,8253.2,GBP,20/07/2024 16:17
INV-101428,INV,PL-001428,25/05/2024,34752.2,CHF,25/05/2024 08:01
INV-101429,INV,PL-001429,22/04/2024,14086.8,EUR,22/04/2024 07:23
INV-101430,INV,PL-001430,25/04/2024,12895.2,GBP,27/04/2024 14:34
INV-101431,INV,PL-001431,11/06/2024,12367.0,GBP,11/06/2024 07:13
CRN-200135,CRN,PL-001431,06/09/2024,3091.75,GBP,07/09/2024 14:05
INV-101432,INV,PL-001432,12/05/2024,18256.0,GBP,13/05/2024 07:40
CRN-200136,CRN,PL-001432,02/06/2024,18256.0,GBP,04/06/2024 08:59
INV-101433,INV,PL-001433,28/04/2024,13104.0,EUR,29/04/2024 18:42
INV-101434,INV,PL-001434,06/05/2024,13549.0,EUR,07/05/2024 11:12
INV-101435,INV,PL-001435,06/06/2024,114508.7,HKD,06/06/2024 12:24
INV-101436,INV,PL-001436,19/05/2024,25400.6,USD,20/05/2024 17:29
INV-101437,INV,PL-001437,30/05/2024,20186.4,USD,30/05/2024 18:07
INV-101438,INV,PL-001438,06/05/2024,31671.3,USD,07/05/2024 18:02
INV-101439,INV,PL-001439,09/05/2024,24802.3,CHF,09/05/2024 16:57
INV-101440,INV,PL-001440,23/04/2024,13763.2,GBP,25/04/2024 16:17
INV-101441,INV,PL-001441,01/06/2024,18340.0,EUR,01/06/2024 14:19
INV-101442,INV,PL-001442,30/04/2024,17992.2,EUR,02/05/2024 17:44
INV-101443,INV,PL-001443,07/05/2024,27830.2,CHF,09/05/2024 17:51
INV-101444,INV,PL-001444,02/06/2024,147316.9,HKD,03/06/2024 09:24
INV-101445,INV,PL-001445,22/04/2024,12510.6,EUR,22/04/2024 13:33
INV-101446,INV,PL-001446,29/04/2024,39530.4,MYR,29/04/2024 19:16
INV-101447,INV,PL-001447,14/05/2024,16026.4,EUR,14/05/2024 09:00
INV-101448,INV,PL-001448,28/04/2024,18815.1,GBP,28/04/2024 07:21
INV-101449,INV,PL-001449,14/04/2024,25212.6,GBP,15/04/2024 18:51
INV-101450,INV,PL-001450,14/05/2024,18126.0,CHF,15/05/2024 12:24
CRN-200137,CRN,PL-001450,30/07/2024,4531.5,CHF,30/07/2024 08:14
INV-101451,INV,PL-001451,17/04/2024,21965.5,GBP,17/04/2024 14:00
INV-101452,INV,PL-001452,15/05/2024,12651.1,GBP,17/05/2024 16:45
INV-101453,INV,PL-001453,16/05/2024,18934.4,GBP,16/05/2024 15:46
INV-101454,INV,PL-001454,27/04/2024,21254.1,EUR,29/04/2024 09:09
INV-101455,INV,PL-001455,21/04/2024,148217.4,HKD,21/04/2024 13:22
INV-101456,INV,PL-001456,20/05/2024,111318.9,HKD,21/05/2024 16:30
INV-101457,INV,PL-001457,03/05/2024,19559.2,GBP,04/05/2024 14:36
INV-101458,INV,PL-001458,05/06/2024,17853.4,USD,06/06/2024 16:24
CRN-200138,CRN,PL-001458,20/08/2024,4463.35,USD,20/08/2024 15:57
INV-101459,INV,PL-001459,08/06/2024,23504.2,CHF,09/06/2024 08:42
INV-101460,INV,PL-001460,02/06/2024,28198.3,MYR,02/06/2024 13:21
INV-101461,INV,PL-001461,19/05/2024,15435.2,EUR,21/05/2024 15:32
INV-101462,INV,PL-001462,27/05/2024,13799.5,GBP,29/05/2024 19:51
INV-101463,INV,PL-001463,19/05/2024,11817.0,GBP,20/05/2024 16:14
INV-101464,INV,PL-001464,03/05/2024,20904.0,EUR,05/05/2024 11:37
CRN-200139,CRN,PL-001464,19/06/2024,10452.0,EUR,21/06/2024 18:50
INV-101465,INV,PL-001465,16/05/2024,20748.0,EUR,17/05/2024 13:15
INV-101466,INV,PL-001466,17/06/2024,19778.4,GBP,18/06/2024 11:11
INV-101467,INV,PL-001467,12/05/2024,33747.9,CHF,12/05/2024 17:56
INV-101468,INV,PL-001468,20/06/2024,10143.0,GBP,20/06/2024 13:16
CRN-200140,CRN,PL-001468,11/08/2024,5071.5,GBP,11/08/2024 13:02
INV-101469,INV,PL-001469,25/04/2024,13568.0,GBP,26/04/2024 15:40
INV-101470,INV,PL-001470,04/05/2024,17088.8,GBP,06/05/2024 10:05
CRN-200141,CRN,PL-001470,03/06/2024,17088.8,GBP,04/06/2024 13:52
INV-101471,INV,PL-001471,24/05/2024,13911.1,GBP,25/05/2024 13:24
INV-101472,INV,PL-001472,08/05/2024,16362.5,EUR,08/05/2024 14:38
INV-101473,INV,PL-001473,12/06/2024,21863.1,EUR,13/06/2024 19:55
INV-101474,INV,PL-001474,13/05/2024,20723.0,EUR,13/05/2024 12:40
INV-101475,INV,PL-001475,23/05/2024,16209.2,EUR,24/05/2024 13:29
INV-101476,INV,PL-001476,21/05/2024,15973.2,GBP,21/05/2024 15:11
INV-101477,INV,PL-001477,29/04/2024,13994.6,EUR,30/04/2024 13:34
INV-101478,INV,PL-001478,27/05/2024,188316.8,HKD,27/05/2024 13:26
INV-101479,INV,PL-001479,07/05/2024,13984.0,GBP,09/05/2024 20:38
CRN-200142,CRN,PL-001479,28/07/2024,3496.0,GBP,28/07/2024 14:44
INV-101480,INV,PL-001480,03/05/2024,12012.0,EUR,05/05/2024 18:01
INV-101481,INV,PL-001481,15/05/2024,20349.0,SGD,15/05/2024 16:29
INV-101482,INV,PL-001482,19/05/2024,18810.0,GBP,20/05/2024 18:34
INV-101483,INV,PL-001483,03/05/2024,33855.0,USD,03/05/2024 14:07
INV-101484,INV,PL-001484,17/05/2024,17570.0,GBP,18/05/2024 10:07
INV-101485,INV,PL-001485,08/05/2024,22086.4,GBP,09/05/2024 10:20
INV-101486,INV,PL-001486,07/05/2024,16288.4,USD,09/05/2024 12:51
INV-101487,INV,PL-001487,17/06/2024,53226.6,MYR,17/06/2024 07:03
INV-101488,INV,PL-001488,08/06/2024,16920.0,GBP,09/06/2024 17:09
INV-101489,INV,PL-001489,26/05/2024,22736.5,USD,27/05/2024 09:50
CRN-200143,CRN,PL-001489,29/06/2024,11368.25,USD,29/06/2024 10:00
INV-101490,INV,PL-001490,15/06/2024,19402.8,USD,17/06/2024 13:11
INV-101491,INV,PL-001491,17/05/2024,19694.8,GBP,18/05/2024 16:44
INV-101492,INV,PL-001492,21/05/2024,16378.5,EUR,23/05/2024 12:43
INV-101493,INV,PL-001493,18/05/2024,154271.5,HKD,20/05/2024 11:59
INV-101494,INV,PL-001494,15/05/2024,24544.0,GBP,17/05/2024 17:05
INV-101495,INV,PL-001495,23/06/2024,20160.3,SGD,25/06/2024 16:19
INV-101496,INV,PL-001496,11/06/2024,20147.4,GBP,12/06/2024 17:03
INV-101497,INV,PL-001497,22/06/2024,21738.1,USD,23/06/2024 09:45
INV-101498,INV,PL-001498,05/05/2024,24038.0,EUR,07/05/2024 19:13
INV-101499,INV,PL-001499,30/06/2024,11167.7,EUR,02/07/2024 10:08
CRN-200144,CRN,PL-001499,05/09/2024,2791.93,EUR,05/09/2024 18:37
INV-101500,INV,PL-001500,18/06/2024,15798.6,EUR,19/06/2024 19:40
INV-101501,INV,PL-001501,12/06/2024,15502.5,GBP,12/06/2024 12:48
INV-101502,INV,PL-001502,07/05/2024,17461.0,EUR,07/05/2024 17:08
INV-101503,INV,PL-001503,15/06/2024,15699.9,EUR,17/06/2024 19:32
INV-101504,INV,PL-001504,04/05/2024,15696.0,EUR,04/05/2024 18:52
INV-101505,INV,PL-001505,06/06/2024,31006.3,USD,07/06/2024 11:46
INV-101506,INV,PL-001506,14/05/2024,111680.1,HKD,16/05/2024 14:38
INV-101507,INV,PL-001507,08/05/2024,16896.0,EUR,08/05/2024 20:06
INV-101508,INV,PL-001508,07/05/2024,23890.2,CHF,09/05/2024 15:24
INV-101509,INV,PL-001509,11/06/2024,13898.5,EUR,11/06/2024 20:49
INV-101510,INV,PL-001510,29/05/2024,27324.0,CHF,29/05/2024 14:39
INV-101511,INV,PL-001511,24/05/2024,20966.0,EUR,25/05/2024 19:44
INV-101512,INV,PL-001512,10/06/2024,22693.5,USD,12/06/2024 14:44
CRN-200145,CRN,PL-001512,26/06/2024,22693.5,USD,28/06/2024 18:00
INV-101513,INV,PL-001513,27/05/2024,13079.5,EUR,27/05/2024 18:06
INV-101514,INV,PL-001514,29/05/2024,14061.6,GBP,31/05/2024 11:03
INV-101515,INV,PL-001515,18/05/2024,18261.9,EUR,20/05/2024 11:37
INV-101516,INV,PL-001516,26/05/2024,15429.0,GBP,26/05/2024 16:03
INV-101517,INV,PL-001517,20/05/2024,12988.0,GBP,21/05/2024 12:57
INV-101518,INV,PL-001518,21/06/2024,19365.1,GBP,22/06/2024 10:30
INV-101519,INV,PL-001519,14/06/2024,15484.5,EUR,14/06/2024 13:57
INV-101520,INV,PL-001520,30/05/2024,12444.0,GBP,30/05/2024 07:10
INV-101521,INV,PL-001521,26/05/2024,12654.6,EUR,28/05/2024 14:31
INV-101522,INV,PL-001522,16/06/2024,11813.7,GBP,18/06/2024 17:08
INV-101523,INV,PL-001523,14/05/2024,11628.0,GBP,15/05/2024 07:40
INV-101524,INV,PL-001524,30/06/2024,16080.0,GBP,30/06/2024 15:07
INV-101525,INV,PL-001525,17/06/2024,20476.4,GBP,17/06/2024 13:17
INV-101526,INV,PL-001526,03/06/2024,24231.3,USD,04/06/2024 14:39
INV-101527,INV,PL-001527,19/06/2024,25902.8,SGD,20/06/2024 08:00
INV-101528,INV,PL-001528,30/05/2024,19706.4,USD,30/05/2024 19:31
INV-101529,INV,PL-001529,12/05/2024,132459.3,HKD,14/05/2024 10:08
INV-101530,INV,PL-001530,19/06/2024,29133.0,CHF,19/06/2024 10:33
INV-101531,INV,PL-001531,27/05/2024,31899.0,USD,27/05/2024 12:47
INV-101532,INV,PL-001532,02/06/2024,15584.8,EUR,02/06/2024 07:46
CRN-200146,CRN,PL-001532,14/07/2024,7792.4,EUR,15/07/2024 18:08
INV-101533,INV,PL-001533,20/05/2024,12326.4,GBP,21/05/2024 16:29
INV-101534,INV,PL-001534,17/06/2024,23595.6,EUR,17/06/2024 16:52
INV-101535,INV,PL-001535,03/06/2024,32231.0,MYR,03/06/2024 19:20
INV-101536,INV,PL-001536,24/06/2024,27860.4,USD,24/06/2024 11:05
INV-101537,INV,PL-001537,14/06/2024,14288.4,GBP,14/06/2024 15:43
INV-101538,INV,PL-001538,22/05/2024,20349.6,EUR,23/05/2024 14:49
INV-101539,INV,PL-001539,05/06/2024,9442.8,EUR,05/06/2024 17:55
INV-101540,INV,PL-001540,17/05/2024,17379.4,EUR,18/05/2024 20:40
INV-101541,INV,PL-001541,19/05/2024,12151.2,GBP,20/05/2024 11:41
INV-101542,INV,PL-001542,19/05/2024,11205.6,EUR,19/05/2024 12:50
INV-101543,INV,PL-001543,12/06/2024,18176.4,EUR,12/06/2024 14:29
INV-101544,INV,PL-001544,17/06/2024,25380.0,GBP,19/06/2024 17:48
INV-101545,INV,PL-001545,26/05/2024,19260.0,GBP,26/05/2024 10:57
INV-101546,INV,PL-001546,29/05/2024,11445.0,GBP,31/05/2024 19:05
INV-101547,INV,PL-001547,31/05/2024,26321.1,CHF,02/06/2024 12:17
INV-101548,INV,PL-001548,08/07/2024,12152.0,EUR,09/07/2024 19:22
CRN-200147,CRN,PL-001548,17/07/2024,12152.0,EUR,19/07/2024 19:47
INV-101549,INV,PL-001549,15/05/2024,20223.9,GBP,17/05/2024 19:42
INV-101550,INV,PL-001550,29/05/2024,25928.4,USD,29/05/2024 16:15
INV-101551,INV,PL-001551,17/06/2024,15340.8,EUR,19/06/2024 09:00
CRN-200148,CRN,PL-001551,02/09/2024,3835.2,EUR,04/09/2024 18:07
INV-101552,INV,PL-001552,28/06/2024,20187.8,GBP,28/06/2024 11:39
CRN-200149,CRN,PL-001552,14/08/2024,10093.9,GBP,14/08/2024 15:16
INV-101553,INV,PL-001553,21/06/2024,14934.2,GBP,22/06/2024 14:41
INV-101554,INV,PL-001554,18/06/2024,24142.5,GBP,18/06/2024 12:44
INV-101555,INV,PL-001555,20/06/2024,30225.0,USD,20/06/2024 07:16
INV-101556,INV,PL-001556,05/07/2024,22323.6,GBP,07/07/2024 18:29
INV-101557,INV,PL-001557,21/06/2024,13698.3,GBP,23/06/2024 10:30
INV-101558,INV,PL-001558,28/06/2024,14198.4,EUR,29/06/2024 09:59
INV-101559,INV,PL-001559,22/05/2024,21414.9,EUR,24/05/2024 09:04
INV-101560,INV,PL-001560,20/06/2024,11794.3,GBP,22/06/2024 16:26
INV-101561,INV,PL-001561,01/07/2024,15662.5,EUR,02/07/2024 09:04
INV-101562,INV,PL-001562,02/07/2024,23380.5,SGD,03/07/2024 18:27
INV-101563,INV,PL-001563,18/06/2024,30877.5,USD,19/06/2024 12:41
INV-101564,INV,PL-001564,30/05/2024,17476.2,GBP,01/06/2024 18:27
CRN-200150,CRN,PL-001564,17/06/2024,17476.2,GBP,17/06/2024 20:08
INV-101565,INV,PL-001565,22/05/2024,15731.1,EUR,24/05/2024 16:51
INV-101566,INV,PL-001566,02/07/2024,23842.0,SGD,03/07/2024 08:12
INV-101567,INV,PL-001567,30/06/2024,14208.6,EUR,30/06/2024 08:41
INV-101568,INV,PL-001568,22/05/2024,26450.4,USD,24/05/2024 18:45
INV-101569,INV,PL-001569,30/05/2024,32868.6,USD,01/06/2024 14:07
INV-101570,INV,PL-001570,23/05/2024,17045.1,EUR,23/05/2024 16:51
INV-101571,INV,PL-001571,10/07/2024,28089.1,SGD,10/07/2024 17:07
INV-101572,INV,PL-001572,16/06/2024,22491.9,MYR,18/06/2024 07:30
INV-101573,INV,PL-001573,06/07/2024,13731.3,GBP,06/07/2024 16:18
INV-101574,INV,PL-001574,09/07/2024,20512.8,CHF,09/07/2024 12:09
INV-101575,INV,PL-001575,21/06/2024,17056.2,GBP,22/06/2024 19:54
INV-101576,INV,PL-001576,19/07/2024,24669.8,USD,19/07/2024 11:15
INV-101577,INV,PL-001577,07/07/2024,12965.4,EUR,09/07/2024 19:28
INV-101578,INV,PL-001578,24/06/2024,16858.6,CHF,24/06/2024 07:58
INV-101579,INV,PL-001579,01/06/2024,24505.6,USD,01/06/2024 15:04
INV-101580,INV,PL-001580,07/07/2024,17829.6,EUR,07/07/2024 14:58
INV-101581,INV,PL-001581,07/06/2024,21086.5,USD,08/06/2024 07:48
INV-101582,INV,PL-001582,21/07/2024,16397.6,GBP,23/07/2024 14:46
INV-101583,INV,PL-001583,07/07/2024,21520.8,USD,09/07/2024 09:34
INV-101584,INV,PL-001584,19/06/2024,13674.9,GBP,20/06/2024 17:30
INV-101585,INV,PL-001585,15/06/2024,28512.8,CHF,16/06/2024 14:30
INV-101586,INV,PL-001586,31/05/2024,9843.7,EUR,02/06/2024 14:02
INV-101587,INV,PL-001587,29/06/2024,193169.8,HKD,01/07/2024 19:42
INV-101588,INV,PL-001588,09/07/2024,16761.0,USD,09/07/2024 12:49
INV-101589,INV,PL-001589,05/07/2024,12652.2,EUR,06/07/2024 11:51
INV-101590,INV,PL-001590,08/06/2024,35733.0,USD,09/06/2024 12:53
INV-101591,INV,PL-001591,02/07/2024,13122.2,GBP,03/07/2024 12:46
INV-101592,INV,PL-001592,06/07/2024,12334.2,EUR,06/07/2024 07:33
INV-101593,INV,PL-001593,23/05/2024,12534.5,EUR,24/05/2024 15:14
INV-101594,INV,PL-001594,10/06/2024,15913.1,GBP,12/06/2024 14:07
INV-101595,INV,PL-001595,29/05/2024,11089.3,EUR,30/05/2024 19:53
INV-101596,INV,PL-001596,22/06/2024,13355.1,EUR,24/06/2024 12:19
INV-101597,INV,PL-001597,30/06/2024,24369.8,USD,01/07/2024 12:36
INV-101598,INV,PL-001598,19/07/2024,25510.2,CHF,19/07/2024 14:09
INV-101599,INV,PL-001599,19/06/2024,19232.4,EUR,20/06/2024 15:34
INV-101600,INV,PL-001600,10/06/2024,15497.6,GBP,11/06/2024 19:40
INV-101601,INV,PL-001601,06/06/2024,20863.8,EUR,08/06/2024 08:44
INV-101602,INV,PL-001602,21/07/2024,23669.1,EUR,21/07/2024 19:01
CRN-200151,CRN,PL-001602,17/08/2024,23669.1,EUR,18/08/2024 08:51
INV-101603,INV,PL-001603,21/06/2024,30014.2,GBP,21/06/2024 15:52
CRN-200152,CRN,PL-001603,23/07/2024,30014.2,GBP,25/07/2024 14:32
INV-101604,INV,PL-001604,08/06/2024,26395.8,SGD,08/06/2024 20:17
INV-101605,INV,PL-001605,09/06/2024,22763.0,USD,11/06/2024 17:03
INV-101606,INV,PL-001606,11/06/2024,15432.6,GBP,11/06/2024 14:35
INV-101607,INV,PL-001607,10/06/2024,14672.7,GBP,10/06/2024 19:28
CRN-200153,CRN,PL-001607,26/08/2024,3668.18,GBP,28/08/2024 08:11
INV-101608,INV,PL-001608,16/07/2024,140556.9,HKD,17/07/2024 17:56
INV-101609,INV,PL-001609,20/07/2024,18715.4,EUR,22/07/2024 11:07
INV-101610,INV,PL-001610,30/05/2024,45936.0,USD,31/05/2024 07:18
INV-101611,INV,PL-001611,02/06/2024,30292.6,USD,03/06/2024 11:58
INV-101612,INV,PL-001612,09/07/2024,18643.8,GBP,11/07/2024 18:51
INV-101613,INV,PL-001613,10/07/2024,116012.0,HKD,12/07/2024 10:14
INV-101614,INV,PL-001614,11/07/2024,16391.0,EUR,12/07/2024 11:44
INV-101615,INV,PL-001615,09/07/2024,24021.9,CHF,11/07/2024 08:07
INV-101616,INV,PL-001616,19/07/2024,15537.2,GBP,20/07/2024 07:17
CRN-200154,CRN,PL-001616,23/08/2024,7768.6,GBP,23/08/2024 07:23
INV-101617,INV,PL-001617,13/06/2024,18557.4,USD,13/06/2024 18:48
INV-101618,INV,PL-001618,14/06/2024,15052.8,GBP,14/06/2024 18:14
INV-101619,INV,PL-001619,23/06/2024,20032.0,EUR,23/06/2024 14:29
INV-101620,INV,PL-001620,10/06/2024,25954.8,USD,11/06/2024 18:42
INV-101621,INV,PL-001621,28/07/2024,13855.6,GBP,30/07/2024 18:21
INV-101622,INV,PL-001622,19/07/2024,18339.6,EUR,21/07/2024 11:04
INV-101623,INV,PL-001623,11/07/2024,23595.0,CHF,13/07/2024 10:44
INV-101624,INV,PL-001624,28/06/2024,24019.3,CHF,30/06/2024 14:37
INV-101625,INV,PL-001625,02/06/2024,20258.3,GBP,04/06/2024 12:14
INV-101626,INV,PL-001626,26/06/2024,19604.4,GBP,28/06/2024 11:35
INV-101627,INV,PL-001627,10/07/2024,22490.7,GBP,12/07/2024 17:43
INV-101628,INV,PL-001628,09/07/2024,26778.2,USD,10/07/2024 07:28
INV-101629,INV,PL-001629,08/07/2024,12954.9,EUR,09/07/2024 07:09
INV-101630,INV,PL-001630,15/06/2024,11059.1,GBP,15/06/2024 10:23
INV-101631,INV,PL-001631,15/07/2024,16297.6,EUR,16/07/2024 09:01
INV-101632,INV,PL-001632,10/07/2024,18018.0,EUR,12/07/2024 16:04
INV-101633,INV,PL-001633,16/06/2024,20200.5,GBP,18/06/2024 19:07
INV-101634,INV,PL-001634,17/07/2024,10873.2,EUR,18/07/2024 10:23
INV-101635,INV,PL-001635,10/07/2024,18515.2,GBP,10/07/2024 17:42
INV-101636,INV,PL-001636,09/06/2024,15129.8,GBP,10/06/2024 19:17
INV-101637,INV,PL-001637,24/06/2024,11673.6,EUR,26/06/2024 12:37
CRN-200155,CRN,PL-001637,05/09/2024,2918.4,EUR,07/09/2024 12:00
INV-101638,INV,PL-001638,17/06/2024,31561.2,USD,17/06/2024 11:20
INV-101639,INV,PL-001639,28/07/2024,25790.4,CHF,30/07/2024 08:55
INV-101640,INV,PL-001640,07/07/2024,20563.2,EUR,09/07/2024 19:13
INV-101641,INV,PL-001641,21/07/2024,168792.0,HKD,21/07/2024 14:01
INV-101642,INV,PL-001642,24/07/2024,16729.7,EUR,24/07/2024 14:28
INV-101643,INV,PL-001643,08/07/2024,9751.5,GBP,09/07/2024 09:28
INV-101644,INV,PL-001644,12/06/2024,9592.8,EUR,14/06/2024 17:32
INV-101645,INV,PL-001645,29/06/2024,21613.2,CHF,01/07/2024 13:22
INV-101646,INV,PL-001646,17/07/2024,22768.8,EUR,18/07/2024 16:28
INV-101647,INV,PL-001647,14/07/2024,22195.8,MYR,15/07/2024 13:02
INV-101648,INV,PL-001648,19/07/2024,14832.0,GBP,21/07/2024 17:06
INV-101649,INV,PL-001649,23/07/2024,27682.2,USD,23/07/2024 20:07
INV-101650,INV,PL-001650,17/06/2024,25537.6,MYR,17/06/2024 10:29
INV-101651,INV,PL-001651,27/06/2024,12426.4,EUR,28/06/2024 15:54
INV-101652,INV,PL-001652,27/07/2024,33784.4,SGD,29/07/2024 12:14
INV-101653,INV,PL-001653,25/06/2024,13124.0,EUR,26/06/2024 09:41
INV-101654,INV,PL-001654,20/07/2024,12083.5,EUR,21/07/2024 17:38
INV-101655,INV,PL-001655,25/07/2024,19996.2,CHF,25/07/2024 10:56
INV-101656,INV,PL-001656,25/06/2024,26441.8,USD,26/06/2024 18:49
INV-101657,INV,PL-001657,13/07/2024,11577.0,USD,15/07/2024 15:49
INV-101658,INV,PL-001658,01/08/2024,31203.7,USD,03/08/2024 11:58
INV-101659,INV,PL-001659,19/06/2024,20702.0,GBP,20/06/2024 09:13
INV-101660,INV,PL-001660,08/07/2024,31938.9,CHF,08/07/2024 07:54
INV-101661,INV,PL-001661,21/06/2024,112966.9,HKD,22/06/2024 20:24
CRN-200156,CRN,PL-001661,10/07/2024,112966.9,HKD,11/07/2024 13:10
INV-101662,INV,PL-001662,25/07/2024,14474.4,GBP,26/07/2024 15:38
INV-101663,INV,PL-001663,05/08/2024,23529.6,USD,06/08/2024 15:58
INV-101664,INV,PL-001664,26/06/2024,144211.2,HKD,27/06/2024 14:38
INV-101665,INV,PL-001665,06/07/2024,18703.5,CHF,06/07/2024 11:55
INV-101666,INV,PL-001666,25/07/2024,16254.0,EUR,26/07/2024 08:57
INV-101667,INV,PL-001667,28/07/2024,22943.7,EUR,28/07/2024 08:08
INV-101668,INV,PL-001668,01/07/2024,29556.8,USD,03/07/2024 18:11
INV-101669,INV,PL-001669,15/07/2024,15833.7,EUR,15/07/2024 18:23
INV-101670,INV,PL-001670,17/07/2024,15372.9,EUR,19/07/2024 14:52
INV-101671,INV,PL-001671,24/07/2024,31246.8,MYR,25/07/2024 11:01
CRN-200157,CRN,PL-001671,18/10/2024,7811.7,MYR,20/10/2024 13:08
INV-101672,INV,PL-001672,21/07/2024,12028.8,USD,22/07/2024 18:12
INV-101673,INV,PL-001673,05/08/2024,10448.6,EUR,05/08/2024 13:18
INV-101674,INV,PL-001674,15/08/2024,15884.4,EUR,16/08/2024 15:45
INV-101675,INV,PL-001675,29/06/2024,14263.0,GBP,29/06/2024 17:28
INV-101676,INV,PL-001676,03/08/2024,21324.8,GBP,04/08/2024 15:58
INV-101677,INV,PL-001677,28/06/2024,20828.2,EUR,28/06/2024 14:36
INV-101678,INV,PL-001678,09/08/2024,11407.5,EUR,10/08/2024 19:16
INV-101679,INV,PL-001679,12/08/2024,13759.2,EUR,14/08/2024 18:09
INV-101680,INV,PL-001680,09/07/2024,16268.0,GBP,09/07/2024 09:27
INV-101681,INV,PL-001681,10/07/2024,15215.2,EUR,12/07/2024 18:14
CRN-200158,CRN,PL-001681,18/07/2024,15215.2,EUR,20/07/2024 17:13
INV-101682,INV,PL-001682,13/08/2024,20280.6,SGD,15/08/2024 09:18
INV-101683,INV,PL-001683,27/07/2024,154561.3,HKD,27/07/2024 15:04
INV-101684,INV,PL-001684,14/07/2024,15114.0,GBP,14/07/2024 13:57
INV-101685,INV,PL-001685,09/07/2024,27518.4,GBP,10/07/2024 08:30
INV-101686,INV,PL-001686,01/08/2024,13497.6,EUR,02/08/2024 08:58
INV-101687,INV,PL-001687,22/06/2024,15252.0,EUR,23/06/2024 12:50
INV-101688,INV,PL-001688,30/06/2024,22304.0,EUR,02/07/2024 09:19
INV-101689,INV,PL-001689,27/07/2024,23732.7,GBP,28/07/2024 07:29
INV-101690,INV,PL-001690,01/07/2024,17052.0,EUR,03/07/2024 12:41
INV-101691,INV,PL-001691,09/08/2024,16960.8,EUR,11/08/2024 13:15
INV-101692,INV,PL-001692,18/08/2024,34632.6,MYR,20/08/2024 08:55
INV-101693,INV,PL-001693,19/08/2024,32216.4,MYR,20/08/2024 17:28
INV-101694,INV,PL-001694,27/07/2024,15184.8,USD,27/07/2024 13:30
INV-101695,INV,PL-001695,14/08/2024,160019.4,HKD,15/08/2024 10:15
INV-101696,INV,PL-001696,14/08/2024,11800.3,GBP,16/08/2024 20:29
CRN-200159,CRN,PL-001696,21/09/2024,5900.15,GBP,22/09/2024 20:19
INV-101697,INV,PL-001697,08/08/2024,19045.6,EUR,08/08/2024 11:06
INV-101698,INV,PL-001698,09/08/2024,14039.2,GBP,11/08/2024 19:55
INV-101699,INV,PL-001699,28/07/2024,12591.8,GBP,28/07/2024 15:53
INV-101700,INV,PL-001700,27/07/2024,21031.2,GBP,28/07/2024 16:23
INV-101701,INV,PL-001701,13/07/2024,16429.8,GBP,13/07/2024 13:57
CRN-200160,CRN,PL-001701,01/08/2024,16429.8,GBP,02/08/2024 14:18
INV-101702,INV,PL-001702,16/07/2024,13067.0,GBP,17/07/2024 14:23
INV-101703,INV,PL-001703,08/07/2024,23212.8,EUR,09/07/2024 11:51
INV-101704,INV,PL-001704,01/08/2024,15096.0,GBP,02/08/2024 07:41
CRN-200161,CRN,PL-001704,25/10/2024,3774.0,GBP,26/10/2024 12:41
INV-101705,INV,PL-001705,24/07/2024,26994.3,GBP,25/07/2024 14:46
INV-101706,INV,PL-001706,28/07/2024,22897.5,USD,29/07/2024 07:45
INV-101707,INV,PL-001707,15/08/2024,10230.0,GBP,15/08/2024 16:39
INV-101708,INV,PL-001708,13/08/2024,15259.2,GBP,14/08/2024 20:23
INV-101709,INV,PL-001709,03/07/2024,18143.1,EUR,05/07/2024 19:22
INV-101710,INV,PL-001710,14/07/2024,14820.0,GBP,15/07/2024 16:42
CRN-200162,CRN,PL-001710,03/09/2024,7410.0,GBP,05/09/2024 12:45
INV-101711,INV,PL-001711,11/08/2024,16968.6,EUR,11/08/2024 11:09
INV-101712,INV,PL-001712,27/07/2024,12175.2,GBP,29/07/2024 09:31
INV-101713,INV,PL-001713,24/07/2024,18439.2,GBP,25/07/2024 17:54
INV-101714,INV,PL-001714,16/07/2024,24646.6,CHF,18/07/2024 17:25
INV-101715,INV,PL-001715,27/08/2024,16850.4,GBP,28/08/2024 19:07
INV-101716,INV,PL-001716,15/08/2024,33384.0,CHF,17/08/2024 14:53
CRN-200163,CRN,PL-001716,10/09/2024,33384.0,CHF,12/09/2024 09:32
INV-101717,INV,PL-001717,27/07/2024,14002.4,EUR,27/07/2024 20:34
INV-101718,INV,PL-001718,23/07/2024,30271.5,GBP,25/07/2024 15:58
INV-101719,INV,PL-001719,11/08/2024,20041.0,GBP,12/08/2024 11:35
INV-101720,INV,PL-001720,17/08/2024,16849.0,EUR,18/08/2024 09:27
INV-101721,INV,PL-001721,08/07/2024,24336.0,USD,10/07/2024 14:21
INV-101722,INV,PL-001722,29/07/2024,30009.3,USD,30/07/2024 12:45
INV-101723,INV,PL-001723,06/08/2024,20243.7,EUR,08/08/2024 16:03
INV-101724,INV,PL-001724,15/07/2024,19960.0,EUR,15/07/2024 11:34
INV-101725,INV,PL-001725,13/07/2024,9246.2,EUR,14/07/2024 14:48
CRN-200164,CRN,PL-001725,11/08/2024,9246.2,EUR,13/08/2024 11:30
INV-101726,INV,PL-001726,31/07/2024,177219.0,HKD,01/08/2024 10:31
INV-101727,INV,PL-001727,30/08/2024,161196.0,HKD,31/08/2024 16:47
INV-101728,INV,PL-001728,07/08/2024,14936.4,GBP,08/08/2024 14:33
INV-101729,INV,PL-001729,23/07/2024,18153.6,EUR,25/07/2024 10:49
INV-101730,INV,PL-001730,02/08/2024,35516.9,USD,04/08/2024 10:59
INV-101731,INV,PL-001731,27/08/2024,27043.2,CHF,27/08/2024 11:41
INV-101732,INV,PL-001732,30/07/2024,12456.4,EUR,30/07/2024 19:14
INV-101733,INV,PL-001733,24/08/2024,19355.0,EUR,26/08/2024 20:35
INV-101734,INV,PL-001734,06/09/2024,23369.1,USD,07/09/2024 20:32
INV-101735,INV,PL-001735,20/07/2024,14190.0,GBP,22/07/2024 14:48
INV-101736,INV,PL-001736,22/07/2024,38237.2,MYR,24/07/2024 12:20
CRN-200165,CRN,PL-001736,28/09/2024,9559.3,MYR,28/09/2024 20:54
INV-101737,INV,PL-001737,20/08/2024,21362.4,CHF,20/08/2024 16:05
INV-101738,INV,PL-001738,03/09/2024,24514.5,USD,04/09/2024 14:43
INV-101739,INV,PL-001739,18/07/2024,23153.9,GBP,18/07/2024 09:41
INV-101740,INV,PL-001740,27/07/2024,16058.0,GBP,28/07/2024 15:10
INV-101741,INV,PL-001741,27/08/2024,18242.8,GBP,27/08/2024 20:06
INV-101742,INV,PL-001742,24/07/2024,23161.6,GBP,24/07/2024 15:24
INV-101743,INV,PL-001743,06/08/2024,20418.0,GBP,06/08/2024 20:54
INV-101744,INV,PL-001744,15/07/2024,19384.4,USD,17/07/2024 17:33
INV-101745,INV,PL-001745,28/08/2024,14363.2,EUR,28/08/2024 14:34
INV-101746,INV,PL-001746,14/07/2024,17220.0,GBP,14/07/2024 10:41
INV-101747,INV,PL-001747,07/08/2024,27128.4,SGD,08/08/2024 16:30
INV-101748,INV,PL-001748,21/08/2024,16984.8,GBP,22/08/2024 08:04
INV-101749,INV,PL-001749,19/08/2024,20272.5,GBP,20/08/2024 14:13
INV-101750,INV,PL-001750,21/07/2024,12602.4,EUR,23/07/2024 19:04
INV-101751,INV,PL-001751,19/07/2024,19522.4,USD,19/07/2024 08:24
INV-101752,INV,PL-001752,17/07/2024,13599.9,EUR,19/07/2024 15:03
INV-101753,INV,PL-001753,20/07/2024,27323.8,USD,22/07/2024 08:36
INV-101754,INV,PL-001754,07/09/2024,14480.8,EUR,07/09/2024 13:15
INV-101755,INV,PL-001755,23/07/2024,23398.8,GBP,23/07/2024 15:59
INV-101756,INV,PL-001756,27/08/2024,15786.8,EUR,28/08/2024 14:21
INV-101757,INV,PL-001757,10/08/2024,19251.0,EUR,10/08/2024 08:52
INV-101758,INV,PL-001758,06/09/2024,14988.4,EUR,07/09/2024 12:49
CRN-200166,CRN,PL-001758,14/11/2024,7494.2,EUR,14/11/2024 15:12
INV-101759,INV,PL-001759,28/08/2024,18314.1,EUR,30/08/2024 11:09
INV-101760,INV,PL-001760,30/07/2024,49117.5,MYR,30/07/2024 08:51
INV-101761,INV,PL-001761,27/07/2024,9873.6,GBP,27/07/2024 09:20
INV-101762,INV,PL-001762,10/08/2024,16068.8,GBP,10/08/2024 14:59
INV-101763,INV,PL-001763,24/07/2024,23812.6,GBP,24/07/2024 14:08
INV-101764,INV,PL-001764,09/08/2024,16897.4,GBP,11/08/2024 09:55
INV-101765,INV,PL-001765,20/07/2024,17757.6,GBP,21/07/2024 20:05
INV-101766,INV,PL-001766,14/08/2024,12568.5,GBP,14/08/2024 07:01
INV-101767,INV,PL-001767,09/08/2024,17028.9,EUR,09/08/2024 13:34
INV-101768,INV,PL-001768,05/08/2024,27275.7,SGD,05/08/2024 10:31
INV-101769,INV,PL-001769,02/09/2024,21132.8,GBP,04/09/2024 15:17
INV-101770,INV,PL-001770,23/07/2024,24300.0,CHF,25/07/2024 15:25
INV-101771,INV,PL-001771,18/08/2024,34132.9,MYR,20/08/2024 19:49
INV-101772,INV,PL-001772,02/08/2024,15317.1,GBP,04/08/2024 18:12
INV-101773,INV,PL-001773,20/07/2024,23718.0,EUR,22/07/2024 07:31
INV-101774,INV,PL-001774,25/07/2024,104860.0,HKD,25/07/2024 08:59
INV-101775,INV,PL-001775,24/08/2024,12942.0,GBP,26/08/2024 16:42
INV-101776,INV,PL-001776,28/07/2024,14724.6,GBP,29/07/2024 19:37
INV-101777,INV,PL-001777,02/09/2024,15082.9,EUR,03/09/2024 20:57
CRN-200167,CRN,PL-001777,11/09/2024,15082.9,EUR,11/09/2024 13:20
INV-101778,INV,PL-001778,04/09/2024,15664.3,EUR,04/09/2024 18:43
INV-101779,INV,PL-001779,22/08/2024,12034.2,EUR,24/08/2024 08:40
INV-101780,INV,PL-001780,28/08/2024,26266.8,USD,30/08/2024 20:10
INV-101781,INV,PL-001781,23/07/2024,15752.0,EUR,24/07/2024 16:12
INV-101782,INV,PL-001782,10/08/2024,12824.8,EUR,11/08/2024 12:14
INV-101783,INV,PL-001783,30/07/2024,13741.6,EUR,31/07/2024 12:53
INV-101784,INV,PL-001784,03/08/2024,21403.7,USD,05/08/2024 07:05
INV-101785,INV,PL-001785,31/07/2024,15802.5,GBP,31/07/2024 15:51
INV-101786,INV,PL-001786,20/09/2024,18960.0,EUR,22/09/2024 16:14
CRN-200168,CRN,PL-001786,12/10/2024,18960.0,EUR,14/10/2024 14:43
INV-101787,INV,PL-001787,03/08/2024,19758.0,GBP,04/08/2024 11:22
INV-101788,INV,PL-001788,03/08/2024,17755.2,GBP,03/08/2024 10:17
INV-101789,INV,PL-001789,16/09/2024,29764.8,USD,16/09/2024 09:40
INV-101790,INV,PL-001790,30/08/2024,18452.7,EUR,31/08/2024 16:27
INV-101791,INV,PL-001791,26/07/2024,28191.6,USD,26/07/2024 10:08
INV-101792,INV,PL-001792,14/09/2024,23856.0,GBP,14/09/2024 07:44
INV-101793,INV,PL-001793,02/08/2024,20657.0,EUR,02/08/2024 14:17
INV-101794,INV,PL-001794,17/08/2024,36345.4,USD,18/08/2024 09:25
CRN-200169,CRN,PL-001794,06/10/2024,18172.7,USD,08/10/2024 10:27
INV-101795,INV,PL-001795,01/08/2024,14770.0,GBP,03/08/2024 10:21
CRN-200170,CRN,PL-001795,10/10/2024,3692.5,GBP,11/10/2024 18:41
INV-101796,INV,PL-001796,17/09/2024,90460.5,HKD,17/09/2024 19:18
INV-101797,INV,PL-001797,07/09/2024,15277.6,EUR,09/09/2024 11:24
INV-101798,INV,PL-001798,18/08/2024,25891.5,USD,19/08/2024 12:53
INV-101799,INV,PL-001799,03/08/2024,13849.1,GBP,03/08/2024 17:05
INV-101800,INV,PL-001800,04/09/2024,16264.0,EUR,06/09/2024 10:45
INV-101801,INV,PL-001801,08/09/2024,16373.6,EUR,09/09/2024 15:53
INV-101802,INV,PL-001802,02/08/2024,13052.6,EUR,02/08/2024 13:50
INV-101803,INV,PL-001803,17/09/2024,13982.5,GBP,19/09/2024 12:39
INV-101804,INV,PL-001804,30/08/2024,15539.4,GBP,01/09/2024 17:14
INV-101805,INV,PL-001805,15/08/2024,12456.0,EUR,17/08/2024 13:27
INV-101806,INV,PL-001806,16/08/2024,23548.8,CHF,17/08/2024 19:19
INV-101807,INV,PL-001807,13/08/2024,8003.6,GBP,14/08/2024 12:52
INV-101808,INV,PL-001808,05/09/2024,16289.2,EUR,07/09/2024 12:24
INV-101809,INV,PL-001809,29/09/2024,26125.0,USD,01/10/2024 10:45
INV-101810,INV,PL-001810,05/08/2024,19651.2,EUR,07/08/2024 18:13
INV-101811,INV,PL-001811,25/09/2024,15770.0,GBP,26/09/2024 13:02
INV-101812,INV,PL-001812,14/08/2024,14964.0,USD,15/08/2024 16:24
INV-101813,INV,PL-001813,15/09/2024,16058.0,EUR,15/09/2024 12:38
INV-101814,INV,PL-001814,30/08/2024,22785.0,SGD,01/09/2024 07:30
CRN-200171,CRN,PL-001814,14/10/2024,22785.0,SGD,16/10/2024 10:40
INV-101815,INV,PL-001815,06/08/2024,15277.6,GBP,07/08/2024 19:38
INV-101816,INV,PL-001816,22/08/2024,15697.5,USD,23/08/2024 14:57
INV-101817,INV,PL-001817,22/09/2024,20608.8,USD,22/09/2024 18:41
INV-101818,INV,PL-001818,15/08/2024,18759.0,USD,17/08/2024 12:41
INV-101819,INV,PL-001819,13/09/2024,44290.0,MYR,14/09/2024 20:00
INV-101820,INV,PL-001820,27/08/2024,40795.0,MYR,27/08/2024 10:43
INV-101821,INV,PL-001821,09/09/2024,20560.6,EUR,10/09/2024 07:45
INV-101822,INV,PL-001822,06/08/2024,16745.8,GBP,06/08/2024 19:46
CRN-200172,CRN,PL-001822,19/08/2024,16745.8,GBP,19/08/2024 11:51
INV-101823,INV,PL-001823,01/10/2024,23421.0,EUR,03/10/2024 14:42
INV-101824,INV,PL-001824,22/08/2024,13747.2,GBP,23/08/2024 10:59
INV-101825,INV,PL-001825,19/09/2024,26334.0,GBP,21/09/2024 17:48
INV-101826,INV,PL-001826,14/08/2024,29057.6,CHF,15/08/2024 13:25
INV-101827,INV,PL-001827,15/08/2024,21436.0,USD,17/08/2024 13:18
INV-101828,INV,PL-001828,24/08/2024,25171.9,SGD,26/08/2024 12:12
INV-101829,INV,PL-001829,04/09/2024,13435.5,GBP,06/09/2024 09:19
INV-101830,INV,PL-001830,22/08/2024,22852.8,EUR,24/08/2024 18:01
INV-101831,INV,PL-001831,08/08/2024,24546.2,USD,08/08/2024 13:26
INV-101832,INV,PL-001832,30/08/2024,13457.6,EUR,01/09/2024 18:45
INV-101833,INV,PL-001833,11/08/2024,19023.6,USD,11/08/2024 19:13
INV-101834,INV,PL-001834,11/08/2024,16338.5,EUR,13/08/2024 12:15
INV-101835,INV,PL-001835,19/09/2024,12985.0,GBP,20/09/2024 13:24
INV-101836,INV,PL-001836,04/09/2024,20004.6,EUR,05/09/2024 17:18
INV-101837,INV,PL-001837,23/09/2024,21285.9,EUR,25/09/2024 18:18
INV-101838,INV,PL-001838,10/08/2024,19402.5,EUR,12/08/2024 13:45
INV-101839,INV,PL-001839,04/09/2024,14313.0,EUR,06/09/2024 18:58
INV-101840,INV,PL-001840,02/10/2024,11022.0,EUR,02/10/2024 09:05
INV-101841,INV,PL-001841,30/08/2024,14439.6,EUR,01/09/2024 17:44
INV-101842,INV,PL-001842,27/09/2024,9421.5,GBP,28/09/2024 10:11
INV-101843,INV,PL-001843,26/09/2024,18090.0,GBP,27/09/2024 07:35
INV-101844,INV,PL-001844,08/09/2024,20656.2,GBP,09/09/2024 09:26
CRN-200173,CRN,PL-001844,04/11/2024,10328.1,GBP,04/11/2024 13:01
INV-101845,INV,PL-001845,27/08/2024,31410.0,USD,29/08/2024 19:37
CRN-200174,CRN,PL-001845,16/09/2024,31410.0,USD,18/09/2024 17:11
INV-101846,INV,PL-001846,14/08/2024,12502.0,USD,15/08/2024 13:37
INV-101847,INV,PL-001847,04/09/2024,23738.1,EUR,05/09/2024 09:18
INV-101848,INV,PL-001848,14/09/2024,31954.5,GBP,14/09/2024 20:05
CRN-200175,CRN,PL-001848,17/12/2024,7988.62,GBP,18/12/2024 13:40
INV-101849,INV,PL-001849,16/09/2024,25284.0,EUR,17/09/2024 16:47
INV-101850,INV,PL-001850,19/08/2024,16619.5,GBP,19/08/2024 11:37
INV-101851,INV,PL-001851,27/09/2024,20556.7,GBP,29/09/2024 10:13
INV-101852,INV,PL-001852,26/08/2024,28773.0,CHF,28/08/2024 15:07
INV-101853,INV,PL-001853,22/08/2024,19546.8,USD,22/08/2024 09:25
INV-101854,INV,PL-001854,21/09/2024,34381.4,SGD,22/09/2024 20:54
INV-101855,INV,PL-001855,23/08/2024,17839.8,EUR,25/08/2024 10:34
INV-101856,INV,PL-001856,26/08/2024,16726.8,GBP,26/08/2024 13:06
INV-101857,INV,PL-001857,13/09/2024,29421.8,CHF,13/09/2024 18:28
INV-101858,INV,PL-001858,29/08/2024,12886.0,EUR,31/08/2024 15:39
INV-101859,INV,PL-001859,03/10/2024,28801.5,MYR,04/10/2024 20:20
INV-101860,INV,PL-001860,05/09/2024,163299.4,HKD,07/09/2024 13:26
INV-101861,INV,PL-001861,08/09/2024,14328.0,EUR,09/09/2024 10:38
INV-101862,INV,PL-001862,26/08/2024,165176.4,HKD,27/08/2024 13:32
INV-101863,INV,PL-001863,17/09/2024,15622.2,GBP,18/09/2024 17:14
INV-101864,INV,PL-001864,09/10/2024,14860.8,GBP,11/10/2024 20:05
INV-101865,INV,PL-001865,24/09/2024,28196.7,USD,24/09/2024 16:15
CRN-200176,CRN,PL-001865,15/11/2024,14098.35,USD,15/11/2024 08:17
INV-101866,INV,PL-001866,19/09/2024,22075.2,CHF,20/09/2024 13:57
INV-101867,INV,PL-001867,26/09/2024,18049.3,EUR,28/09/2024 14:42
INV-101868,INV,PL-001868,18/09/2024,15493.6,GBP,19/09/2024 19:33
INV-101869,INV,PL-001869,26/08/2024,15322.8,EUR,27/08/2024 14:31
CRN-200177,CRN,PL-001869,17/11/2024,3830.7,EUR,17/11/2024 17:57
INV-101870,INV,PL-001870,11/09/2024,13435.5,GBP,13/09/2024 11:24
INV-101871,INV,PL-001871,04/09/2024,9495.2,GBP,04/09/2024 19:38
INV-101872,INV,PL-001872,04/10/2024,22828.8,GBP,05/10/2024 10:29
CRN-200178,CRN,PL-001872,23/12/2024,5707.2,GBP,24/12/2024 15:45
INV-101873,INV,PL-001873,21/08/2024,14522.5,GBP,22/08/2024 09:24
INV-101874,INV,PL-001874,18/09/2024,16605.6,EUR,18/09/2024 20:38
INV-101875,INV,PL-001875,02/10/2024,16882.9,GBP,03/10/2024 15:22
CRN-200179,CRN,PL-001875,16/10/2024,16882.9,GBP,18/10/2024 14:56
INV-101876,INV,PL-001876,04/09/2024,20344.4,CHF,06/09/2024 17:02
INV-101877,INV,PL-001877,26/09/2024,10793.0,EUR,28/09/2024 16:39
INV-101878,INV,PL-001878,02/10/2024,14826.4,EUR,04/10/2024 07:12
INV-101879,INV,PL-001879,30/09/2024,47278.8,MYR,30/09/2024 07:46
INV-101880,INV,PL-001880,10/09/2024,19030.0,USD,11/09/2024 09:32
INV-101881,INV,PL-001881,06/10/2024,19380.0,GBP,06/10/2024 19:42
INV-101882,INV,PL-001882,12/09/2024,17372.0,GBP,14/09/2024 17:02
INV-101883,INV,PL-001883,02/09/2024,21268.1,USD,02/09/2024 17:49
INV-101884,INV,PL-001884,28/09/2024,24833.1,CHF,28/09/2024 14:58
INV-101885,INV,PL-001885,28/09/2024,19971.6,EUR,30/09/2024 08:59
INV-101886,INV,PL-001886,04/09/2024,33120.0,USD,05/09/2024 17:09
INV-101887,INV,PL-001887,07/09/2024,25693.2,USD,08/09/2024 13:57
INV-101888,INV,PL-001888,30/08/2024,19097.0,GBP,01/09/2024 14:41
INV-101889,INV,PL-001889,11/09/2024,39528.0,MYR,13/09/2024 08:12
INV-101890,INV,PL-001890,19/10/2024,19092.0,USD,21/10/2024 09:20
CRN-200180,CRN,PL-001890,02/12/2024,9546.0,USD,02/12/2024 16:42
INV-101891,INV,PL-001891,17/10/2024,20816.1,GBP,18/10/2024 11:42
INV-101892,INV,PL-001892,08/09/2024,16894.8,GBP,09/09/2024 07:13
INV-101893,INV,PL-001893,12/10/2024,19784.6,EUR,14/10/2024 09:14
CRN-200181,CRN,PL-001893,24/11/2024,19784.6,EUR,24/11/2024 14:50
INV-101894,INV,PL-001894,26/09/2024,29804.4,CHF,28/09/2024 09:19
INV-101895,INV,PL-001895,16/10/2024,20933.6,USD,16/10/2024 13:28
CRN-200182,CRN,PL-001895,01/01/2025,5233.4,USD,02/01/2025 09:34
INV-101896,INV,PL-001896,31/08/2024,23908.0,USD,01/09/2024 08:01
INV-101897,INV,PL-001897,28/09/2024,15876.9,GBP,29/09/2024 11:42
INV-101898,INV,PL-001898,17/10/2024,15368.0,GBP,18/10/2024 18:32
INV-101899,INV,PL-001899,05/10/2024,22426.4,GBP,05/10/2024 18:03
INV-101900,INV,PL-001900,12/09/2024,23731.2,SGD,12/09/2024 09:59
INV-101901,INV,PL-001901,12/10/2024,33523.2,USD,13/10/2024 19:52
INV-101902,INV,PL-001902,24/09/2024,28531.8,EUR,25/09/2024 17:35
INV-101903,INV,PL-001903,30/08/2024,21444.8,EUR,31/08/2024 20:02
CRN-200183,CRN,PL-001903,14/09/2024,21444.8,EUR,14/09/2024 08:23
INV-101904,INV,PL-001904,29/09/2024,13398.6,GBP,29/09/2024 15:14
INV-101905,INV,PL-001905,18/09/2024,15080.1,CHF,20/09/2024 13:06
INV-101906,INV,PL-001906,07/10/2024,38915.4,MYR,09/10/2024 18:10
INV-101907,INV,PL-001907,16/10/2024,19408.0,GBP,17/10/2024 13:00
INV-101908,INV,PL-001908,01/10/2024,17967.0,EUR,03/10/2024 19:47
INV-101909,INV,PL-001909,05/09/2024,16720.0,GBP,07/09/2024 12:37
INV-101910,INV,PL-001910,30/09/2024,20755.2,USD,30/09/2024 10:17
INV-101911,INV,PL-001911,04/10/2024,12056.0,GBP,05/10/2024 14:13
INV-101912,INV,PL-001912,23/09/2024,9047.2,EUR,25/09/2024 14:53
INV-101913,INV,PL-001913,07/09/2024,16753.4,EUR,08/09/2024 17:15
INV-101914,INV,PL-001914,10/10/2024,223583.8,HKD,12/10/2024 10:00
INV-101915,INV,PL-001915,16/09/2024,17324.2,EUR,18/09/2024 20:21
INV-101916,INV,PL-001916,10/10/2024,17904.6,EUR,12/10/2024 07:35
INV-101917,INV,PL-001917,18/09/2024,33717.6,USD,19/09/2024 14:27
INV-101918,INV,PL-001918,17/10/2024,21094.4,EUR,19/10/2024 16:47
INV-101919,INV,PL-001919,22/09/2024,17105.1,GBP,23/09/2024 17:57
INV-101920,INV,PL-001920,25/09/2024,18369.6,EUR,27/09/2024 19:31
INV-101921,INV,PL-001921,27/10/2024,17493.2,GBP,28/10/2024 15:03
INV-101922,INV,PL-001922,15/10/2024,29351.4,EUR,15/10/2024 14:50
INV-101923,INV,PL-001923,02/11/2024,21008.4,GBP,04/11/2024 18:46
INV-101924,INV,PL-001924,10/09/2024,9055.2,GBP,12/09/2024 09:56
CRN-200184,CRN,PL-001924,24/09/2024,9055.2,GBP,24/09/2024 10:46
INV-101925,INV,PL-001925,10/10/2024,32959.4,CHF,11/10/2024 07:56
INV-101926,INV,PL-001926,01/10/2024,31083.8,SGD,03/10/2024 14:57
INV-101927,INV,PL-001927,02/10/2024,31836.0,SGD,02/10/2024 20:42
INV-101928,INV,PL-001928,17/09/2024,25363.8,USD,17/09/2024 15:15
INV-101929,INV,PL-001929,22/09/2024,16039.0,EUR,24/09/2024 09:16
INV-101930,INV,PL-001930,19/09/2024,21032.6,CHF,19/09/2024 15:40
INV-101931,INV,PL-001931,28/10/2024,22491.0,USD,29/10/2024 08:41
INV-101932,INV,PL-001932,24/09/2024,24797.4,GBP,24/09/2024 16:13
INV-101933,INV,PL-001933,25/10/2024,18896.4,CHF,27/10/2024 18:51
INV-101934,INV,PL-001934,23/10/2024,21785.2,USD,23/10/2024 07:27
INV-101935,INV,PL-001935,24/10/2024,22576.2,USD,26/10/2024 15:33
INV-101936,INV,PL-001936,22/10/2024,12848.4,GBP,24/10/2024 14:20
INV-101937,INV,PL-001937,15/09/2024,32727.8,USD,16/09/2024 19:34
INV-101938,INV,PL-001938,18/09/2024,22481.2,CHF,20/09/2024 14:35
INV-101939,INV,PL-001939,21/10/2024,30046.0,MYR,23/10/2024 11:41
CRN-200185,CRN,PL-001939,06/01/2025,7511.5,MYR,06/01/2025 09:09
INV-101940,INV,PL-001940,16/09/2024,30432.5,USD,16/09/2024 09:28
INV-101941,INV,PL-001941,21/10/2024,27029.0,CHF,21/10/2024 20:28
INV-101942,INV,PL-001942,28/09/2024,23511.9,USD,30/09/2024 13:11
INV-101943,INV,PL-001943,13/10/2024,22572.0,USD,14/10/2024 11:58
CRN-200186,CRN,PL-001943,14/11/2024,22572.0,USD,16/11/2024 09:26
INV-101944,INV,PL-001944,13/10/2024,15300.0,EUR,15/10/2024 20:46
INV-101945,INV,PL-001945,29/10/2024,22277.7,SGD,31/10/2024 07:35
INV-101946,INV,PL-001946,04/10/2024,180861.0,HKD,05/10/2024 20:38
INV-101947,INV,PL-001947,21/09/2024,14580.0,EUR,22/09/2024 15:51
INV-101948,INV,PL-001948,23/09/2024,15422.4,GBP,23/09/2024 09:52
INV-101949,INV,PL-001949,27/09/2024,15177.6,GBP,27/09/2024 07:25
CRN-200187,CRN,PL-001949,06/11/2024,15177.6,GBP,06/11/2024 10:40
INV-101950,INV,PL-001950,03/11/2024,17659.5,GBP,04/11/2024 16:49
INV-101951,INV,PL-001951,10/10/2024,9930.6,GBP,12/10/2024 16:39
INV-101952,INV,PL-001952,10/10/2024,18600.0,GBP,10/10/2024 16:55
INV-101953,INV,PL-001953,27/10/2024,29870.8,USD,28/10/2024 19:23
INV-101954,INV,PL-001954,08/11/2024,35287.8,USD,10/11/2024 09:03
INV-101955,INV,PL-001955,12/10/2024,30262.5,USD,12/10/2024 16:42
INV-101956,INV,PL-001956,30/09/2024,23186.1,USD,30/09/2024 12:05
INV-101957,INV,PL-001957,05/10/2024,16999.2,GBP,05/10/2024 09:14
INV-101958,INV,PL-001958,22/10/2024,24570.0,USD,24/10/2024 08:33
INV-101959,INV,PL-001959,08/10/2024,21960.5,USD,10/10/2024 13:45
INV-101960,INV,PL-001960,07/10/2024,23197.7,GBP,07/10/2024 14:22
INV-101961,INV,PL-001961,29/09/2024,24738.0,EUR,29/09/2024 08:34
INV-101962,INV,PL-001962,11/10/2024,17848.0,EUR,12/10/2024 08:19
INV-101963,INV,PL-001963,22/10/2024,19599.3,GBP,23/10/2024 18:46
INV-101964,INV,PL-001964,31/10/2024,17081.0,GBP,31/10/2024 10:27
INV-101965,INV,PL-001965,12/11/2024,13146.1,GBP,14/11/2024 12:12
INV-101966,INV,PL-001966,28/09/2024,20026.5,EUR,29/09/2024 10:41
INV-101967,INV,PL-001967,15/10/2024,28405.0,CHF,16/10/2024 11:05
INV-101968,INV,PL-001968,12/11/2024,24343.2,USD,12/11/2024 07:25
INV-101969,INV,PL-001969,12/10/2024,10353.0,EUR,12/10/2024 09:44
INV-101970,INV,PL-001970,25/09/2024,95913.9,HKD,27/09/2024 12:01
INV-101971,INV,PL-001971,19/11/2024,18343.0,EUR,19/11/2024 10:56
INV-101972,INV,PL-001972,18/11/2024,12315.2,EUR,18/11/2024 08:50
INV-101973,INV,PL-001973,02/11/2024,10608.8,EUR,03/11/2024 15:20
INV-101974,INV,PL-001974,29/10/2024,23038.4,EUR,31/10/2024 11:20
INV-101975,INV,PL-001975,02/11/2024,21777.9,CHF,04/11/2024 07:36
INV-101976,INV,PL-001976,11/10/2024,19360.0,USD,13/10/2024 18:21
INV-101977,INV,PL-001977,26/10/2024,12492.9,GBP,27/10/2024 10:26
CRN-200188,CRN,PL-001977,11/12/2024,6246.45,GBP,11/12/2024 19:44
INV-101978,INV,PL-001978,20/10/2024,14766.4,EUR,20/10/2024 11:54
INV-101979,INV,PL-001979,17/10/2024,14554.2,EUR,19/10/2024 19:05
INV-101980,INV,PL-001980,01/11/2024,12652.2,GBP,03/11/2024 08:17
INV-101981,INV,PL-001981,12/10/2024,14880.8,EUR,14/10/2024 18:10
INV-101982,INV,PL-001982,02/10/2024,23121.7,EUR,04/10/2024 19:42
INV-101983,INV,PL-001983,28/10/2024,16747.3,GBP,29/10/2024 18:31
INV-101984,INV,PL-001984,07/10/2024,29837.5,SGD,09/10/2024 09:03
INV-101985,INV,PL-001985,16/11/2024,21156.6,GBP,16/11/2024 08:36
INV-101986,INV,PL-001986,03/11/2024,15266.0,GBP,05/11/2024 12:41
INV-101987,INV,PL-001987,01/10/2024,20720.2,EUR,01/10/2024 11:23
INV-101988,INV,PL-001988,22/10/2024,18900.7,GBP,22/10/2024 08:36
INV-101989,INV,PL-001989,09/10/2024,14342.0,EUR,10/10/2024 09:07
INV-101990,INV,PL-001990,24/11/2024,21817.8,GBP,24/11/2024 17:56
INV-101991,INV,PL-001991,21/11/2024,120186.8,HKD,21/11/2024 07:51
INV-101992,INV,PL-001992,19/11/2024,21846.7,SGD,19/11/2024 07:06
INV-101993,INV,PL-001993,20/10/2024,18405.2,EUR,21/10/2024 14:16
INV-101994,INV,PL-001994,28/10/2024,14968.7,EUR,30/10/2024 17:43
INV-101995,INV,PL-001995,24/10/2024,14946.5,EUR,25/10/2024 17:04
INV-101996,INV,PL-001996,11/10/2024,11520.0,EUR,13/10/2024 11:44
INV-101997,INV,PL-001997,01/11/2024,20440.2,EUR,02/11/2024 09:08
INV-101998,INV,PL-001998,20/11/2024,20073.6,GBP,20/11/2024 20:51
INV-101999,INV,PL-001999,06/11/2024,21789.7,CHF,08/11/2024 11:20
INV-102000,INV,PL-002000,10/10/2024,12416.0,EUR,12/10/2024 15:27
INV-102001,INV,PL-002001,06/10/2024,15994.2,EUR,08/10/2024 16:54
INV-102002,INV,PL-002002,05/11/2024,32513.4,SGD,06/11/2024 19:18
CRN-200189,CRN,PL-002002,30/11/2024,32513.4,SGD,01/12/2024 15:44
INV-102003,INV,PL-002003,22/10/2024,17248.4,GBP,24/10/2024 14:28
INV-102004,INV,PL-002004,03/11/2024,18179.2,USD,04/11/2024 10:13
INV-102005,INV,PL-002005,14/10/2024,14340.6,EUR,16/10/2024 18:23
INV-102006,INV,PL-002006,18/11/2024,19584.0,GBP,20/11/2024 17:07
INV-102007,INV,PL-002007,19/10/2024,15141.7,GBP,21/10/2024 19:59
INV-102008,INV,PL-002008,17/11/2024,11635.2,EUR,18/11/2024 13:10
INV-102009,INV,PL-002009,05/11/2024,20204.8,GBP,07/11/2024 18:29
CRN-200190,CRN,PL-002009,03/02/2025,5051.2,GBP,04/02/2025 19:35
INV-102010,INV,PL-002010,14/11/2024,47301.8,MYR,15/11/2024 11:51
INV-102011,INV,PL-002011,25/10/2024,157126.2,HKD,26/10/2024 16:50
INV-102012,INV,PL-002012,05/11/2024,27542.2,USD,07/11/2024 09:49
INV-102013,INV,PL-002013,07/11/2024,23012.0,GBP,08/11/2024 10:38
CRN-200191,CRN,PL-002013,17/11/2024,23012.0,GBP,19/11/2024 09:46
INV-102014,INV,PL-002014,07/10/2024,22175.1,USD,07/10/2024 15:52
INV-102015,INV,PL-002015,19/11/2024,107576.4,HKD,21/11/2024 13:34
INV-102016,INV,PL-002016,17/11/2024,11018.7,GBP,19/11/2024 17:00
INV-102017,INV,PL-002017,29/10/2024,23615.1,SGD,30/10/2024 17:35
INV-102018,INV,PL-002018,19/11/2024,9958.8,EUR,21/11/2024 12:18
INV-102019,INV,PL-002019,07/10/2024,26772.2,SGD,07/10/2024 10:23
INV-102020,INV,PL-002020,29/11/2024,23531.2,USD,01/12/2024 12:59
INV-102021,INV,PL-002021,02/11/2024,18087.7,EUR,04/11/2024 20:04
INV-102022,INV,PL-002022,26/10/2024,149232.3,HKD,26/10/2024 20:45
INV-102023,INV,PL-002023,25/11/2024,21716.8,EUR,27/11/2024 11:28
INV-102024,INV,PL-002024,17/11/2024,26397.6,EUR,17/11/2024 15:46
INV-102025,INV,PL-002025,30/11/2024,17651.2,GBP,30/11/2024 13:10
INV-102026,INV,PL-002026,26/10/2024,22254.6,USD,26/10/2024 09:23
INV-102027,INV,PL-002027,16/10/2024,18895.8,USD,16/10/2024 14:49
INV-102028,INV,PL-002028,19/10/2024,164635.5,HKD,21/10/2024 19:20
INV-102029,INV,PL-002029,27/11/2024,15358.2,EUR,29/11/2024 09:31
INV-102030,INV,PL-002030,20/11/2024,19302.8,USD,22/11/2024 12:11
INV-102031,INV,PL-002031,11/11/2024,28951.0,USD,12/11/2024 08:49
INV-102032,INV,PL-002032,06/12/2024,12896.1,EUR,07/12/2024 13:13
INV-102033,INV,PL-002033,04/11/2024,16044.0,EUR,06/11/2024 08:29
INV-102034,INV,PL-002034,05/11/2024,16994.4,EUR,07/11/2024 12:34
INV-102035,INV,PL-002035,06/12/2024,22974.6,CHF,08/12/2024 16:11
INV-102036,INV,PL-002036,21/11/2024,15387.2,EUR,21/11/2024 11:15
INV-102037,INV,PL-002037,02/12/2024,11392.0,GBP,04/12/2024 15:52
INV-102038,INV,PL-002038,06/11/2024,27155.1,USD,06/11/2024 08:53
INV-102039,INV,PL-002039,08/12/2024,21533.7,SGD,09/12/2024 14:39
INV-102040,INV,PL-002040,21/10/2024,18848.7,EUR,23/10/2024 15:35
CRN-200192,CRN,PL-002040,27/11/2024,18848.7,EUR,27/11/2024 07:45
INV-102041,INV,PL-002041,26/11/2024,28535.5,USD,28/11/2024 17:43
INV-102042,INV,PL-002042,21/11/2024,17784.8,GBP,23/11/2024 15:12
INV-102043,INV,PL-002043,29/10/2024,13648.0,GBP,31/10/2024 08:23
INV-102044,INV,PL-002044,16/11/2024,16886.1,EUR,17/11/2024 11:49
INV-102045,INV,PL-002045,26/10/2024,16552.8,EUR,27/10/2024 10:23
INV-102046,INV,PL-002046,07/12/2024,20753.6,EUR,09/12/2024 14:17
INV-102047,INV,PL-002047,18/10/2024,11776.0,USD,18/10/2024 14:15
INV-102048,INV,PL-002048,07/11/2024,41289.6,MYR,09/11/2024 11:35
INV-102049,INV,PL-002049,13/12/2024,27270.0,USD,15/12/2024 17:46
INV-102050,INV,PL-002050,03/12/2024,24186.4,USD,05/12/2024 09:34
INV-102051,INV,PL-002051,13/12/2024,144210.0,HKD,14/12/2024 10:50
INV-102052,INV,PL-002052,07/11/2024,24328.8,USD,09/11/2024 10:45
CRN-200193,CRN,PL-002052,02/12/2024,24328.8,USD,02/12/2024 18:59
INV-102053,INV,PL-002053,27/10/2024,19981.7,EUR,27/10/2024 12:42
INV-102054,INV,PL-002054,17/11/2024,21864.8,SGD,19/11/2024 17:26
CRN-200194,CRN,PL-002054,15/02/2025,5466.2,SGD,16/02/2025 18:11
INV-102055,INV,PL-002055,10/12/2024,21812.2,USD,12/12/2024 11:01
INV-102056,INV,PL-002056,02/12/2024,11934.0,GBP,02/12/2024 12:40
INV-102057,INV,PL-002057,04/11/2024,13853.1,GBP,06/11/2024 18:16
INV-102058,INV,PL-002058,09/11/2024,18304.8,EUR,11/11/2024 20:00
INV-102059,INV,PL-002059,26/10/2024,17184.0,USD,26/10/2024 11:02
INV-102060,INV,PL-002060,14/11/2024,38880.0,MYR,14/11/2024 11:36
INV-102061,INV,PL-002061,26/10/2024,185843.4,HKD,28/10/2024 09:33
INV-102062,INV,PL-002062,26/11/2024,20503.0,EUR,26/11/2024 17:06
INV-102063,INV,PL-002063,06/11/2024,12504.0,EUR,07/11/2024 08:09
INV-102064,INV,PL-002064,11/12/2024,18287.4,GBP,13/12/2024 08:36
INV-102065,INV,PL-002065,07/12/2024,25537.6,CHF,07/12/2024 14:21
INV-102066,INV,PL-002066,27/10/2024,19100.0,EUR,29/10/2024 12:02
INV-102067,INV,PL-002067,26/11/2024,13222.5,EUR,26/11/2024 18:51
INV-102068,INV,PL-002068,05/11/2024,131246.5,HKD,05/11/2024 10:15
INV-102069,INV,PL-002069,08/11/2024,18079.2,USD,08/11/2024 07:25
INV-102070,INV,PL-002070,17/12/2024,25135.5,CHF,18/12/2024 10:52
INV-102071,INV,PL-002071,07/11/2024,23729.1,USD,07/11/2024 11:01
INV-102072,INV,PL-002072,29/11/2024,25407.2,USD,01/12/2024 11:27
INV-102073,INV,PL-002073,10/11/2024,29854.0,USD,12/11/2024 07:07
INV-102074,INV,PL-002074,21/11/2024,18933.6,EUR,23/11/2024 11:21
CRN-200195,CRN,PL-002074,04/02/2025,4733.4,EUR,04/02/2025 16:35
INV-102075,INV,PL-002075,01/12/2024,25289.0,GBP,02/12/2024 12:07
INV-102076,INV,PL-002076,07/12/2024,16891.6,GBP,08/12/2024 10:29
INV-102077,INV,PL-002077,15/12/2024,35900.0,MYR,15/12/2024 10:57
INV-102078,INV,PL-002078,11/11/2024,27918.8,SGD,13/11/2024 20:40
CRN-200196,CRN,PL-002078,30/01/2025,6979.7,SGD,31/01/2025 19:22
INV-102079,INV,PL-002079,29/11/2024,17228.2,GBP,01/12/2024 12:43
INV-102080,INV,PL-002080,16/11/2024,25978.5,USD,18/11/2024 09:10
INV-102081,INV,PL-002081,04/12/2024,22297.2,EUR,04/12/2024 15:00
INV-102082,INV,PL-002082,11/12/2024,11173.5,GBP,13/12/2024 14:03
INV-102083,INV,PL-002083,07/12/2024,21972.5,EUR,07/12/2024 19:00
INV-102084,INV,PL-002084,17/11/2024,23125.1,CHF,17/11/2024 14:27
INV-102085,INV,PL-002085,14/11/2024,21063.0,GBP,14/11/2024 13:00
INV-102086,INV,PL-002086,07/12/2024,19577.6,CHF,09/12/2024 10:15
INV-102087,INV,PL-002087,19/11/2024,15858.0,GBP,19/11/2024 18:41
INV-102088,INV,PL-002088,13/12/2024,23647.2,EUR,14/12/2024 20:28
INV-102089,INV,PL-002089,28/12/2024,17732.7,GBP,29/12/2024 09:34
INV-102090,INV,PL-002090,10/12/2024,27817.9,MYR,11/12/2024 13:15
INV-102091,INV,PL-002091,18/11/2024,15517.6,CHF,18/11/2024 17:26
INV-102092,INV,PL-002092,09/11/2024,17615.6,EUR,09/11/2024 16:35
INV-102093,INV,PL-002093,16/12/2024,12622.2,GBP,18/12/2024 11:29
INV-102094,INV,PL-002094,01/11/2024,17945.2,EUR,02/11/2024 16:07
INV-102095,INV,PL-002095,13/11/2024,16170.2,GBP,14/11/2024 13:17
INV-102096,INV,PL-002096,11/12/2024,15681.8,EUR,13/12/2024 12:57
INV-102097,INV,PL-002097,07/11/2024,14996.1,EUR,08/11/2024 11:16
INV-102098,INV,PL-002098,25/11/2024,29863.2,CHF,25/11/2024 09:03
INV-102099,INV,PL-002099,06/12/2024,18318.0,GBP,08/12/2024 14:24
INV-102100,INV,PL-002100,09/11/2024,30490.2,USD,09/11/2024 10:05
CRN-200197,CRN,PL-002100,03/02/2025,7622.55,USD,04/02/2025 17:33
INV-102101,INV,PL-002101,15/11/2024,12502.0,EUR,16/11/2024 07:28
INV-102102,INV,PL-002102,25/12/2024,17685.0,EUR,26/12/2024 17:11
INV-102103,INV,PL-002103,12/12/2024,23643.0,CHF,13/12/2024 19:17
INV-102104,INV,PL-002104,06/12/2024,23080.8,CHF,07/12/2024 13:30
INV-102105,INV,PL-002105,11/12/2024,19430.4,USD,11/12/2024 15:22
INV-102106,INV,PL-002106,08/12/2024,14123.2,EUR,10/12/2024 07:09
INV-102107,INV,PL-002107,25/11/2024,23153.1,USD,25/11/2024 13:14
INV-102108,INV,PL-002108,29/12/2024,28723.5,USD,30/12/2024 20:38
INV-102109,INV,PL-002109,20/12/2024,120520.0,HKD,22/12/2024 18:40
INV-102110,INV,PL-002110,21/12/2024,13021.7,GBP,21/12/2024 17:02
CRN-200198,CRN,PL-002110,14/02/2025,6510.85,GBP,14/02/2025 14:30
INV-102111,INV,PL-002111,14/11/2024,16656.3,GBP,15/11/2024 07:53
INV-102112,INV,PL-002112,22/12/2024,11857.5,GBP,22/12/2024 20:12
INV-102113,INV,PL-002113,28/12/2024,28158.6,EUR,28/12/2024 13:12
INV-102114,INV,PL-002114,29/11/2024,15590.9,EUR,29/11/2024 13:01
INV-102115,INV,PL-002115,03/01/2025,16361.4,USD,04/01/2025 11:11
INV-102116,INV,PL-002116,06/12/2024,27190.4,EUR,08/12/2024 15:05
INV-102117,INV,PL-002117,27/12/2024,147803.1,HKD,29/12/2024 16:52
CRN-200199,CRN,PL-002117,09/03/2025,36950.78,HKD,09/03/2025 09:11
INV-102118,INV,PL-002118,24/12/2024,18306.5,GBP,25/12/2024 07:23
CRN-200200,CRN,PL-002118,15/03/2025,4576.62,GBP,15/03/2025 13:53
INV-102119,INV,PL-002119,27/11/2024,19854.8,CHF,27/11/2024 17:07
INV-102120,INV,PL-002120,12/12/2024,23392.7,USD,13/12/2024 18:31
INV-102121,INV,PL-002121,14/11/2024,22248.0,EUR,16/11/2024 17:11
INV-102122,INV,PL-002122,02/12/2024,15582.6,GBP,02/12/2024 14:34
CRN-200201,CRN,PL-002122,02/01/2025,15582.6,GBP,03/01/2025 07:46
INV-102123,INV,PL-002123,23/12/2024,19836.0,EUR,23/12/2024 19:26
INV-102124,INV,PL-002124,23/12/2024,19855.1,EUR,24/12/2024 13:48
INV-102125,INV,PL-002125,12/12/2024,22106.5,USD,12/12/2024 11:00
INV-102126,INV,PL-002126,24/12/2024,18845.3,USD,25/12/2024 18:32
INV-102127,INV,PL-002127,19/11/2024,30414.2,CHF,20/11/2024 09:01
INV-102128,INV,PL-002128,22/11/2024,105097.5,HKD,24/11/2024 09:23
INV-102129,INV,PL-002129,14/12/2024,15345.0,USD,15/12/2024 09:17
CRN-200202,CRN,PL-002129,15/12/2024,15345.0,USD,15/12/2024 10:54
INV-102130,INV,PL-002130,24/12/2024,21312.0,GBP,25/12/2024 15:26
INV-102131,INV,PL-002131,29/12/2024,17381.4,GBP,31/12/2024 09:02
INV-102132,INV,PL-002132,25/11/2024,25029.2,EUR,26/11/2024 14:18
INV-102133,INV,PL-002133,19/12/2024,24719.0,USD,21/12/2024 16:59
INV-102134,INV,PL-002134,21/12/2024,21945.2,USD,21/12/2024 09:18
CRN-200203,CRN,PL-002134,30/01/2025,10972.6,USD,31/01/2025 14:35
INV-102135,INV,PL-002135,28/11/2024,22200.0,USD,28/11/2024 18:20
INV-102136,INV,PL-002136,09/12/2024,17513.4,EUR,11/12/2024 19:00
INV-102137,INV,PL-002137,23/11/2024,19507.8,EUR,24/11/2024 12:48
INV-102138,INV,PL-002138,30/12/2024,21086.4,SGD,01/01/2025 14:05
INV-102139,INV,PL-002139,27/12/2024,27196.2,USD,27/12/2024 18:08
INV-102140,INV,PL-002140,16/01/2025,17910.0,USD,17/01/2025 10:49
INV-102141,INV,PL-002141,03/01/2025,154375.2,HKD,03/01/2025 16:10
INV-102142,INV,PL-002142,19/12/2024,17702.1,EUR,21/12/2024 16:47
INV-102143,INV,PL-002143,12/12/2024,20315.3,USD,14/12/2024 08:24
INV-102144,INV,PL-002144,08/12/2024,24808.3,USD,08/12/2024 09:27
CRN-200204,CRN,PL-002144,06/02/2025,12404.15,USD,07/02/2025 12:55
INV-102145,INV,PL-002145,27/11/2024,21318.8,EUR,28/11/2024 13:46
INV-102146,INV,PL-002146,13/01/2025,24585.0,SGD,13/01/2025 15:23
INV-102147,INV,PL-002147,29/11/2024,25320.6,SGD,29/11/2024 10:01
INV-102148,INV,PL-002148,27/12/2024,16620.0,EUR,29/12/2024 20:23
INV-102149,INV,PL-002149,22/12/2024,17728.7,GBP,23/12/2024 15:18
INV-102150,INV,PL-002150,22/12/2024,25418.0,USD,22/12/2024 07:45
INV-102151,INV,PL-002151,28/12/2024,18037.5,GBP,28/12/2024 08:14
CRN-200205,CRN,PL-002151,12/01/2025,18037.5,GBP,12/01/2025 18:32
INV-102152,INV,PL-002152,04/12/2024,29502.9,EUR,04/12/2024 14:15
INV-102153,INV,PL-002153,17/01/2025,15276.8,EUR,17/01/2025 17:25
INV-102154,INV,PL-002154,07/01/2025,19735.4,EUR,09/01/2025 09:39
INV-102155,INV,PL-002155,21/01/2025,19573.6,USD,21/01/2025 20:14
INV-102156,INV,PL-002156,25/12/2024,57882.9,MYR,25/12/2024 15:22
INV-102157,INV,PL-002157,07/12/2024,11309.6,GBP,09/12/2024 09:02
INV-102158,INV,PL-002158,25/11/2024,17082.1,EUR,26/11/2024 07:06
CRN-200206,CRN,PL-002158,11/02/2025,4270.52,EUR,12/02/2025 11:10
INV-102159,INV,PL-002159,06/12/2024,11932.5,EUR,08/12/2024 16:33
INV-102160,INV,PL-002160,29/12/2024,15944.4,GBP,29/12/2024 17:47
CRN-200207,CRN,PL-002160,29/01/2025,15944.4,GBP,30/01/2025 13:50
INV-102161,INV,PL-002161,12/01/2025,15231.5,EUR,13/01/2025 12:20
INV-102162,INV,PL-002162,31/12/2024,17077.2,GBP,02/01/2025 14:50
INV-102163,INV,PL-002163,04/12/2024,17480.0,EUR,05/12/2024 17:38
INV-102164,INV,PL-002164,24/12/2024,33311.8,MYR,26/12/2024 17:53
INV-102165,INV,PL-002165,07/12/2024,28860.3,USD,08/12/2024 12:27
INV-102166,INV,PL-002166,30/11/2024,16422.3,GBP,30/11/2024 07:16
INV-102167,INV,PL-002167,03/01/2025,18411.0,GBP,03/01/2025 19:48
INV-102168,INV,PL-002168,27/12/2024,16931.2,GBP,27/12/2024 13:12
INV-102169,INV,PL-002169,31/12/2024,13708.4,EUR,02/01/2025 16:18
INV-102170,INV,PL-002170,05/01/2025,24221.8,CHF,06/01/2025 07:11
INV-102171,INV,PL-002171,11/12/2024,30576.9,USD,11/12/2024 19:44
INV-102172,INV,PL-002172,06/01/2025,18912.6,GBP,07/01/2025 16:29
INV-102173,INV,PL-002173,04/01/2025,146252.8,HKD,06/01/2025 08:02
INV-102174,INV,PL-002174,20/12/2024,11067.7,GBP,21/12/2024 17:13
INV-102175,INV,PL-002175,12/12/2024,20442.8,EUR,14/12/2024 20:53
INV-102176,INV,PL-002176,09/01/2025,15555.6,EUR,11/01/2025 10:51
INV-102177,INV,PL-002177,19/01/2025,19959.3,GBP,20/01/2025 09:03
INV-102178,INV,PL-002178,10/12/2024,31032.3,CHF,11/12/2024 15:19
INV-102179,INV,PL-002179,07/12/2024,22402.6,USD,07/12/2024 11:40
INV-102180,INV,PL-002180,28/12/2024,14268.8,EUR,30/12/2024 13:57
INV-102181,INV,PL-002181,02/12/2024,14878.0,GBP,04/12/2024 18:09
INV-102182,INV,PL-002182,06/01/2025,24921.6,CHF,07/01/2025 16:35
INV-102183,INV,PL-002183,01/01/2025,23491.6,CHF,03/01/2025 16:32
INV-102184,INV,PL-002184,29/11/2024,150406.2,HKD,01/12/2024 09:49
INV-102185,INV,PL-002185,16/12/2024,175903.4,HKD,16/12/2024 19:41
INV-102186,INV,PL-002186,30/11/2024,28853.0,GBP,30/11/2024 11:20
INV-102187,INV,PL-002187,08/01/2025,35339.4,MYR,08/01/2025 19:25
INV-102188,INV,PL-002188,22/01/2025,17404.8,GBP,23/01/2025 14:03
CRN-200208,CRN,PL-002188,12/03/2025,8702.4,GBP,13/03/2025 14:10
INV-102189,INV,PL-002189,23/01/2025,22260.4,CHF,23/01/2025 14:09
INV-102190,INV,PL-002190,04/01/2025,28020.8,GBP,04/01/2025 14:35
INV-102191,INV,PL-002191,18/01/2025,159274.5,HKD,20/01/2025 10:22
INV-102192,INV,PL-002192,12/01/2025,14603.4,GBP,12/01/2025 13:43
INV-102193,INV,PL-002193,09/01/2025,19896.8,GBP,11/01/2025 10:23
INV-102194,INV,PL-002194,12/12/2024,14748.9,EUR,14/12/2024 16:28
CRN-200209,CRN,PL-002194,22/12/2024,14748.9,EUR,24/12/2024 18:19
INV-102195,INV,PL-002195,12/01/2025,23035.0,GBP,13/01/2025 20:40
INV-102196,INV,PL-002196,20/01/2025,16705.6,EUR,21/01/2025 10:45
INV-102197,INV,PL-002197,04/12/2024,10648.0,GBP,05/12/2024 11:15
INV-102198,INV,PL-002198,08/01/2025,23522.4,EUR,08/01/2025 09:58
INV-102199,INV,PL-002199,12/12/2024,12567.0,EUR,13/12/2024 20:12
CRN-200210,CRN,PL-002199,26/12/2024,12567.0,EUR,28/12/2024 20:54
INV-102200,INV,PL-002200,20/12/2024,11403.0,GBP,20/12/2024 10:11
INV-102201,INV,PL-002201,11/01/2025,18268.9,CHF,12/01/2025 16:23
INV-102202,INV,PL-002202,26/12/2024,20880.3,SGD,27/12/2024 13:37
INV-102203,INV,PL-002203,02/01/2025,26937.0,GBP,03/01/2025 10:28
INV-102204,INV,PL-002204,25/01/2025,26638.0,USD,26/01/2025 20:22
CRN-200211,CRN,PL-002204,15/04/2025,6659.5,USD,16/04/2025 17:02
INV-102205,INV,PL-002205,03/01/2025,21724.2,USD,05/01/2025 11:41
INV-102206,INV,PL-002206,20/01/2025,12233.5,GBP,21/01/2025 18:34
CRN-200212,CRN,PL-002206,24/03/2025,3058.38,GBP,24/03/2025 15:39
INV-102207,INV,PL-002207,28/01/2025,38665.0,MYR,29/01/2025 09:36
INV-102208,INV,PL-002208,26/12/2024,17805.9,CHF,28/12/2024 18:36
INV-102209,INV,PL-002209,14/01/2025,14847.0,EUR,15/01/2025 11:56
INV-102210,INV,PL-002210,25/12/2024,11320.4,EUR,25/12/2024 11:01
CRN-200213,CRN,PL-002210,26/01/2025,11320.4,EUR,26/01/2025 10:22
INV-102211,INV,PL-002211,05/01/2025,18631.3,GBP,07/01/2025 19:33
INV-102212,INV,PL-002212,13/01/2025,12928.5,GBP,13/01/2025 08:10
INV-102213,INV,PL-002213,12/12/2024,23572.0,USD,14/12/2024 08:14
INV-102214,INV,PL-002214,21/12/2024,19925.1,USD,22/12/2024 20:04
INV-102215,INV,PL-002215,23/12/2024,27512.1,GBP,24/12/2024 13:59
INV-102216,INV,PL-002216,13/12/2024,13717.5,GBP,14/12/2024 14:40
INV-102217,INV,PL-002217,20/01/2025,15573.0,GBP,20/01/2025 15:37
INV-102218,INV,PL-002218,19/12/2024,31539.2,GBP,19/12/2024 15:07
CRN-200214,CRN,PL-002218,29/01/2025,15769.6,GBP,31/01/2025 18:22
INV-102219,INV,PL-002219,31/01/2025,13068.0,EUR,01/02/2025 10:24
INV-102220,INV,PL-002220,25/12/2024,11784.7,EUR,25/12/2024 07:06
INV-102221,INV,PL-002221,03/02/2025,19548.9,EUR,03/02/2025 19:49
INV-102222,INV,PL-002222,27/01/2025,11599.3,EUR,27/01/2025 10:05
INV-102223,INV,PL-002223,01/02/2025,18181.8,EUR,02/02/2025 15:10
INV-102224,INV,PL-002224,31/12/2024,18947.8,EUR,02/01/2025 17:32
INV-102225,INV,PL-002225,24/01/2025,18885.8,GBP,25/01/2025 14:42
INV-102226,INV,PL-002226,30/12/2024,19209.6,EUR,30/12/2024 09:45
INV-102227,INV,PL-002227,05/01/2025,15105.0,EUR,06/01/2025 13:41
CRN-200215,CRN,PL-002227,12/02/2025,7552.5,EUR,12/02/2025 11:43
INV-102228,INV,PL-002228,23/01/2025,26923.2,SGD,23/01/2025 07:54
INV-102229,INV,PL-002229,23/12/2024,10837.8,EUR,23/12/2024 07:30
INV-102230,INV,PL-002230,01/01/2025,17896.5,GBP,01/01/2025 14:05
INV-102231,INV,PL-002231,16/01/2025,12631.0,GBP,17/01/2025 09:19
INV-102232,INV,PL-002232,02/02/2025,15392.0,EUR,04/02/2025 07:04
INV-102233,INV,PL-002233,01/02/2025,140087.0,HKD,02/02/2025 11:54
INV-102234,INV,PL-002234,30/01/2025,24578.4,EUR,30/01/2025 09:13
INV-102235,INV,PL-002235,01/02/2025,18127.4,EUR,02/02/2025 17:17
CRN-200216,CRN,PL-002235,28/02/2025,18127.4,EUR,02/03/2025 07:58
INV-102236,INV,PL-002236,06/01/2025,11108.1,GBP,06/01/2025 14:52
INV-102237,INV,PL-002237,22/12/2024,17072.0,EUR,24/12/2024 16:14
INV-102238,INV,PL-002238,16/12/2024,18148.8,EUR,16/12/2024 08:16
INV-102239,INV,PL-002239,19/01/2025,28120.9,GBP,20/01/2025 19:35
INV-102240,INV,PL-002240,14/12/2024,17490.3,EUR,14/12/2024 09:21
INV-102241,INV,PL-002241,21/01/2025,14852.0,GBP,22/01/2025 07:51
INV-102242,INV,PL-002242,20/01/2025,20188.4,EUR,21/01/2025 09:26
CRN-200217,CRN,PL-002242,28/02/2025,10094.2,EUR,01/03/2025 13:43
INV-102243,INV,PL-002243,24/01/2025,17121.6,CHF,24/01/2025 15:24
INV-102244,INV,PL-002244,03/02/2025,31012.8,USD,03/02/2025 09:09
INV-102245,INV,PL-002245,17/12/2024,22116.0,SGD,19/12/2024 19:29
CRN-200218,CRN,PL-002245,19/03/2025,5529.0,SGD,20/03/2025 07:40
INV-102246,INV,PL-002246,27/12/2024,17989.6,EUR,29/12/2024 19:33
INV-102247,INV,PL-002247,08/01/2025,14149.6,GBP,08/01/2025 16:29
INV-102248,INV,PL-002248,23/01/2025,19715.2,EUR,24/01/2025 19:20
INV-102249,INV,PL-002249,05/01/2025,12794.6,GBP,06/01/2025 13:25
INV-102250,INV,PL-002250,18/12/2024,17828.7,EUR,20/12/2024 10:37
INV-102251,INV,PL-002251,27/12/2024,9391.2,EUR,27/12/2024 20:43
INV-102252,INV,PL-002252,22/12/2024,19419.4,CHF,23/12/2024 08:11
INV-102253,INV,PL-002253,20/12/2024,8399.7,GBP,22/12/2024 20:58
CRN-200219,CRN,PL-002253,14/02/2025,4199.85,GBP,15/02/2025 08:46
INV-102254,INV,PL-002254,02/01/2025,13622.0,GBP,02/01/2025 08:49
INV-102255,INV,PL-002255,27/01/2025,22347.0,EUR,28/01/2025 12:03
INV-102256,INV,PL-002256,20/12/2024,15542.8,GBP,21/12/2024 11:42
INV-102257,INV,PL-002257,04/02/2025,17449.6,EUR,04/02/2025 16:20
INV-102258,INV,PL-002258,21/12/2024,25296.8,USD,21/12/2024 14:17
INV-102259,INV,PL-002259,20/12/2024,21228.0,EUR,22/12/2024 14:56
INV-102260,INV,PL-002260,15/02/2025,127792.5,HKD,17/02/2025 17:12
INV-102261,INV,PL-002261,05/01/2025,12019.0,EUR,06/01/2025 12:01
INV-102262,INV,PL-002262,24/12/2024,18961.8,GBP,25/12/2024 15:19
INV-102263,INV,PL-002263,09/01/2025,13167.0,GBP,09/01/2025 09:47
INV-102264,INV,PL-002264,11/01/2025,16779.5,EUR,12/01/2025 14:47
INV-102265,INV,PL-002265,02/02/2025,13774.1,EUR,04/02/2025 14:30
INV-102266,INV,PL-002266,26/12/2024,22032.0,CHF,26/12/2024 12:17
INV-102267,INV,PL-002267,24/01/2025,26161.6,EUR,26/01/2025 13:00
INV-102268,INV,PL-002268,29/12/2024,26970.0,CHF,30/12/2024 09:22
INV-102269,INV,PL-002269,19/12/2024,22344.0,EUR,20/12/2024 14:04
INV-102270,INV,PL-002270,16/01/2025,14716.8,GBP,16/01/2025 16:05
INV-102271,INV,PL-002271,01/01/2025,27360.0,SGD,01/01/2025 08:01
INV-102272,INV,PL-002272,04/02/2025,19740.2,GBP,04/02/2025 14:31
INV-102273,INV,PL-002273,21/01/2025,15444.0,GBP,23/01/2025 16:52
INV-102274,INV,PL-002274,24/12/2024,16219.7,CHF,25/12/2024 15:57
INV-102275,INV,PL-002275,10/01/2025,24881.4,USD,12/01/2025 07:29
INV-102276,INV,PL-002276,21/01/2025,15776.0,EUR,21/01/2025 18:51
INV-102277,INV,PL-002277,16/01/2025,107604.0,HKD,17/01/2025 14:58
INV-102278,INV,PL-002278,15/01/2025,13213.2,GBP,16/01/2025 10:02
INV-102279,INV,PL-002279,12/01/2025,18739.2,SGD,14/01/2025 08:56
INV-102280,INV,PL-002280,30/12/2024,34122.0,USD,31/12/2024 09:51
INV-102281,INV,PL-002281,15/01/2025,9636.0,EUR,15/01/2025 13:29
INV-102282,INV,PL-002282,30/12/2024,13098.0,EUR,01/01/2025 11:04
INV-102283,INV,PL-002283,23/01/2025,15273.6,EUR,24/01/2025 12:47
CRN-200220,CRN,PL-002283,05/02/2025,15273.6,EUR,06/02/2025 17:58
INV-102284,INV,PL-002284,27/12/2024,14996.8,EUR,29/12/2024 10:08
INV-102285,INV,PL-002285,23/12/2024,13542.4,GBP,23/12/2024 16:05
INV-102286,INV,PL-002286,13/01/2025,41657.6,MYR,14/01/2025 14:52
INV-102287,INV,PL-002287,06/02/2025,26312.0,CHF,06/02/2025 20:41
INV-102288,INV,PL-002288,26/12/2024,15477.0,EUR,27/12/2024 18:23
INV-102289,INV,PL-002289,03/01/2025,16051.8,GBP,03/01/2025 18:36
INV-102290,INV,PL-002290,23/01/2025,27288.0,CHF,24/01/2025 11:49
INV-102291,INV,PL-002291,04/02/2025,30375.2,MYR,05/02/2025 20:45
INV-102292,INV,PL-002292,30/01/2025,10102.4,EUR,30/01/2025 20:01
INV-102293,INV,PL-002293,03/01/2025,18921.6,EUR,05/01/2025 20:45
INV-102294,INV,PL-002294,14/01/2025,19265.4,EUR,14/01/2025 07:56
INV-102295,INV,PL-002295,31/12/2024,22864.0,USD,31/12/2024 09:13
INV-102296,INV,PL-002296,17/02/2025,18861.6,GBP,19/02/2025 20:08
INV-102297,INV,PL-002297,10/01/2025,20094.0,EUR,12/01/2025 11:27
INV-102298,INV,PL-002298,11/01/2025,31951.0,SGD,13/01/2025 08:27
INV-102299,INV,PL-002299,06/01/2025,26899.6,CHF,08/01/2025 15:50
CRN-200221,CRN,PL-002299,28/01/2025,26899.6,CHF,28/01/2025 18:56
INV-102300,INV,PL-002300,18/01/2025,19131.2,EUR,18/01/2025 11:24
CRN-200222,CRN,PL-002300,07/04/2025,4782.8,EUR,07/04/2025 15:29
INV-102301,INV,PL-002301,03/01/2025,13897.6,EUR,04/01/2025 14:18
INV-102302,INV,PL-002302,05/02/2025,23572.0,USD,05/02/2025 20:53
INV-102303,INV,PL-002303,09/02/2025,13439.0,EUR,11/02/2025 10:11
INV-102304,INV,PL-002304,08/01/2025,18585.2,EUR,09/01/2025 11:17
INV-102305,INV,PL-002305,28/01/2025,25678.7,USD,28/01/2025 14:48
INV-102306,INV,PL-002306,02/02/2025,16932.0,GBP,02/02/2025 14:14
INV-102307,INV,PL-002307,07/02/2025,17886.8,EUR,08/02/2025 16:26
INV-102308,INV,PL-002308,25/01/2025,10143.0,GBP,25/01/2025 13:40
INV-102309,INV,PL-002309,05/01/2025,19886.0,EUR,05/01/2025 14:52
INV-102310,INV,PL-002310,29/01/2025,25289.6,CHF,30/01/2025 08:05
INV-102311,INV,PL-002311,12/02/2025,25900.0,GBP,13/02/2025 18:33
INV-102312,INV,PL-002312,21/01/2025,27903.6,GBP,21/01/2025 12:30
INV-102313,INV,PL-002313,14/01/2025,19355.6,EUR,16/01/2025 11:33
INV-102314,INV,PL-002314,18/02/2025,10636.8,GBP,18/02/2025 10:59
INV-102315,INV,PL-002315,24/02/2025,24601.2,EUR,26/02/2025 16:22
CRN-200223,CRN,PL-002315,12/05/2025,6150.3,EUR,14/05/2025 18:35
INV-102316,INV,PL-002316,20/02/2025,21240.0,USD,21/02/2025 10:29
INV-102317,INV,PL-002317,31/01/2025,17273.2,EUR,31/01/2025 15:30
INV-102318,INV,PL-002318,08/02/2025,11162.7,EUR,09/02/2025 14:01
INV-102319,INV,PL-002319,12/02/2025,12023.8,GBP,13/02/2025 08:34
INV-102320,INV,PL-002320,18/02/2025,19448.8,GBP,20/02/2025 11:40
INV-102321,INV,PL-002321,16/01/2025,18991.2,EUR,16/01/2025 08:29
INV-102322,INV,PL-002322,11/01/2025,153242.4,HKD,13/01/2025 07:57
INV-102323,INV,PL-002323,01/03/2025,16368.0,EUR,02/03/2025 18:57
INV-102324,INV,PL-002324,03/02/2025,23513.8,SGD,04/02/2025 07:23
INV-102325,INV,PL-002325,01/02/2025,28697.4,SGD,02/02/2025 14:35
INV-102326,INV,PL-002326,24/02/2025,16349.6,EUR,26/02/2025 13:34
INV-102327,INV,PL-002327,18/01/2025,23515.8,USD,20/01/2025 17:59
INV-102328,INV,PL-002328,10/02/2025,19158.6,EUR,10/02/2025 11:17
CRN-200224,CRN,PL-002328,23/03/2025,19158.6,EUR,24/03/2025 07:14
INV-102329,INV,PL-002329,20/02/2025,17290.0,EUR,20/02/2025 17:16
INV-102330,INV,PL-002330,24/01/2025,17404.8,GBP,24/01/2025 12:00
INV-102331,INV,PL-002331,30/01/2025,134830.8,HKD,31/01/2025 13:53
INV-102332,INV,PL-002332,12/02/2025,22871.7,USD,12/02/2025 20:50
CRN-200225,CRN,PL-002332,21/03/2025,11435.85,USD,23/03/2025 12:01
INV-102333,INV,PL-002333,26/02/2025,13744.5,GBP,26/02/2025 19:07
INV-102334,INV,PL-002334,16/02/2025,25718.4,EUR,18/02/2025 20:57
INV-102335,INV,PL-002335,22/02/2025,25425.5,EUR,23/02/2025 16:49
INV-102336,INV,PL-002336,09/02/2025,20590.5,EUR,09/02/2025 16:56
INV-102337,INV,PL-002337,03/03/2025,13012.3,GBP,03/03/2025 11:12
INV-102338,INV,PL-002338,01/03/2025,146919.2,HKD,03/03/2025 10:03
CRN-200226,CRN,PL-002338,16/03/2025,146919.2,HKD,18/03/2025 08:12
INV-102339,INV,PL-002339,13/01/2025,25293.8,USD,13/01/2025 07:45
INV-102340,INV,PL-002340,20/02/2025,15048.0,GBP,21/02/2025 16:09
INV-102341,INV,PL-002341,25/02/2025,19142.4,EUR,25/02/2025 15:38
INV-102342,INV,PL-002342,01/02/2025,30821.6,GBP,02/02/2025 17:12
INV-102343,INV,PL-002343,28/02/2025,29280.9,USD,01/03/2025 14:48
CRN-200227,CRN,PL-002343,13/05/2025,7320.23,USD,14/05/2025 15:21
INV-102344,INV,PL-002344,12/01/2025,103429.8,HKD,13/01/2025 09:05
INV-102345,INV,PL-002345,08/03/2025,16208.1,GBP,08/03/2025 13:13
CRN-200228,CRN,PL-002345,06/05/2025,8104.05,GBP,07/05/2025 13:54
INV-102346,INV,PL-002346,08/02/2025,37100.8,MYR,09/02/2025 09:17
INV-102347,INV,PL-002347,24/01/2025,27504.2,USD,24/01/2025 12:45
INV-102348,INV,PL-002348,01/03/2025,114055.5,HKD,03/03/2025 12:36
INV-102349,INV,PL-002349,04/02/2025,28463.7,GBP,06/02/2025 10:58
INV-102350,INV,PL-002350,16/01/2025,149035.6,HKD,18/01/2025 16:11
INV-102351,INV,PL-002351,04/03/2025,14202.0,CHF,06/03/2025 09:48
INV-102352,INV,PL-002352,14/02/2025,103751.2,HKD,15/02/2025 07:30
INV-102353,INV,PL-002353,23/02/2025,17870.2,CHF,23/02/2025 08:17
INV-102354,INV,PL-002354,19/01/2025,27695.5,CHF,19/01/2025 14:26
CRN-200229,CRN,PL-002354,16/03/2025,13847.75,CHF,18/03/2025 19:43
INV-102355,INV,PL-002355,01/02/2025,32430.7,USD,03/02/2025 17:50
INV-102356,INV,PL-002356,10/03/2025,42891.6,MYR,10/03/2025 11:55
INV-102357,INV,PL-002357,28/02/2025,16200.4,GBP,28/02/2025 14:08
INV-102358,INV,PL-002358,27/01/2025,20680.4,GBP,29/01/2025 13:49
INV-102359,INV,PL-002359,26/02/2025,19987.2,USD,27/02/2025 20:05
INV-102360,INV,PL-002360,29/01/2025,21958.2,GBP,30/01/2025 17:12
INV-102361,INV,PL-002361,12/03/2025,12776.4,GBP,12/03/2025 16:50
INV-102362,INV,PL-002362,16/02/2025,15257.0,GBP,16/02/2025 19:34
INV-102363,INV,PL-002363,05/02/2025,29849.6,USD,05/02/2025 20:43
INV-102364,INV,PL-002364,11/03/2025,17922.8,EUR,11/03/2025 10:53
INV-102365,INV,PL-002365,05/03/2025,15910.0,EUR,06/03/2025 08:31
INV-102366,INV,PL-002366,15/02/2025,21313.6,CHF,17/02/2025 17:30
INV-102367,INV,PL-002367,11/03/2025,23186.1,USD,11/03/2025 14:14
INV-102368,INV,PL-002368,10/02/2025,13930.5,EUR,12/02/2025 11:46
INV-102369,INV,PL-002369,16/03/2025,30089.7,CHF,18/03/2025 12:13
INV-102370,INV,PL-002370,05/02/2025,29600.0,USD,07/02/2025 11:22
INV-102371,INV,PL-002371,19/02/2025,11956.7,EUR,20/02/2025 16:09
INV-102372,INV,PL-002372,09/03/2025,16249.4,EUR,11/03/2025 09:30
INV-102373,INV,PL-002373,11/02/2025,10171.2,EUR,12/02/2025 07:37
INV-102374,INV,PL-002374,01/02/2025,41969.8,MYR,03/02/2025 09:35
INV-102375,INV,PL-002375,24/02/2025,26311.0,MYR,24/02/2025 14:38
INV-102376,INV,PL-002376,17/02/2025,29645.0,GBP,19/02/2025 07:10
INV-102377,INV,PL-002377,07/03/2025,20962.0,EUR,07/03/2025 08:55
INV-102378,INV,PL-002378,07/03/2025,24200.0,USD,09/03/2025 17:17
INV-102379,INV,PL-002379,18/02/2025,14538.6,EUR,20/02/2025 07:23
INV-102380,INV,PL-002380,18/02/2025,36332.8,CHF,18/02/2025 13:49
INV-102381,INV,PL-002381,21/03/2025,21246.3,GBP,22/03/2025 10:35
INV-102382,INV,PL-002382,12/02/2025,13788.0,GBP,14/02/2025 14:10
INV-102383,INV,PL-002383,21/03/2025,15859.8,GBP,23/03/2025 07:08
INV-102384,INV,PL-002384,07/03/2025,19783.5,GBP,08/03/2025 07:13
INV-102385,INV,PL-002385,06/03/2025,13479.2,GBP,06/03/2025 11:05
INV-102386,INV,PL-002386,01/03/2025,23892.8,EUR,01/03/2025 08:15
INV-102387,INV,PL-002387,01/02/2025,16594.5,EUR,01/02/2025 11:41
INV-102388,INV,PL-002388,07/02/2025,26165.5,EUR,08/02/2025 11:05
INV-102389,INV,PL-002389,17/02/2025,19182.8,GBP,19/02/2025 12:34
INV-102390,INV,PL-002390,22/03/2025,22809.1,GBP,23/03/2025 16:05
INV-102391,INV,PL-002391,07/03/2025,24326.4,SGD,09/03/2025 12:30
INV-102392,INV,PL-002392,12/03/2025,16854.4,EUR,14/03/2025 15:21
INV-102393,INV,PL-002393,12/03/2025,20533.5,EUR,13/03/2025 13:31
INV-102394,INV,PL-002394,06/02/2025,22255.2,USD,08/02/2025 12:50
INV-102395,INV,PL-002395,01/03/2025,15038.0,GBP,02/03/2025 19:47
INV-102396,INV,PL-002396,06/02/2025,29957.4,MYR,06/02/2025 19:20
INV-102397,INV,PL-002397,27/02/2025,20406.0,EUR,27/02/2025 16:22
INV-102398,INV,PL-002398,22/02/2025,9290.4,EUR,22/02/2025 20:45
INV-102399,INV,PL-002399,29/03/2025,25119.9,USD,31/03/2025 20:13
INV-102400,INV,PL-002400,22/02/2025,23463.2,EUR,22/02/2025 12:24
INV-102401,INV,PL-002401,17/03/2025,22725.9,CHF,17/03/2025 15:40
INV-102402,INV,PL-002402,25/02/2025,120735.4,HKD,26/02/2025 12:28
CRN-200230,CRN,PL-002402,15/03/2025,120735.4,HKD,17/03/2025 14:47
INV-102403,INV,PL-002403,02/03/2025,168080.4,HKD,02/03/2025 12:08
INV-102404,INV,PL-002404,20/03/2025,19885.0,EUR,22/03/2025 11:47
INV-102405,INV,PL-002405,25/03/2025,15799.4,CHF,26/03/2025 12:06
INV-102406,INV,PL-002406,21/02/2025,31128.3,EUR,22/02/2025 07:44
INV-102407,INV,PL-002407,13/02/2025,13008.8,GBP,14/02/2025 13:38
INV-102408,INV,PL-002408,21/03/2025,17281.5,EUR,21/03/2025 14:38
INV-102409,INV,PL-002409,05/02/2025,28132.4,CHF,07/02/2025 08:43
INV-102410,INV,PL-002410,11/03/2025,17544.8,GBP,11/03/2025 11:31
INV-102411,INV,PL-002411,14/03/2025,18084.0,SGD,15/03/2025 12:01
INV-102412,INV,PL-002412,23/03/2025,25627.7,EUR,24/03/2025 20:25
INV-102413,INV,PL-002413,31/03/2025,29670.9,USD,01/04/2025 20:14
INV-102414,INV,PL-002414,12/02/2025,17655.0,CHF,14/02/2025 08:31
INV-102415,INV,PL-002415,06/03/2025,20298.6,EUR,06/03/2025 19:19
INV-102416,INV,PL-002416,31/03/2025,18716.5,GBP,02/04/2025 18:48
INV-102417,INV,PL-002417,07/03/2025,21228.8,EUR,07/03/2025 12:36
INV-102418,INV,PL-002418,20/02/2025,28034.8,EUR,22/02/2025 16:50
CRN-200231,CRN,PL-002418,12/05/2025,7008.7,EUR,13/05/2025 18:29
INV-102419,INV,PL-002419,14/02/2025,17831.4,EUR,14/02/2025 16:45
INV-102420,INV,PL-002420,03/03/2025,28704.0,SGD,03/03/2025 14:40
INV-102421,INV,PL-002421,17/02/2025,20706.4,CHF,17/02/2025 07:12
INV-102422,INV,PL-002422,16/02/2025,28604.4,EUR,16/02/2025 13:21
INV-102423,INV,PL-002423,13/03/2025,20496.0,GBP,15/03/2025 19:31
INV-102424,INV,PL-002424,14/02/2025,18090.8,EUR,15/02/2025 20:45
INV-102425,INV,PL-002425,17/03/2025,23966.0,EUR,19/03/2025 19:29
INV-102426,INV,PL-002426,02/03/2025,28329.0,USD,04/03/2025 13:14
INV-102427,INV,PL-002427,09/04/2025,47736.0,USD,11/04/2025 12:18
INV-102428,INV,PL-002428,23/02/2025,29085.0,EUR,25/02/2025 08:58
CRN-200232,CRN,PL-002428,28/04/2025,14542.5,EUR,29/04/2025 19:35
INV-102429,INV,PL-002429,12/03/2025,17673.0,EUR,14/03/2025 10:17
INV-102430,INV,PL-002430,02/03/2025,22893.3,CHF,02/03/2025 20:00
INV-102431,INV,PL-002431,20/02/2025,12127.5,EUR,22/02/2025 07:33
INV-102432,INV,PL-002432,26/03/2025,17280.0,GBP,28/03/2025 08:54
INV-102433,INV,PL-002433,20/03/2025,37976.4,MYR,22/03/2025 13:57
INV-102434,INV,PL-002434,21/03/2025,16137.6,EUR,23/03/2025 20:49
INV-102435,INV,PL-002435,20/03/2025,169160.2,HKD,22/03/2025 17:05
INV-102436,INV,PL-002436,11/03/2025,13487.2,USD,13/03/2025 13:23
INV-102437,INV,PL-002437,24/03/2025,19826.0,EUR,25/03/2025 14:03
INV-102438,INV,PL-002438,26/03/2025,24045.0,USD,26/03/2025 08:02
INV-102439,INV,PL-002439,03/04/2025,17448.2,EUR,05/04/2025 15:16
INV-102440,INV,PL-002440,24/02/2025,19909.2,GBP,26/02/2025 09:01
CRN-200233,CRN,PL-002440,28/03/2025,19909.2,GBP,29/03/2025 09:06
INV-102441,INV,PL-002441,28/03/2025,33292.8,USD,30/03/2025 10:10
INV-102442,INV,PL-002442,09/03/2025,16416.0,EUR,09/03/2025 13:37
INV-102443,INV,PL-002443,26/03/2025,14626.0,EUR,28/03/2025 20:25
INV-102444,INV,PL-002444,23/02/2025,23246.0,USD,24/02/2025 14:08
CRN-200234,CRN,PL-002444,10/03/2025,23246.0,USD,10/03/2025 13:51
INV-102445,INV,PL-002445,13/03/2025,14862.1,GBP,15/03/2025 15:19
INV-102446,INV,PL-002446,07/03/2025,22897.5,EUR,09/03/2025 17:11
INV-102447,INV,PL-002447,06/03/2025,25611.1,USD,07/03/2025 13:18
INV-102448,INV,PL-002448,02/03/2025,16441.0,USD,03/03/2025 08:01
INV-102449,INV,PL-002449,30/03/2025,17413.5,EUR,31/03/2025 11:37
INV-102450,INV,PL-002450,06/03/2025,17407.8,GBP,06/03/2025 07:57
INV-102451,INV,PL-002451,12/04/2025,23411.0,CHF,13/04/2025 09:22
INV-102452,INV,PL-002452,26/02/2025,24309.8,SGD,26/02/2025 11:52
INV-102453,INV,PL-002453,04/03/2025,22251.5,GBP,05/03/2025 13:31
INV-102454,INV,PL-002454,07/04/2025,27162.5,GBP,08/04/2025 12:09
INV-102455,INV,PL-002455,25/02/2025,14263.5,GBP,25/02/2025 20:43
INV-102456,INV,PL-002456,08/03/2025,11326.3,GBP,09/03/2025 18:42
INV-102457,INV,PL-002457,19/03/2025,15279.0,EUR,20/03/2025 09:04
INV-102458,INV,PL-002458,12/03/2025,29131.2,USD,14/03/2025 11:33
INV-102459,INV,PL-002459,04/03/2025,18511.2,GBP,06/03/2025 12:32
INV-102460,INV,PL-002460,22/03/2025,22090.6,GBP,22/03/2025 09:34
INV-102461,INV,PL-002461,24/03/2025,11850.3,EUR,26/03/2025 09:31
INV-102462,INV,PL-002462,02/03/2025,33577.5,USD,04/03/2025 16:54
INV-102463,INV,PL-002463,02/03/2025,18670.2,USD,03/03/2025 14:58
INV-102464,INV,PL-002464,19/04/2025,19422.0,GBP,20/04/2025 13:54
INV-102465,INV,PL-002465,25/04/2025,32175.0,USD,26/04/2025 11:30
INV-102466,INV,PL-002466,04/03/2025,22506.0,CHF,04/03/2025 20:24
INV-102467,INV,PL-002467,22/03/2025,19961.5,EUR,22/03/2025 17:08
INV-102468,INV,PL-002468,12/03/2025,21088.1,EUR,14/03/2025 07:16
INV-102469,INV,PL-002469,09/04/2025,22425.0,GBP,11/04/2025 10:05
INV-102470,INV,PL-002470,15/04/2025,23470.2,GBP,15/04/2025 13:56
INV-102471,INV,PL-002471,03/04/2025,11780.0,GBP,05/04/2025 09:50
INV-102472,INV,PL-002472,01/05/2025,23959.0,SGD,02/05/2025 10:01
INV-102473,INV,PL-002473,15/03/2025,16506.6,GBP,15/03/2025 19:53
INV-102474,INV,PL-002474,05/03/2025,13857.0,EUR,07/03/2025 11:28
INV-102475,INV,PL-002475,11/04/2025,17659.5,GBP,13/04/2025 16:44
INV-102476,INV,PL-002476,06/04/2025,21847.3,SGD,07/04/2025 18:56
INV-102477,INV,PL-002477,26/04/2025,8938.0,EUR,26/04/2025 10:00
INV-102478,INV,PL-002478,22/03/2025,38045.7,MYR,24/03/2025 16:03
INV-102479,INV,PL-002479,15/03/2025,29834.2,MYR,17/03/2025 09:40
INV-102480,INV,PL-002480,11/03/2025,13794.2,USD,13/03/2025 08:05
INV-102481,INV,PL-002481,22/03/2025,17222.1,EUR,22/03/2025 17:35
CRN-200235,CRN,PL-002481,25/05/2025,8611.05,EUR,26/05/2025 11:04
INV-102482,INV,PL-002482,30/03/2025,30456.0,USD,31/03/2025 07:42
INV-102483,INV,PL-002483,02/05/2025,20020.2,CHF,03/05/2025 09:28
INV-102484,INV,PL-002484,19/03/2025,38350.8,USD,19/03/2025 07:33
INV-102485,INV,PL-002485,22/03/2025,13031.0,GBP,24/03/2025 11:11
CRN-200236,CRN,PL-002485,18/06/2025,3257.75,GBP,20/06/2025 07:46
INV-102486,INV,PL-002486,03/04/2025,14391.6,GBP,04/04/2025 19:40
INV-102487,INV,PL-002487,17/03/2025,18124.9,EUR,17/03/2025 19:24
INV-102488,INV,PL-002488,24/04/2025,26239.2,MYR,24/04/2025 15:15
INV-102489,INV,PL-002489,05/04/2025,114639.6,HKD,05/04/2025 10:15
INV-102490,INV,PL-002490,12/04/2025,29724.5,GBP,12/04/2025 14:25
INV-102491,INV,PL-002491,07/05/2025,18990.6,EUR,09/05/2025 15:17
INV-102492,INV,PL-002492,07/04/2025,26958.8,EUR,07/04/2025 16:01
INV-102493,INV,PL-002493,17/03/2025,12413.1,EUR,18/03/2025 08:17
INV-102494,INV,PL-002494,14/04/2025,118276.2,HKD,16/04/2025 18:17
INV-102495,INV,PL-002495,05/04/2025,29029.0,SGD,06/04/2025 10:36
INV-102496,INV,PL-002496,28/03/2025,16740.0,GBP,29/03/2025 10:38
INV-102497,INV,PL-002497,15/04/2025,13838.4,EUR,16/04/2025 20:13
INV-102498,INV,PL-002498,25/03/2025,8734.8,GBP,25/03/2025 14:52
CRN-200237,CRN,PL-002498,18/06/2025,2183.7,GBP,18/06/2025 20:09
INV-102499,INV,PL-002499,20/04/2025,21897.7,USD,20/04/2025 17:48
INV-102500,INV,PL-002500,06/04/2025,16903.4,GBP,06/04/2025 11:41
CRN-200238,CRN,PL-002500,21/05/2025,8451.7,GBP,21/05/2025 20:59
INV-102501,INV,PL-002501,27/03/2025,19876.4,SGD,27/03/2025 08:10
INV-102502,INV,PL-002502,23/04/2025,31910.3,SGD,25/04/2025 11:34
INV-102503,INV,PL-002503,28/04/2025,13446.0,GBP,30/04/2025 14:16
INV-102504,INV,PL-002504,19/03/2025,29090.4,CHF,20/03/2025 14:32
INV-102505,INV,PL-002505,28/03/2025,16240.0,EUR,28/03/2025 14:52
INV-102506,INV,PL-002506,04/05/2025,36806.1,USD,04/05/2025 19:26
INV-102507,INV,PL-002507,29/04/2025,15786.0,GBP,01/05/2025 09:55
CRN-200239,CRN,PL-002507,18/05/2025,15786.0,GBP,18/05/2025 12:18
INV-102508,INV,PL-002508,11/04/2025,40118.7,USD,12/04/2025 19:26
INV-102509,INV,PL-002509,27/04/2025,32922.9,USD,28/04/2025 13:33
INV-102510,INV,PL-002510,05/04/2025,38412.6,USD,06/04/2025 14:02
INV-102511,INV,PL-002511,16/03/2025,16450.0,GBP,17/03/2025 13:01
INV-102512,INV,PL-002512,26/04/2025,23755.2,SGD,26/04/2025 18:42
INV-102513,INV,PL-002513,25/04/2025,14484.0,USD,27/04/2025 20:52
INV-102514,INV,PL-002514,28/03/2025,13563.0,GBP,28/03/2025 15:14
INV-102515,INV,PL-002515,30/03/2025,13550.3,EUR,31/03/2025 17:43
INV-102516,INV,PL-002516,09/05/2025,17748.0,EUR,11/05/2025 18:55
INV-102517,INV,PL-002517,30/04/2025,8283.6,GBP,30/04/2025 20:01
INV-102518,INV,PL-002518,06/05/2025,28586.8,CHF,08/05/2025 11:08
INV-102519,INV,PL-002519,04/05/2025,139622.8,HKD,04/05/2025 08:21
INV-102520,INV,PL-002520,28/04/2025,15936.0,GBP,28/04/2025 11:52
INV-102521,INV,PL-002521,21/04/2025,24323.2,SGD,23/04/2025 10:14
CRN-200240,CRN,PL-002521,07/06/2025,12161.6,SGD,08/06/2025 15:12
INV-102522,INV,PL-002522,21/04/2025,22008.7,SGD,22/04/2025 12:08
CRN-200241,CRN,PL-002522,07/06/2025,11004.35,SGD,09/06/2025 08:27
INV-102523,INV,PL-002523,28/03/2025,13626.0,GBP,30/03/2025 09:58
INV-102524,INV,PL-002524,08/04/2025,19149.2,EUR,10/04/2025 15:50
INV-102525,INV,PL-002525,29/03/2025,30035.7,CHF,31/03/2025 15:16
INV-102526,INV,PL-002526,07/05/2025,21641.0,MYR,09/05/2025 18:39
INV-102527,INV,PL-002527,26/04/2025,18414.0,GBP,28/04/2025 19:31
INV-102528,INV,PL-002528,28/04/2025,24444.9,MYR,30/04/2025 18:22
CRN-200242,CRN,PL-002528,04/07/2025,6111.23,MYR,06/07/2025 08:32
INV-102529,INV,PL-002529,07/04/2025,24437.2,CHF,08/04/2025 17:22
INV-102530,INV,PL-002530,31/03/2025,15065.6,GBP,01/04/2025 09:02
INV-102531,INV,PL-002531,14/05/2025,112439.6,HKD,14/05/2025 11:36
CRN-200243,CRN,PL-002531,25/05/2025,112439.6,HKD,26/05/2025 16:53
INV-102532,INV,PL-002532,17/04/2025,24901.8,EUR,17/04/2025 11:10
INV-102533,INV,PL-002533,31/03/2025,11951.5,EUR,31/03/2025 17:35
INV-102534,INV,PL-002534,27/04/2025,18088.0,EUR,29/04/2025 15:13
INV-102535,INV,PL-002535,04/05/2025,19918.4,GBP,06/05/2025 14:30
CRN-200244,CRN,PL-002535,04/07/2025,4979.6,GBP,05/07/2025 08:28
INV-102536,INV,PL-002536,11/05/2025,15754.2,GBP,12/05/2025 18:34
INV-102537,INV,PL-002537,30/03/2025,13491.8,GBP,31/03/2025 20:15
INV-102538,INV,PL-002538,28/04/2025,26625.5,GBP,29/04/2025 09:58
INV-102539,INV,PL-002539,27/03/2025,19235.7,EUR,27/03/2025 11:43
INV-102540,INV,PL-002540,30/03/2025,12791.6,GBP,30/03/2025 19:08
INV-102541,INV,PL-002541,30/04/2025,23350.6,USD,01/05/2025 08:59
INV-102542,INV,PL-002542,26/04/2025,15298.8,USD,28/04/2025 14:24
INV-102543,INV,PL-002543,31/03/2025,14062.4,GBP,01/04/2025 17:23
INV-102544,INV,PL-002544,29/03/2025,18352.0,GBP,31/03/2025 08:32
INV-102545,INV,PL-002545,20/05/2025,24451.8,USD,21/05/2025 07:29
INV-102546,INV,PL-002546,11/05/2025,20417.4,GBP,13/05/2025 19:05
INV-102547,INV,PL-002547,28/03/2025,23749.5,EUR,29/03/2025 11:28
INV-102548,INV,PL-002548,25/04/2025,20052.0,GBP,25/04/2025 12:09
INV-102549,INV,PL-002549,08/05/2025,28992.0,SGD,08/05/2025 12:00
INV-102550,INV,PL-002550,18/04/2025,29133.6,SGD,20/04/2025 08:56
INV-102551,INV,PL-002551,27/04/2025,17338.2,EUR,28/04/2025 12:47
INV-102552,INV,PL-002552,28/04/2025,30282.0,SGD,30/04/2025 14:34
CRN-200245,CRN,PL-002552,10/07/2025,7570.5,SGD,11/07/2025 15:24
INV-102553,INV,PL-002553,05/04/2025,17209.1,GBP,07/04/2025 19:30
INV-102554,INV,PL-002554,11/04/2025,155601.9,HKD,11/04/2025 14:43
INV-102555,INV,PL-002555,27/04/2025,14823.9,USD,27/04/2025 15:42
INV-102556,INV,PL-002556,12/05/2025,14382.4,GBP,14/05/2025 09:35
INV-102557,INV,PL-002557,04/05/2025,18580.1,EUR,06/05/2025 08:19
INV-102558,INV,PL-002558,05/04/2025,20203.2,USD,06/04/2025 09:31
INV-102559,INV,PL-002559,22/04/2025,15666.3,EUR,22/04/2025 08:45
INV-102560,INV,PL-002560,30/04/2025,16270.8,GBP,01/05/2025 10:47
INV-102561,INV,PL-002561,22/05/2025,14229.8,GBP,22/05/2025 17:32
INV-102562,INV,PL-002562,04/04/2025,18741.3,GBP,04/04/2025 20:26
CRN-200246,CRN,PL-002562,21/06/2025,4685.32,GBP,21/06/2025 14:02
INV-102563,INV,PL-002563,25/05/2025,16319.4,EUR,27/05/2025 17:53
INV-102564,INV,PL-002564,18/05/2025,17725.8,EUR,20/05/2025 17:48
INV-102565,INV,PL-002565,07/04/2025,16906.8,GBP,08/04/2025 13:04
INV-102566,INV,PL-002566,17/05/2025,19355.6,USD,19/05/2025 18:35
INV-102567,INV,PL-002567,05/05/2025,26680.5,USD,07/05/2025 12:26
INV-102568,INV,PL-002568,06/05/2025,39363.5,MYR,06/05/2025 12:58
INV-102569,INV,PL-002569,26/05/2025,24600.8,CHF,26/05/2025 15:51
INV-102570,INV,PL-002570,02/04/2025,18563.3,USD,03/04/2025 11:57
INV-102571,INV,PL-002571,25/04/2025,19634.8,GBP,26/04/2025 20:37
INV-102572,INV,PL-002572,23/04/2025,18081.0,GBP,25/04/2025 09:21
INV-102573,INV,PL-002573,26/05/2025,103431.6,HKD,26/05/2025 18:13
INV-102574,INV,PL-002574,10/05/2025,13997.8,EUR,10/05/2025 09:32
INV-102575,INV,PL-002575,02/05/2025,16792.6,GBP,02/05/2025 12:31
CRN-200247,CRN,PL-002575,29/07/2025,4198.15,GBP,29/07/2025 14:50
INV-102576,INV,PL-002576,21/04/2025,20912.4,EUR,21/04/2025 13:56
INV-102577,INV,PL-002577,29/05/2025,15436.0,GBP,31/05/2025 12:49
INV-102578,INV,PL-002578,06/05/2025,19740.0,EUR,07/05/2025 14:49
CRN-200248,CRN,PL-002578,06/06/2025,19740.0,EUR,07/06/2025 12:47
INV-102579,INV,PL-002579,03/06/2025,16830.0,EUR,05/06/2025 17:49
INV-102580,INV,PL-002580,07/04/2025,42221.2,USD,08/04/2025 12:43
INV-102581,INV,PL-002581,28/05/2025,16182.0,EUR,29/05/2025 18:06
INV-102582,INV,PL-002582,16/05/2025,10300.5,GBP,18/05/2025 18:15
INV-102583,INV,PL-002583,25/04/2025,16139.5,EUR,26/04/2025 19:44
INV-102584,INV,PL-002584,25/04/2025,12942.6,USD,27/04/2025 12:53
CRN-200249,CRN,PL-002584,23/06/2025,6471.3,USD,25/06/2025 20:35
INV-102585,INV,PL-002585,13/05/2025,19123.5,EUR,13/05/2025 08:37
INV-102586,INV,PL-002586,31/05/2025,20073.2,GBP,01/06/2025 16:04
INV-102587,INV,PL-002587,14/05/2025,19395.9,GBP,14/05/2025 18:47
INV-102588,INV,PL-002588,14/05/2025,34010.0,MYR,14/05/2025 20:44
INV-102589,INV,PL-002589,11/04/2025,22093.5,GBP,11/04/2025 09:52
INV-102590,INV,PL-002590,04/06/2025,17843.7,EUR,04/06/2025 08:58
CRN-200250,CRN,PL-002590,12/07/2025,17843.7,EUR,14/07/2025 07:49
INV-102591,INV,PL-002591,18/05/2025,142786.0,HKD,19/05/2025 11:43
INV-102592,INV,PL-002592,27/04/2025,118231.3,HKD,28/04/2025 19:55
INV-102593,INV,PL-002593,13/04/2025,15157.5,GBP,13/04/2025 12:02
INV-102594,INV,PL-002594,05/05/2025,20191.2,USD,07/05/2025 10:04
INV-102595,INV,PL-002595,20/04/2025,13752.9,EUR,21/04/2025 14:13
INV-102596,INV,PL-002596,14/04/2025,30825.1,CHF,14/04/2025 18:39
INV-102597,INV,PL-002597,04/05/2025,19019.0,GBP,06/05/2025 18:06
INV-102598,INV,PL-002598,17/04/2025,26116.4,GBP,19/04/2025 15:53
INV-102599,INV,PL-002599,30/04/2025,10137.6,GBP,30/04/2025 20:32
INV-102600,INV,PL-002600,11/04/2025,33245.4,CHF,11/04/2025 11:26
INV-102601,INV,PL-002601,22/04/2025,13048.2,GBP,24/04/2025 20:42
INV-102602,INV,PL-002602,23/04/2025,20880.0,GBP,25/04/2025 13:10
INV-102603,INV,PL-002603,15/04/2025,16704.0,CHF,15/04/2025 10:31
INV-102604,INV,PL-002604,21/04/2025,18208.5,EUR,21/04/2025 20:47
INV-102605,INV,PL-002605,27/04/2025,17507.6,EUR,28/04/2025 19:43
INV-102606,INV,PL-002606,19/05/2025,13014.4,GBP,19/05/2025 16:34
INV-102607,INV,PL-002607,19/05/2025,21152.6,EUR,21/05/2025 07:07
INV-102608,INV,PL-002608,30/05/2025,20743.2,EUR,31/05/2025 20:24
INV-102609,INV,PL-002609,14/05/2025,17629.3,GBP,16/05/2025 08:58
INV-102610,INV,PL-002610,14/05/2025,13280.4,GBP,14/05/2025 13:52
INV-102611,INV,PL-002611,17/04/2025,7598.8,GBP,17/04/2025 17:24
INV-102612,INV,PL-002612,11/05/2025,20913.2,CHF,13/05/2025 15:47
INV-102613,INV,PL-002613,23/05/2025,16133.5,GBP,25/05/2025 07:05
INV-102614,INV,PL-002614,02/05/2025,19144.4,EUR,03/05/2025 19:55
INV-102615,INV,PL-002615,26/04/2025,17024.0,EUR,26/04/2025 14:53
INV-102616,INV,PL-002616,07/06/2025,13089.6,GBP,08/06/2025 10:22
INV-102617,INV,PL-002617,29/05/2025,11818.8,GBP,30/05/2025 11:26
INV-102618,INV,PL-002618,30/04/2025,21928.6,CHF,02/05/2025 13:49
INV-102619,INV,PL-002619,15/04/2025,28868.7,CHF,16/04/2025 18:06
INV-102620,INV,PL-002620,14/05/2025,20032.8,EUR,14/05/2025 12:05
INV-102621,INV,PL-002621,30/04/2025,20182.5,EUR,02/05/2025 17:31
INV-102622,INV,PL-002622,22/04/2025,27155.1,CHF,22/04/2025 12:05
INV-102623,INV,PL-002623,18/04/2025,16508.6,USD,18/04/2025 18:14
INV-102624,INV,PL-002624,17/05/2025,15581.7,GBP,17/05/2025 10:32
CRN-200251,CRN,PL-002624,04/08/2025,3895.43,GBP,06/08/2025 08:16
INV-102625,INV,PL-002625,15/04/2025,25888.5,USD,17/04/2025 18:52
INV-102626,INV,PL-002626,04/06/2025,14570.6,EUR,04/06/2025 13:28
INV-102627,INV,PL-002627,01/06/2025,18234.0,EUR,01/06/2025 15:43
INV-102628,INV,PL-002628,30/04/2025,11040.0,EUR,01/05/2025 08:27
INV-102629,INV,PL-002629,23/05/2025,49772.4,MYR,24/05/2025 13:57
INV-102630,INV,PL-002630,29/05/2025,18462.0,EUR,30/05/2025 18:23
INV-102631,INV,PL-002631,10/06/2025,52849.6,MYR,10/06/2025 15:25
INV-102632,INV,PL-002632,01/06/2025,108747.8,HKD,02/06/2025 19:23
INV-102633,INV,PL-002633,28/05/2025,11612.8,EUR,30/05/2025 20:56
INV-102634,INV,PL-002634,05/06/2025,16014.6,EUR,06/06/2025 15:26
INV-102635,INV,PL-002635,19/05/2025,14553.0,GBP,20/05/2025 10:06
INV-102636,INV,PL-002636,05/06/2025,18326.0,CHF,05/06/2025 10:09
INV-102637,INV,PL-002637,27/04/2025,26256.0,EUR,28/04/2025 13:41
INV-102638,INV,PL-002638,11/05/2025,21456.0,GBP,11/05/2025 20:36
INV-102639,INV,PL-002639,08/06/2025,12853.9,GBP,08/06/2025 20:57
INV-102640,INV,PL-002640,11/06/2025,23979.5,MYR,12/06/2025 15:35
INV-102641,INV,PL-002641,19/05/2025,14414.4,EUR,19/05/2025 18:51
INV-102642,INV,PL-002642,29/04/2025,14624.8,EUR,01/05/2025 19:42
INV-102643,INV,PL-002643,13/06/2025,16177.8,EUR,15/06/2025 10:35
INV-102644,INV,PL-002644,20/04/2025,18381.6,EUR,21/04/2025 12:00
INV-102645,INV,PL-002645,05/05/2025,20424.1,GBP,05/05/2025 15:42
INV-102646,INV,PL-002646,02/06/2025,22625.0,MYR,02/06/2025 07:09
INV-102647,INV,PL-002647,14/06/2025,20724.5,GBP,15/06/2025 10:46
INV-102648,INV,PL-002648,22/05/2025,18237.6,SGD,24/05/2025 09:32
INV-102649,INV,PL-002649,10/05/2025,23939.7,USD,10/05/2025 07:25
INV-102650,INV,PL-002650,17/05/2025,11498.8,EUR,17/05/2025 16:48
INV-102651,INV,PL-002651,04/06/2025,12740.0,GBP,06/06/2025 10:17
INV-102652,INV,PL-002652,02/05/2025,106296.8,HKD,04/05/2025 20:08
INV-102653,INV,PL-002653,25/04/2025,10496.0,GBP,25/04/2025 16:22
INV-102654,INV,PL-002654,28/05/2025,25389.0,GBP,30/05/2025 17:43
INV-102655,INV,PL-002655,09/06/2025,17123.6,GBP,09/06/2025 09:24
INV-102656,INV,PL-002656,04/06/2025,11658.0,GBP,04/06/2025 08:16
INV-102657,INV,PL-002657,26/05/2025,17173.7,CHF,26/05/2025 17:53
INV-102658,INV,PL-002658,02/06/2025,15322.4,EUR,02/06/2025 20:02
INV-102659,INV,PL-002659,28/05/2025,19035.0,EUR,30/05/2025 17:10
INV-102660,INV,PL-002660,02/05/2025,25632.2,CHF,02/05/2025 19:41
INV-102661,INV,PL-002661,18/05/2025,19399.8,GBP,20/05/2025 11:28
INV-102662,INV,PL-002662,21/05/2025,12898.4,GBP,21/05/2025 11:10
INV-102663,INV,PL-002663,08/05/2025,16390.8,EUR,08/05/2025 18:33
INV-102664,INV,PL-002664,07/06/2025,17255.0,CHF,08/06/2025 09:33
INV-102665,INV,PL-002665,07/05/2025,13416.0,GBP,09/05/2025 12:13
INV-102666,INV,PL-002666,11/05/2025,24379.8,GBP,13/05/2025 14:18
INV-102667,INV,PL-002667,24/06/2025,19192.2,GBP,26/06/2025 14:44
INV-102668,INV,PL-002668,08/05/2025,18249.0,EUR,09/05/2025 19:58
INV-102669,INV,PL-002669,15/05/2025,17833.0,EUR,16/05/2025 19:31
CRN-200252,CRN,PL-002669,17/06/2025,17833.0,EUR,19/06/2025 15:38
INV-102670,INV,PL-002670,11/06/2025,13515.0,GBP,13/06/2025 09:02
INV-102671,INV,PL-002671,22/05/2025,11978.4,GBP,22/05/2025 17:58
CRN-200253,CRN,PL-002671,22/07/2025,5989.2,GBP,22/07/2025 20:34
INV-102672,INV,PL-002672,20/05/2025,19722.3,EUR,21/05/2025 19:22
INV-102673,INV,PL-002673,02/05/2025,27705.3,CHF,04/05/2025 15:09
INV-102674,INV,PL-002674,09/05/2025,12913.2,GBP,10/05/2025 08:54
INV-102675,INV,PL-002675,18/06/2025,18768.0,GBP,18/06/2025 10:54
INV-102676,INV,PL-002676,08/06/2025,31802.7,GBP,10/06/2025 10:24
INV-102677,INV,PL-002677,23/05/2025,25990.8,USD,24/05/2025 15:47
INV-102678,INV,PL-002678,23/05/2025,21044.1,CHF,24/05/2025 13:40
INV-102679,INV,PL-002679,05/06/2025,22180.0,GBP,07/06/2025 18:03
INV-102680,INV,PL-002680,06/05/2025,44886.6,USD,06/05/2025 19:23
INV-102681,INV,PL-002681,12/06/2025,26001.0,SGD,12/06/2025 12:20
INV-102682,INV,PL-002682,21/06/2025,27664.0,USD,22/06/2025 07:52
CRN-200254,CRN,PL-002682,06/07/2025,27664.0,USD,08/07/2025 12:03
INV-102683,INV,PL-002683,21/05/2025,23423.4,EUR,21/05/2025 14:55
INV-102684,INV,PL-002684,30/06/2025,14874.0,GBP,30/06/2025 08:41
INV-102685,INV,PL-002685,17/06/2025,20069.4,GBP,17/06/2025 19:54
INV-102686,INV,PL-002686,14/06/2025,37347.0,USD,14/06/2025 08:54
INV-102687,INV,PL-002687,03/06/2025,19968.0,USD,03/06/2025 13:44
INV-102688,INV,PL-002688,16/05/2025,149895.2,HKD,17/05/2025 17:19
INV-102689,INV,PL-002689,22/05/2025,19658.1,GBP,24/05/2025 12:19
CRN-200255,CRN,PL-002689,26/07/2025,9829.05,GBP,27/07/2025 11:04
INV-102690,INV,PL-002690,08/06/2025,11900.6,EUR,10/06/2025 08:50
INV-102691,INV,PL-002691,29/05/2025,18851.2,EUR,29/05/2025 20:11
CRN-200256,CRN,PL-002691,19/08/2025,4712.8,EUR,20/08/2025 18:29
INV-102692,INV,PL-002692,11/06/2025,24887.3,GBP,13/06/2025 15:28
INV-102693,INV,PL-002693,12/05/2025,26853.6,CHF,12/05/2025 10:42
INV-102694,INV,PL-002694,30/05/2025,21071.0,USD,01/06/2025 11:08
INV-102695,INV,PL-002695,12/05/2025,11463.2,GBP,12/05/2025 07:46
INV-102696,INV,PL-002696,17/05/2025,17999.0,GBP,17/05/2025 19:54
INV-102697,INV,PL-002697,04/06/2025,22750.4,EUR,06/06/2025 14:14
INV-102698,INV,PL-002698,16/06/2025,163956.0,HKD,18/06/2025 12:12
INV-102699,INV,PL-002699,17/06/2025,17355.0,EUR,19/06/2025 19:54
INV-102700,INV,PL-002700,23/06/2025,20027.7,EUR,23/06/2025 08:27
CRN-200257,CRN,PL-002700,13/09/2025,5006.93,EUR,14/09/2025 16:48
INV-102701,INV,PL-002701,22/05/2025,17925.6,EUR,24/05/2025 18:41
INV-102702,INV,PL-002702,17/05/2025,22910.4,USD,18/05/2025 14:42
CRN-200258,CRN,PL-002702,31/05/2025,22910.4,USD,31/05/2025 10:26
INV-102703,INV,PL-002703,30/06/2025,17767.1,EUR,30/06/2025 08:53
INV-102704,INV,PL-002704,28/06/2025,21275.1,GBP,30/06/2025 12:43
INV-102705,INV,PL-002705,16/06/2025,20929.2,EUR,17/06/2025 07:34
INV-102706,INV,PL-002706,19/05/2025,12565.2,EUR,21/05/2025 14:11
INV-102707,INV,PL-002707,03/06/2025,15092.0,EUR,04/06/2025 12:01
INV-102708,INV,PL-002708,20/06/2025,20112.0,USD,21/06/2025 13:45
INV-102709,INV,PL-002709,12/06/2025,27380.0,USD,14/06/2025 13:46
INV-102710,INV,PL-002710,08/06/2025,22402.6,EUR,09/06/2025 09:14
INV-102711,INV,PL-002711,14/06/2025,23166.0,GBP,16/06/2025 14:23
INV-102712,INV,PL-002712,03/06/2025,23782.0,GBP,04/06/2025 13:24
INV-102713,INV,PL-002713,25/05/2025,20497.2,CHF,27/05/2025 07:42
CRN-200259,CRN,PL-002713,20/07/2025,5124.3,CHF,20/07/2025 17:06
INV-102714,INV,PL-002714,17/05/2025,15606.0,GBP,19/05/2025 19:15
INV-102715,INV,PL-002715,10/06/2025,14089.5,GBP,12/06/2025 18:00
INV-102716,INV,PL-002716,24/06/2025,15603.0,GBP,25/06/2025 20:58
INV-102717,INV,PL-002717,26/06/2025,21233.0,USD,28/06/2025 18:31
INV-102718,INV,PL-002718,26/06/2025,27442.1,USD,26/06/2025 14:21
INV-102719,INV,PL-002719,25/05/2025,13413.9,GBP,26/05/2025 12:46
CRN-200260,CRN,PL-002719,13/06/2025,13413.9,GBP,15/06/2025 11:49
INV-102720,INV,PL-002720,26/06/2025,27376.2,EUR,28/06/2025 07:15
INV-102721,INV,PL-002721,17/05/2025,13510.0,GBP,18/05/2025 17:05
INV-102722,INV,PL-002722,06/06/2025,20468.7,SGD,06/06/2025 15:56
INV-102723,INV,PL-002723,31/05/2025,26635.0,USD,31/05/2025 11:30
INV-102724,INV,PL-002724,11/05/2025,23495.4,EUR,12/05/2025 20:22
INV-102725,INV,PL-002725,03/07/2025,33100.2,USD,05/07/2025 13:02
INV-102726,INV,PL-002726,28/06/2025,12062.0,GBP,30/06/2025 14:47
INV-102727,INV,PL-002727,16/06/2025,15213.7,GBP,18/06/2025 17:21
INV-102728,INV,PL-002728,21/05/2025,22831.2,GBP,21/05/2025 20:14
INV-102729,INV,PL-002729,14/06/2025,10865.3,EUR,16/06/2025 07:13
INV-102730,INV,PL-002730,26/05/2025,32899.6,EUR,26/05/2025 14:14
INV-102731,INV,PL-002731,16/06/2025,23740.0,EUR,18/06/2025 19:11
INV-102732,INV,PL-002732,27/05/2025,17611.8,EUR,28/05/2025 12:52
INV-102733,INV,PL-002733,15/06/2025,12878.0,EUR,16/06/2025 10:32
INV-102734,INV,PL-002734,10/06/2025,25318.4,CHF,10/06/2025 20:52
INV-102735,INV,PL-002735,18/06/2025,12465.9,GBP,18/06/2025 14:40
INV-102736,INV,PL-002736,01/06/2025,32553.2,USD,02/06/2025 18:06
CRN-200261,CRN,PL-002736,11/07/2025,16276.6,USD,11/07/2025 13:07
INV-102737,INV,PL-002737,14/05/2025,18547.2,EUR,15/05/2025 20:20
INV-102738,INV,PL-002738,02/06/2025,35823.6,USD,04/06/2025 08:29
INV-102739,INV,PL-002739,12/07/2025,17366.4,EUR,12/07/2025 15:42
INV-102740,INV,PL-002740,06/06/2025,16749.8,GBP,06/06/2025 12:39
INV-102741,INV,PL-002741,23/05/2025,20502.0,USD,23/05/2025 13:58
INV-102742,INV,PL-002742,08/06/2025,29265.7,SGD,08/06/2025 18:00
INV-102743,INV,PL-002743,26/06/2025,84214.0,HKD,26/06/2025 17:13
INV-102744,INV,PL-002744,08/07/2025,21685.2,EUR,10/07/2025 15:54
INV-102745,INV,PL-002745,07/06/2025,19822.9,CHF,09/06/2025 13:18
INV-102746,INV,PL-002746,03/07/2025,30823.9,SGD,05/07/2025 11:55
INV-102747,INV,PL-002747,08/07/2025,27725.4,SGD,08/07/2025 07:21
INV-102748,INV,PL-002748,10/06/2025,9882.0,GBP,10/06/2025 07:02
INV-102749,INV,PL-002749,06/07/2025,21255.0,CHF,06/07/2025 10:10
INV-102750,INV,PL-002750,05/06/2025,151041.2,HKD,05/06/2025 20:16
INV-102751,INV,PL-002751,24/05/2025,33455.1,USD,24/05/2025 19:25
INV-102752,INV,PL-002752,05/06/2025,13893.0,GBP,06/06/2025 07:44
INV-102753,INV,PL-002753,08/06/2025,21000.0,EUR,10/06/2025 15:22
INV-102754,INV,PL-002754,16/06/2025,12885.6,EUR,17/06/2025 09:50
INV-102755,INV,PL-002755,22/05/2025,30089.4,USD,23/05/2025 12:00
INV-102756,INV,PL-002756,10/07/2025,16832.8,EUR,11/07/2025 19:26
INV-102757,INV,PL-002757,22/05/2025,18843.3,EUR,24/05/2025 10:57
INV-102758,INV,PL-002758,12/07/2025,18488.4,CHF,13/07/2025 18:55
INV-102759,INV,PL-002759,13/06/2025,11192.5,EUR,14/06/2025 16:50
INV-102760,INV,PL-002760,14/06/2025,9632.0,EUR,15/06/2025 16:36
INV-102761,INV,PL-002761,29/05/2025,18491.2,EUR,30/05/2025 18:21
INV-102762,INV,PL-002762,01/06/2025,21730.0,GBP,02/06/2025 09:02
INV-102763,INV,PL-002763,01/07/2025,19761.6,EUR,01/07/2025 14:03
INV-102764,INV,PL-002764,06/07/2025,16687.2,EUR,06/07/2025 11:06
INV-102765,INV,PL-002765,02/06/2025,17060.5,EUR,04/06/2025 14:48
INV-102766,INV,PL-002766,16/06/2025,16354.0,EUR,17/06/2025 14:04
INV-102767,INV,PL-002767,29/05/2025,17524.4,GBP,30/05/2025 12:03
INV-102768,INV,PL-002768,18/07/2025,22848.6,GBP,19/07/2025 15:18
INV-102769,INV,PL-002769,17/07/2025,26025.3,CHF,17/07/2025 16:10
INV-102770,INV,PL-002770,07/06/2025,23502.1,GBP,09/06/2025 08:30
INV-102771,INV,PL-002771,18/06/2025,9935.5,EUR,18/06/2025 11:45
INV-102772,INV,PL-002772,10/07/2025,17290.0,CHF,10/07/2025 12:02
INV-102773,INV,PL-002773,24/06/2025,14812.0,GBP,25/06/2025 10:37
INV-102774,INV,PL-002774,03/06/2025,18778.5,EUR,03/06/2025 15:27
INV-102775,INV,PL-002775,15/07/2025,20475.4,EUR,16/07/2025 16:03
INV-102776,INV,PL-002776,12/06/2025,29989.4,USD,12/06/2025 16:32
INV-102777,INV,PL-002777,18/07/2025,17455.7,EUR,19/07/2025 10:24
INV-102778,INV,PL-002778,07/07/2025,20532.8,MYR,07/07/2025 20:29
INV-102779,INV,PL-002779,26/05/2025,21698.0,USD,28/05/2025 11:24
INV-102780,INV,PL-002780,21/07/2025,32182.4,SGD,22/07/2025 14:16
INV-102781,INV,PL-002781,21/06/2025,14630.0,GBP,22/06/2025 10:57
INV-102782,INV,PL-002782,07/07/2025,15439.5,GBP,07/07/2025 20:35
INV-102783,INV,PL-002783,16/07/2025,13428.0,EUR,16/07/2025 12:42
INV-102784,INV,PL-002784,13/06/2025,44036.0,MYR,14/06/2025 19:13
INV-102785,INV,PL-002785,01/07/2025,15501.5,GBP,01/07/2025 19:16
INV-102786,INV,PL-002786,08/07/2025,14846.3,GBP,09/07/2025 18:23
INV-102787,INV,PL-002787,17/07/2025,11775.8,EUR,17/07/2025 17:47
INV-102788,INV,PL-002788,12/07/2025,26196.0,SGD,13/07/2025 13:37
INV-102789,INV,PL-002789,28/07/2025,15695.2,GBP,28/07/2025 12:03
INV-102790,INV,PL-002790,08/06/2025,9468.9,GBP,09/06/2025 14:17
INV-102791,INV,PL-002791,16/06/2025,27365.4,SGD,18/06/2025 08:41
INV-102792,INV,PL-002792,15/06/2025,18414.0,GBP,15/06/2025 10:42
INV-102793,INV,PL-002793,30/06/2025,38784.9,USD,01/07/2025 11:20
INV-102794,INV,PL-002794,30/07/2025,25042.0,USD,01/08/2025 17:50
INV-102795,INV,PL-002795,18/06/2025,18374.4,EUR,19/06/2025 19:52
INV-102796,INV,PL-002796,26/06/2025,18374.1,EUR,27/06/2025 09:20
INV-102797,INV,PL-002797,17/06/2025,39158.8,CHF,19/06/2025 08:38
INV-102798,INV,PL-002798,11/07/2025,20419.3,EUR,13/07/2025 20:45
INV-102799,INV,PL-002799,25/07/2025,21659.0,USD,25/07/2025 11:25
INV-102800,INV,PL-002800,08/06/2025,21492.8,SGD,08/06/2025 11:45
INV-102801,INV,PL-002801,21/07/2025,129058.7,HKD,23/07/2025 20:32
INV-102802,INV,PL-002802,30/07/2025,25352.6,EUR,31/07/2025 09:40
INV-102803,INV,PL-002803,27/07/2025,27857.4,MYR,29/07/2025 15:17
CRN-200262,CRN,PL-002803,25/10/2025,6964.35,MYR,27/10/2025 15:02
INV-102804,INV,PL-002804,18/07/2025,34806.8,USD,19/07/2025 08:32
INV-102805,INV,PL-002805,11/06/2025,15086.0,EUR,13/06/2025 18:11
INV-102806,INV,PL-002806,05/07/2025,27941.5,GBP,06/07/2025 14:16
INV-102807,INV,PL-002807,29/06/2025,16192.7,EUR,30/06/2025 09:08
CRN-200263,CRN,PL-002807,23/07/2025,16192.7,EUR,24/07/2025 20:23
INV-102808,INV,PL-002808,14/06/2025,35293.5,CHF,16/06/2025 20:34
CRN-200264,CRN,PL-002808,03/08/2025,17646.75,CHF,04/08/2025 12:54
INV-102809,INV,PL-002809,25/06/2025,19766.4,GBP,26/06/2025 09:24
INV-102810,INV,PL-002810,12/06/2025,24068.5,USD,13/06/2025 10:20
INV-102811,INV,PL-002811,27/07/2025,15093.0,EUR,27/07/2025 13:39
INV-102812,INV,PL-002812,11/06/2025,28403.1,USD,11/06/2025 13:44
INV-102813,INV,PL-002813,02/07/2025,22790.8,EUR,02/07/2025 10:45
INV-102814,INV,PL-002814,24/06/2025,20149.2,GBP,25/06/2025 10:09
CRN-200265,CRN,PL-002814,11/09/2025,5037.3,GBP,13/09/2025 08:32
INV-102815,INV,PL-002815,14/06/2025,22003.2,GBP,16/06/2025 14:45
INV-102816,INV,PL-002816,01/08/2025,24401.7,CHF,03/08/2025 19:46
INV-102817,INV,PL-002817,11/07/2025,11446.0,EUR,13/07/2025 09:24
INV-102818,INV,PL-002818,13/06/2025,23312.0,GBP,13/06/2025 14:48
INV-102819,INV,PL-002819,24/07/2025,22288.0,GBP,26/07/2025 07:14
INV-102820,INV,PL-002820,17/07/2025,20755.4,SGD,19/07/2025 12:02
INV-102821,INV,PL-002821,25/06/2025,10191.9,EUR,27/06/2025 15:33
INV-102822,INV,PL-002822,10/06/2025,28886.4,CHF,11/06/2025 18:55
INV-102823,INV,PL-002823,24/07/2025,13721.7,EUR,26/07/2025 18:02
INV-102824,INV,PL-002824,09/07/2025,31209.4,SGD,10/07/2025 14:02
INV-102825,INV,PL-002825,04/07/2025,29877.2,SGD,06/07/2025 10:35
INV-102826,INV,PL-002826,06/07/2025,13478.4,EUR,08/07/2025 15:16
INV-102827,INV,PL-002827,28/07/2025,10300.0,GBP,28/07/2025 13:24
INV-102828,INV,PL-002828,28/06/2025,13634.5,GBP,29/06/2025 07:24
INV-102829,INV,PL-002829,28/06/2025,23350.8,GBP,29/06/2025 11:33
INV-102830,INV,PL-002830,14/07/2025,17195.0,EUR,15/07/2025 11:14
INV-102831,INV,PL-002831,14/07/2025,19693.6,GBP,15/07/2025 12:08
INV-102832,INV,PL-002832,02/07/2025,11506.8,EUR,02/07/2025 16:49
INV-102833,INV,PL-002833,25/06/2025,11844.0,GBP,26/06/2025 17:31
INV-102834,INV,PL-002834,28/06/2025,27291.6,USD,30/06/2025 10:57
INV-102835,INV,PL-002835,15/07/2025,96113.6,HKD,16/07/2025 10:58
INV-102836,INV,PL-002836,25/06/2025,33808.6,USD,26/06/2025 19:32
CRN-200266,CRN,PL-002836,20/08/2025,16904.3,USD,20/08/2025 19:00
INV-102837,INV,PL-002837,18/07/2025,15140.0,USD,20/07/2025 08:01
INV-102838,INV,PL-002838,08/07/2025,15372.2,GBP,08/07/2025 20:31
INV-102839,INV,PL-002839,01/08/2025,31505.5,MYR,02/08/2025 07:58
CRN-200267,CRN,PL-002839,02/09/2025,31505.5,MYR,03/09/2025 10:01
INV-102840,INV,PL-002840,20/07/2025,14986.8,GBP,22/07/2025 17:46
INV-102841,INV,PL-002841,22/06/2025,14964.8,EUR,22/06/2025 16:11
INV-102842,INV,PL-002842,02/07/2025,18302.4,EUR,03/07/2025 19:17
INV-102843,INV,PL-002843,19/07/2025,22891.4,EUR,19/07/2025 20:50
INV-102844,INV,PL-002844,31/07/2025,32595.9,USD,01/08/2025 10:12
INV-102845,INV,PL-002845,13/07/2025,14524.8,EUR,13/07/2025 11:20
INV-102846,INV,PL-002846,09/08/2025,16134.8,GBP,11/08/2025 17:28
INV-102847,INV,PL-002847,11/07/2025,25916.0,USD,13/07/2025 11:20
INV-102848,INV,PL-002848,03/07/2025,17409.6,EUR,05/07/2025 16:50
INV-102849,INV,PL-002849,19/07/2025,13938.0,EUR,21/07/2025 07:59
INV-102850,INV,PL-002850,16/07/2025,34276.8,MYR,17/07/2025 18:20
INV-102851,INV,PL-002851,06/08/2025,16578.4,GBP,08/08/2025 10:04
INV-102852,INV,PL-002852,26/07/2025,16707.9,EUR,26/07/2025 19:05
INV-102853,INV,PL-002853,08/08/2025,117419.0,HKD,10/08/2025 16:37
CRN-200268,CRN,PL-002853,08/11/2025,29354.75,HKD,09/11/2025 07:59
INV-102854,INV,PL-002854,05/07/2025,22911.9,CHF,06/07/2025 16:20
INV-102855,INV,PL-002855,14/07/2025,173814.0,HKD,16/07/2025 18:50
INV-102856,INV,PL-002856,06/08/2025,21963.3,USD,07/08/2025 11:10
INV-102857,INV,PL-002857,20/07/2025,18203.0,EUR,20/07/2025 19:40
INV-102858,INV,PL-002858,02/08/2025,10301.4,EUR,02/08/2025 15:05
INV-102859,INV,PL-002859,10/07/2025,15756.0,EUR,10/07/2025 14:33
INV-102860,INV,PL-002860,17/08/2025,12564.4,GBP,18/08/2025 11:14
INV-102861,INV,PL-002861,06/08/2025,12284.0,GBP,07/08/2025 16:02
INV-102862,INV,PL-002862,03/07/2025,15915.2,EUR,05/07/2025 14:47
INV-102863,INV,PL-002863,13/07/2025,15705.6,GBP,14/07/2025 08:08
INV-102864,INV,PL-002864,29/06/2025,21374.3,USD,01/07/2025 12:26
INV-102865,INV,PL-002865,17/08/2025,12480.0,GBP,17/08/2025 20:25
INV-102866,INV,PL-002866,02/07/2025,16161.6,GBP,03/07/2025 10:09
INV-102867,INV,PL-002867,06/07/2025,25292.9,USD,07/07/2025 13:39
INV-102868,INV,PL-002868,12/07/2025,14649.6,GBP,12/07/2025 13:38
INV-102869,INV,PL-002869,19/07/2025,18244.8,EUR,21/07/2025 16:15
INV-102870,INV,PL-002870,11/08/2025,14079.3,EUR,11/08/2025 15:59
INV-102871,INV,PL-002871,09/08/2025,20940.5,EUR,09/08/2025 09:10
CRN-200269,CRN,PL-002871,30/08/2025,20940.5,EUR,01/09/2025 20:29
INV-102872,INV,PL-002872,11/08/2025,19156.8,EUR,12/08/2025 07:30
INV-102873,INV,PL-002873,18/08/2025,16523.2,GBP,18/08/2025 12:39
INV-102874,INV,PL-002874,25/08/2025,19075.0,EUR,26/08/2025 08:00
INV-102875,INV,PL-002875,20/07/2025,12923.2,GBP,21/07/2025 19:00
INV-102876,INV,PL-002876,17/08/2025,10378.5,EUR,18/08/2025 13:04
INV-102877,INV,PL-002877,12/07/2025,15363.6,GBP,14/07/2025 09:14
INV-102878,INV,PL-002878,30/07/2025,32561.9,USD,31/07/2025 09:00
INV-102879,INV,PL-002879,13/08/2025,23873.8,CHF,15/08/2025 19:42
INV-102880,INV,PL-002880,19/07/2025,11737.6,GBP,20/07/2025 08:07
INV-102881,INV,PL-002881,25/07/2025,23728.0,EUR,26/07/2025 20:13
CRN-200270,CRN,PL-002881,03/09/2025,11864.0,EUR,04/09/2025 07:11
INV-102882,INV,PL-002882,07/07/2025,19184.2,EUR,09/07/2025 13:56
INV-102883,INV,PL-002883,14/08/2025,99465.0,HKD,15/08/2025 07:27
INV-102884,INV,PL-002884,25/08/2025,18348.0,EUR,25/08/2025 20:50
INV-102885,INV,PL-002885,18/08/2025,18468.0,GBP,20/08/2025 15:54
INV-102886,INV,PL-002886,19/08/2025,24602.4,USD,21/08/2025 19:39
INV-102887,INV,PL-002887,10/07/2025,29811.6,SGD,12/07/2025 08:56
INV-102888,INV,PL-002888,25/07/2025,16578.4,EUR,27/07/2025 12:37
INV-102889,INV,PL-002889,05/08/2025,17498.6,GBP,07/08/2025 10:39
INV-102890,INV,PL-002890,14/08/2025,17746.3,GBP,16/08/2025 18:13
CRN-200271,CRN,PL-002890,13/09/2025,17746.3,GBP,15/09/2025 10:41
INV-102891,INV,PL-002891,25/08/2025,27417.6,USD,26/08/2025 18:19
INV-102892,INV,PL-002892,03/07/2025,21196.8,EUR,04/07/2025 18:17
INV-102893,INV,PL-002893,30/07/2025,40475.7,MYR,01/08/2025 10:21
INV-102894,INV,PL-002894,30/07/2025,27326.8,USD,30/07/2025 20:54
INV-102895,INV,PL-002895,19/07/2025,12376.0,GBP,21/07/2025 16:35
INV-102896,INV,PL-002896,08/08/2025,19863.9,CHF,08/08/2025 15:48
INV-102897,INV,PL-002897,05/08/2025,21960.8,EUR,06/08/2025 10:44
INV-102898,INV,PL-002898,28/07/2025,22710.6,CHF,28/07/2025 15:10
INV-102899,INV,PL-002899,16/07/2025,23786.4,USD,16/07/2025 16:50
INV-102900,INV,PL-002900,06/08/2025,10989.0,GBP,07/08/2025 08:40
INV-102901,INV,PL-002901,03/08/2025,20941.8,USD,03/08/2025 18:23
INV-102902,INV,PL-002902,17/07/2025,22435.8,GBP,19/07/2025 11:37
INV-102903,INV,PL-002903,19/07/2025,30150.4,CHF,19/07/2025 20:40
INV-102904,INV,PL-002904,17/08/2025,14328.6,GBP,17/08/2025 18:09
INV-102905,INV,PL-002905,12/08/2025,20879.7,GBP,13/08/2025 19:55
INV-102906,INV,PL-002906,22/08/2025,24412.2,GBP,23/08/2025 12:18
INV-102907,INV,PL-002907,05/08/2025,20900.0,GBP,06/08/2025 10:23
INV-102908,INV,PL-002908,21/08/2025,14030.3,CHF,21/08/2025 13:54
INV-102909,INV,PL-002909,04/08/2025,32223.9,GBP,06/08/2025 10:53
INV-102910,INV,PL-002910,24/08/2025,18105.6,EUR,24/08/2025 11:18
INV-102911,INV,PL-002911,30/08/2025,19008.0,CHF,30/08/2025 13:16
INV-102912,INV,PL-002912,17/07/2025,13395.6,EUR,17/07/2025 11:27
INV-102913,INV,PL-002913,12/07/2025,29160.0,CHF,13/07/2025 10:47
INV-102914,INV,PL-002914,02/08/2025,19149.8,CHF,03/08/2025 16:08
INV-102915,INV,PL-002915,04/09/2025,15200.0,EUR,06/09/2025 16:47
INV-102916,INV,PL-002916,18/08/2025,18216.6,GBP,19/08/2025 19:05
INV-102917,INV,PL-002917,08/07/2025,152793.6,HKD,10/07/2025 18:09
INV-102918,INV,PL-002918,17/08/2025,23867.8,GBP,18/08/2025 20:21
INV-102919,INV,PL-002919,15/07/2025,27216.0,SGD,16/07/2025 09:58
INV-102920,INV,PL-002920,18/07/2025,16204.5,GBP,20/07/2025 07:43
INV-102921,INV,PL-002921,27/07/2025,26345.2,CHF,29/07/2025 08:57
CRN-200272,CRN,PL-002921,05/10/2025,13172.6,CHF,07/10/2025 20:54
INV-102922,INV,PL-002922,12/08/2025,23836.8,GBP,12/08/2025 15:45
INV-102923,INV,PL-002923,08/07/2025,21336.7,GBP,09/07/2025 08:09
INV-102924,INV,PL-002924,29/07/2025,14810.4,EUR,31/07/2025 17:47
INV-102925,INV,PL-002925,05/08/2025,29433.5,USD,06/08/2025 11:21
CRN-200273,CRN,PL-002925,28/09/2025,14716.75,USD,28/09/2025 16:31
INV-102926,INV,PL-002926,12/07/2025,21956.4,EUR,13/07/2025 20:05
INV-102927,INV,PL-002927,18/08/2025,17992.0,EUR,19/08/2025 11:49
INV-102928,INV,PL-002928,29/07/2025,17515.2,EUR,30/07/2025 09:22
INV-102929,INV,PL-002929,03/08/2025,20845.5,USD,04/08/2025 08:56
INV-102930,INV,PL-002930,22/07/2025,24142.5,EUR,23/07/2025 19:28
INV-102931,INV,PL-002931,31/07/2025,12626.0,GBP,31/07/2025 10:33
INV-102932,INV,PL-002932,24/07/2025,19399.8,EUR,25/07/2025 10:54
INV-102933,INV,PL-002933,12/09/2025,28862.9,USD,12/09/2025 20:43
INV-102934,INV,PL-002934,18/08/2025,19837.9,EUR,19/08/2025 08:16
INV-102935,INV,PL-002935,14/08/2025,31350.0,CHF,16/08/2025 09:23
INV-102936,INV,PL-002936,12/09/2025,19593.6,GBP,12/09/2025 15:36
INV-102937,INV,PL-002937,19/07/2025,15608.8,GBP,19/07/2025 08:53
INV-102938,INV,PL-002938,16/08/2025,24819.9,GBP,18/08/2025 15:54
INV-102939,INV,PL-002939,26/07/2025,23674.8,USD,26/07/2025 12:38
INV-102940,INV,PL-002940,23/07/2025,13235.4,GBP,24/07/2025 17:42
INV-102941,INV,PL-002941,10/08/2025,15522.0,EUR,12/08/2025 12:35
INV-102942,INV,PL-002942,10/08/2025,15152.8,EUR,11/08/2025 08:09
INV-102943,INV,PL-002943,20/07/2025,32089.6,USD,21/07/2025 19:47
INV-102944,INV,PL-002944,01/09/2025,37844.8,USD,02/09/2025 10:52
CRN-200274,CRN,PL-002944,15/10/2025,18922.4,USD,17/10/2025 15:04
INV-102945,INV,PL-002945,17/07/2025,36278.0,USD,17/07/2025 13:11
CRN-200275,CRN,PL-002945,11/10/2025,9069.5,USD,11/10/2025 11:22
INV-102946,INV,PL-002946,28/07/2025,25050.2,CHF,29/07/2025 18:46
INV-102947,INV,PL-002947,05/09/2025,30570.4,GBP,07/09/2025 07:36
INV-102948,INV,PL-002948,14/08/2025,15364.8,EUR,14/08/2025 18:40
INV-102949,INV,PL-002949,19/07/2025,36928.8,MYR,21/07/2025 20:31
INV-102950,INV,PL-002950,14/09/2025,37506.0,USD,14/09/2025 11:43
CRN-200276,CRN,PL-002950,28/09/2025,37506.0,USD,29/09/2025 08:39
INV-102951,INV,PL-002951,30/08/2025,25756.5,USD,30/08/2025 20:05
INV-102952,INV,PL-002952,21/08/2025,11097.6,GBP,22/08/2025 16:54
INV-102953,INV,PL-002953,19/07/2025,182388.4,HKD,19/07/2025 07:48
INV-102954,INV,PL-002954,14/09/2025,22828.8,EUR,15/09/2025 07:20
INV-102955,INV,PL-002955,12/09/2025,24182.9,MYR,13/09/2025 19:58
CRN-200277,CRN,PL-002955,15/11/2025,6045.73,MYR,16/11/2025 09:42
INV-102956,INV,PL-002956,20/08/2025,23744.0,SGD,21/08/2025 19:56
INV-102957,INV,PL-002957,15/09/2025,18387.4,GBP,17/09/2025 11:11
INV-102958,INV,PL-002958,15/09/2025,10458.0,GBP,15/09/2025 19:33
INV-102959,INV,PL-002959,20/08/2025,12335.4,EUR,20/08/2025 09:42
INV-102960,INV,PL-002960,21/08/2025,16669.2,GBP,21/08/2025 13:59
INV-102961,INV,PL-002961,10/08/2025,18232.5,USD,10/08/2025 10:36
INV-102962,INV,PL-002962,29/08/2025,20421.6,EUR,31/08/2025 09:08
INV-102963,INV,PL-002963,08/09/2025,16482.2,EUR,09/09/2025 07:57
INV-102964,INV,PL-002964,18/09/2025,11841.3,USD,18/09/2025 18:53
CRN-200278,CRN,PL-002964,18/10/2025,5920.65,USD,19/10/2025 18:31
INV-102965,INV,PL-002965,22/07/2025,30552.0,USD,23/07/2025 08:36
INV-102966,INV,PL-002966,21/08/2025,15110.4,EUR,21/08/2025 13:52
INV-102967,INV,PL-002967,25/07/2025,23937.0,EUR,26/07/2025 13:44
INV-102968,INV,PL-002968,17/08/2025,25190.0,SGD,19/08/2025 16:03
INV-102969,INV,PL-002969,23/08/2025,21788.2,GBP,24/08/2025 15:01
INV-102970,INV,PL-002970,28/07/2025,34321.3,USD,28/07/2025 09:05
INV-102971,INV,PL-002971,04/08/2025,26215.2,CHF,04/08/2025 20:47
INV-102972,INV,PL-002972,21/08/2025,135054.4,HKD,23/08/2025 16:39
INV-102973,INV,PL-002973,02/08/2025,18473.0,EUR,03/08/2025 08:48
INV-102974,INV,PL-002974,19/08/2025,21840.0,EUR,19/08/2025 17:49
INV-102975,INV,PL-002975,28/07/2025,19474.0,USD,28/07/2025 11:37
INV-102976,INV,PL-002976,10/08/2025,21551.0,EUR,11/08/2025 08:59
INV-102977,INV,PL-002977,30/07/2025,17640.7,GBP,31/07/2025 11:14
INV-102978,INV,PL-002978,26/08/2025,12073.6,GBP,26/08/2025 10:23
INV-102979,INV,PL-002979,23/09/2025,20659.2,EUR,25/09/2025 16:13
INV-102980,INV,PL-002980,29/08/2025,18043.8,EUR,31/08/2025 10:02
INV-102981,INV,PL-002981,23/09/2025,14328.9,GBP,25/09/2025 10:54
INV-102982,INV,PL-002982,11/08/2025,31541.4,USD,11/08/2025 20:31
INV-102983,INV,PL-002983,01/08/2025,20240.0,GBP,01/08/2025 11:06
INV-102984,INV,PL-002984,18/09/2025,14749.2,EUR,20/09/2025 16:54
INV-102985,INV,PL-002985,22/08/2025,28990.5,EUR,22/08/2025 11:17
INV-102986,INV,PL-002986,12/08/2025,17129.2,EUR,14/08/2025 19:07
CRN-200279,CRN,PL-002986,09/10/2025,8564.6,EUR,09/10/2025 08:24
INV-102987,INV,PL-002987,29/08/2025,17131.2,EUR,31/08/2025 12:21
INV-102988,INV,PL-002988,28/08/2025,125209.8,HKD,28/08/2025 08:22
INV-102989,INV,PL-002989,06/08/2025,16482.2,EUR,06/08/2025 13:29
INV-102990,INV,PL-002990,30/08/2025,29859.2,CHF,31/08/2025 13:13
INV-102991,INV,PL-002991,24/08/2025,16825.8,GBP,26/08/2025 13:22
INV-102992,INV,PL-002992,15/09/2025,28068.7,USD,17/09/2025 10:16
CRN-200280,CRN,PL-002992,12/12/2025,7017.18,USD,13/12/2025 11:35
INV-102993,INV,PL-002993,19/09/2025,26142.9,CHF,20/09/2025 12:33
INV-102994,INV,PL-002994,26/08/2025,13338.0,GBP,26/08/2025 19:26
INV-102995,INV,PL-002995,08/09/2025,21014.1,EUR,08/09/2025 08:22
INV-102996,INV,PL-002996,24/08/2025,13098.0,EUR,24/08/2025 12:06
INV-102997,INV,PL-002997,19/08/2025,24244.0,SGD,21/08/2025 09:15
INV-102998,INV,PL-002998,07/08/2025,20780.8,GBP,09/08/2025 09:59
INV-102999,INV,PL-002999,22/08/2025,95586.4,HKD,24/08/2025 19:41
INV-103000,INV,PL-003000,06/08/2025,16646.4,EUR,06/08/2025 10:31
INV-103001,INV,PL-003001,04/09/2025,43139.2,USD,04/09/2025 15:15
INV-103002,INV,PL-003002,26/08/2025,20505.6,EUR,26/08/2025 10:26
INV-103003,INV,PL-003003,17/09/2025,24421.8,EUR,18/09/2025 16:50
INV-103004,INV,PL-003004,11/09/2025,19467.0,EUR,12/09/2025 10:05
INV-103005,INV,PL-003005,14/09/2025,23772.8,CHF,16/09/2025 16:41
INV-103006,INV,PL-003006,02/09/2025,205737.3,HKD,02/09/2025 20:59
INV-103007,INV,PL-003007,25/09/2025,22363.6,USD,27/09/2025 17:06
INV-103008,INV,PL-003008,01/09/2025,17213.1,CHF,02/09/2025 12:42
INV-103009,INV,PL-003009,16/08/2025,33736.5,USD,17/08/2025 10:58
INV-103010,INV,PL-003010,23/09/2025,39876.3,USD,24/09/2025 20:27
CRN-200281,CRN,PL-003010,18/10/2025,39876.3,USD,18/10/2025 10:10
INV-103011,INV,PL-003011,11/09/2025,174110.0,HKD,12/09/2025 13:21
INV-103012,INV,PL-003012,01/09/2025,22015.0,GBP,01/09/2025 18:15
INV-103013,INV,PL-003013,18/09/2025,18085.6,GBP,18/09/2025 11:00
INV-103014,INV,PL-003014,05/09/2025,26544.0,GBP,05/09/2025 16:40
CRN-200282,CRN,PL-003014,06/10/2025,26544.0,GBP,07/10/2025 20:16
INV-103015,INV,PL-003015,13/08/2025,13831.2,EUR,13/08/2025 14:31
INV-103016,INV,PL-003016,15/08/2025,31838.4,USD,16/08/2025 20:23
INV-103017,INV,PL-003017,05/08/2025,38691.8,SGD,05/08/2025 08:42
INV-103018,INV,PL-003018,20/08/2025,14585.3,EUR,21/08/2025 08:53
INV-103019,INV,PL-003019,09/09/2025,21287.9,EUR,10/09/2025 11:07
CRN-200283,CRN,PL-003019,10/10/2025,21287.9,EUR,11/10/2025 19:07
INV-103020,INV,PL-003020,04/09/2025,17625.0,EUR,04/09/2025 19:24
INV-103021,INV,PL-003021,14/08/2025,18242.7,GBP,14/08/2025 13:57
INV-103022,INV,PL-003022,18/09/2025,18810.0,EUR,20/09/2025 19:47
INV-103023,INV,PL-003023,01/09/2025,23304.2,GBP,01/09/2025 14:45
INV-103024,INV,PL-003024,05/08/2025,18235.2,GBP,05/08/2025 12:26
CRN-200284,CRN,PL-003024,16/09/2025,18235.2,GBP,17/09/2025 08:51
INV-103025,INV,PL-003025,16/09/2025,143412.0,HKD,18/09/2025 11:19
INV-103026,INV,PL-003026,24/08/2025,22387.2,EUR,26/08/2025 20:37
INV-103027,INV,PL-003027,15/09/2025,13087.2,EUR,16/09/2025 08:14
INV-103028,INV,PL-003028,30/08/2025,33027.4,USD,31/08/2025 10:08
INV-103029,INV,PL-003029,08/10/2025,19154.4,CHF,09/10/2025 18:59
INV-103030,INV,PL-003030,07/09/2025,123522.0,HKD,08/09/2025 09:27
INV-103031,INV,PL-003031,22/09/2025,25276.0,CHF,23/09/2025 15:56
INV-103032,INV,PL-003032,01/10/2025,38843.4,SGD,03/10/2025 13:37
INV-103033,INV,PL-003033,02/10/2025,16144.8,GBP,04/10/2025 19:18
INV-103034,INV,PL-003034,05/09/2025,16546.2,EUR,05/09/2025 17:17
INV-103035,INV,PL-003035,22/08/2025,19939.2,EUR,24/08/2025 14:30
INV-103036,INV,PL-003036,05/10/2025,15442.8,GBP,06/10/2025 13:11
INV-103037,INV,PL-003037,05/10/2025,14268.1,GBP,06/10/2025 13:38
INV-103038,INV,PL-003038,24/08/2025,25470.0,GBP,24/08/2025 15:35
INV-103039,INV,PL-003039,01/09/2025,9826.4,GBP,01/09/2025 18:48
INV-103040,INV,PL-003040,15/09/2025,17614.2,EUR,15/09/2025 13:57
INV-103041,INV,PL-003041,25/08/2025,29214.6,MYR,27/08/2025 19:56
CRN-200285,CRN,PL-003041,04/10/2025,29214.6,MYR,05/10/2025 16:30
INV-103042,INV,PL-003042,14/09/2025,18727.2,EUR,14/09/2025 18:53
INV-103043,INV,PL-003043,29/08/2025,14432.4,GBP,31/08/2025 18:24
INV-103044,INV,PL-003044,25/09/2025,22694.4,GBP,27/09/2025 18:37
INV-103045,INV,PL-003045,29/08/2025,42015.2,USD,29/08/2025 16:04
CRN-200286,CRN,PL-003045,24/11/2025,10503.8,USD,25/11/2025 07:51
INV-103046,INV,PL-003046,24/08/2025,17992.2,EUR,24/08/2025 20:58
INV-103047,INV,PL-003047,01/10/2025,20415.2,GBP,01/10/2025 11:06
INV-103048,INV,PL-003048,30/08/2025,20638.8,EUR,30/08/2025 14:47
INV-103049,INV,PL-003049,13/09/2025,20460.0,EUR,14/09/2025 07:00
INV-103050,INV,PL-003050,08/10/2025,18834.0,EUR,10/10/2025 16:25
INV-103051,INV,PL-003051,16/09/2025,16093.0,EUR,17/09/2025 18:30
INV-103052,INV,PL-003052,07/10/2025,28582.4,USD,08/10/2025 19:55
INV-103053,INV,PL-003053,06/09/2025,26856.9,USD,07/09/2025 15:06
INV-103054,INV,PL-003054,24/09/2025,12920.0,GBP,25/09/2025 16:22
INV-103055,INV,PL-003055,24/08/2025,32178.6,MYR,26/08/2025 07:49
INV-103056,INV,PL-003056,23/09/2025,30186.4,GBP,25/09/2025 17:49
INV-103057,INV,PL-003057,31/08/2025,30681.2,CHF,31/08/2025 17:24
INV-103058,INV,PL-003058,31/08/2025,52088.4,MYR,02/09/2025 10:08
INV-103059,INV,PL-003059,27/09/2025,16121.4,GBP,27/09/2025 19:11
INV-103060,INV,PL-003060,22/09/2025,14899.2,EUR,22/09/2025 10:43
INV-103061,INV,PL-003061,06/10/2025,17462.4,EUR,06/10/2025 08:30
INV-103062,INV,PL-003062,21/09/2025,28199.0,USD,22/09/2025 18:20
INV-103063,INV,PL-003063,20/08/2025,11241.2,GBP,22/08/2025 19:43
INV-103064,INV,PL-003064,14/10/2025,19458.0,EUR,14/10/2025 14:16
INV-103065,INV,PL-003065,21/09/2025,116912.4,HKD,22/09/2025 15:01
INV-103066,INV,PL-003066,25/09/2025,23164.7,GBP,27/09/2025 07:41
INV-103067,INV,PL-003067,22/08/2025,23155.2,GBP,22/08/2025 09:14
INV-103068,INV,PL-003068,28/09/2025,12583.6,EUR,29/09/2025 17:59
INV-103069,INV,PL-003069,05/09/2025,171104.7,HKD,05/09/2025 11:18
INV-103070,INV,PL-003070,16/09/2025,15129.0,EUR,16/09/2025 11:56
INV-103071,INV,PL-003071,19/09/2025,25171.2,USD,19/09/2025 12:02
INV-103072,INV,PL-003072,02/09/2025,32946.0,USD,03/09/2025 18:13
INV-103073,INV,PL-003073,11/10/2025,19329.2,USD,11/10/2025 10:29
INV-103074,INV,PL-003074,14/09/2025,15779.4,EUR,15/09/2025 12:08
INV-103075,INV,PL-003075,08/10/2025,22500.8,CHF,09/10/2025 17:30
INV-103076,INV,PL-003076,14/09/2025,22390.8,GBP,16/09/2025 15:11
INV-103077,INV,PL-003077,18/09/2025,25376.4,GBP,19/09/2025 13:33
INV-103078,INV,PL-003078,24/08/2025,35444.5,USD,24/08/2025 08:29
INV-103079,INV,PL-003079,29/08/2025,11189.0,GBP,31/08/2025 10:58
INV-103080,INV,PL-003080,07/09/2025,34010.0,USD,07/09/2025 17:47
INV-103081,INV,PL-003081,03/09/2025,25132.8,GBP,04/09/2025 08:10
INV-103082,INV,PL-003082,03/09/2025,12998.4,GBP,05/09/2025 12:17
INV-103083,INV,PL-003083,06/09/2025,32596.2,USD,06/09/2025 20:55
INV-103084,INV,PL-003084,19/09/2025,28448.8,MYR,21/09/2025 13:03
INV-103085,INV,PL-003085,20/09/2025,14832.6,EUR,21/09/2025 16:51
INV-103086,INV,PL-003086,07/10/2025,16074.0,EUR,07/10/2025 09:26
INV-103087,INV,PL-003087,19/09/2025,34125.6,MYR,21/09/2025 11:58
INV-103088,INV,PL-003088,26/09/2025,34293.0,USD,27/09/2025 13:49
INV-103089,INV,PL-003089,21/10/2025,15124.0,GBP,22/10/2025 12:16
CRN-200287,CRN,PL-003089,27/11/2025,7562.0,GBP,28/11/2025 10:08
INV-103090,INV,PL-003090,04/09/2025,19272.3,GBP,06/09/2025 13:45
INV-103091,INV,PL-003091,30/08/2025,28107.2,CHF,31/08/2025 18:43
INV-103092,INV,PL-003092,10/10/2025,19060.8,GBP,10/10/2025 16:45
INV-103093,INV,PL-003093,14/09/2025,14910.0,EUR,15/09/2025 11:59
CRN-200288,CRN,PL-003093,24/11/2025,3727.5,EUR,26/11/2025 12:39
INV-103094,INV,PL-003094,31/08/2025,22176.0,EUR,02/09/2025 13:59
INV-103095,INV,PL-003095,16/09/2025,17036.8,EUR,18/09/2025 16:02
INV-103096,INV,PL-003096,15/10/2025,13893.2,EUR,15/10/2025 15:50
INV-103097,INV,PL-003097,02/09/2025,14207.1,GBP,03/09/2025 10:35
INV-103098,INV,PL-003098,08/09/2025,16580.2,GBP,09/09/2025 16:28
INV-103099,INV,PL-003099,20/10/2025,24244.0,USD,20/10/2025 18:19
INV-103100,INV,PL-003100,14/10/2025,16405.0,EUR,15/10/2025 08:57
INV-103101,INV,PL-003101,07/10/2025,37333.2,USD,07/10/2025 07:38
INV-103102,INV,PL-003102,07/09/2025,19936.0,GBP,09/09/2025 10:43
INV-103103,INV,PL-003103,08/09/2025,118301.6,HKD,08/09/2025 20:56
INV-103104,INV,PL-003104,28/09/2025,36079.0,USD,28/09/2025 16:40
INV-103105,INV,PL-003105,04/09/2025,27800.5,CHF,06/09/2025 17:37
INV-103106,INV,PL-003106,22/09/2025,19432.2,GBP,24/09/2025 13:23
INV-103107,INV,PL-003107,31/08/2025,15121.6,EUR,31/08/2025 16:31
INV-103108,INV,PL-003108,28/08/2025,15386.6,GBP,29/08/2025 16:49
INV-103109,INV,PL-003109,10/10/2025,27134.1,USD,12/10/2025 16:26
CRN-200289,CRN,PL-003109,24/10/2025,27134.1,USD,25/10/2025 07:09
INV-103110,INV,PL-003110,29/09/2025,10014.1,EUR,29/09/2025 19:37
INV-103111,INV,PL-003111,16/10/2025,15778.0,EUR,16/10/2025 16:50
INV-103112,INV,PL-003112,14/09/2025,19739.3,SGD,16/09/2025 19:11
INV-103113,INV,PL-003113,11/09/2025,15714.0,GBP,12/09/2025 15:34
INV-103114,INV,PL-003114,09/10/2025,21150.8,GBP,09/10/2025 16:55
INV-103115,INV,PL-003115,01/10/2025,19747.2,EUR,01/10/2025 09:37
INV-103116,INV,PL-003116,12/10/2025,23883.2,USD,12/10/2025 09:35
INV-103117,INV,PL-003117,10/09/2025,15402.0,EUR,10/09/2025 13:25
INV-103118,INV,PL-003118,27/09/2025,21456.0,CHF,29/09/2025 13:52
INV-103119,INV,PL-003119,25/09/2025,24819.6,GBP,26/09/2025 12:55
INV-103120,INV,PL-003120,27/10/2025,27612.2,MYR,28/10/2025 19:11
INV-103121,INV,PL-003121,11/09/2025,117744.0,HKD,13/09/2025 17:37
INV-103122,INV,PL-003122,02/10/2025,31563.0,CHF,03/10/2025 08:07
INV-103123,INV,PL-003123,04/10/2025,13919.4,EUR,04/10/2025 13:22
INV-103124,INV,PL-003124,16/10/2025,17141.4,GBP,17/10/2025 19:38
INV-103125,INV,PL-003125,15/10/2025,26845.8,USD,16/10/2025 15:57
INV-103126,INV,PL-003126,26/09/2025,24373.2,GBP,27/09/2025 13:57
INV-103127,INV,PL-003127,30/09/2025,24072.0,USD,02/10/2025 18:17
INV-103128,INV,PL-003128,06/10/2025,15660.4,EUR,07/10/2025 14:47
INV-103129,INV,PL-003129,01/10/2025,24420.9,SGD,03/10/2025 14:13
INV-103130,INV,PL-003130,28/10/2025,23029.3,SGD,28/10/2025 13:37
INV-103131,INV,PL-003131,18/09/2025,27106.8,CHF,20/09/2025 10:25
INV-103132,INV,PL-003132,21/09/2025,13416.0,EUR,22/09/2025 19:31
INV-103133,INV,PL-003133,01/10/2025,26438.3,USD,01/10/2025 16:09
INV-103134,INV,PL-003134,18/10/2025,21728.0,EUR,18/10/2025 19:54
INV-103135,INV,PL-003135,12/10/2025,11895.5,EUR,13/10/2025 16:27
INV-103136,INV,PL-003136,20/09/2025,30907.5,CHF,20/09/2025 16:57
INV-103137,INV,PL-003137,30/10/2025,23797.8,EUR,01/11/2025 14:13
INV-103138,INV,PL-003138,29/10/2025,18631.2,EUR,29/10/2025 11:13
INV-103139,INV,PL-003139,18/10/2025,13737.6,EUR,19/10/2025 09:33
CRN-200290,CRN,PL-003139,12/11/2025,13737.6,EUR,13/11/2025 11:42
INV-103140,INV,PL-003140,05/10/2025,24997.8,USD,06/10/2025 12:11
INV-103141,INV,PL-003141,09/10/2025,10778.7,GBP,09/10/2025 11:01
INV-103142,INV,PL-003142,03/09/2025,17028.0,GBP,05/09/2025 14:06
CRN-200291,CRN,PL-003142,14/09/2025,17028.0,GBP,15/09/2025 09:53
INV-103143,INV,PL-003143,27/09/2025,17897.6,EUR,27/09/2025 17:03
INV-103144,INV,PL-003144,03/10/2025,14210.1,EUR,04/10/2025 17:00
INV-103145,INV,PL-003145,01/10/2025,16306.0,GBP,03/10/2025 16:11
INV-103146,INV,PL-003146,15/09/2025,12951.6,EUR,16/09/2025 08:03
INV-103147,INV,PL-003147,31/10/2025,14382.0,EUR,02/11/2025 07:10
CRN-200292,CRN,PL-003147,23/01/2026,3595.5,EUR,25/01/2026 18:54
INV-103148,INV,PL-003148,10/09/2025,20006.4,EUR,12/09/2025 08:15
CRN-200293,CRN,PL-003148,11/11/2025,10003.2,EUR,12/11/2025 18:44
INV-103149,INV,PL-003149,07/10/2025,17286.0,EUR,09/10/2025 12:25
INV-103150,INV,PL-003150,07/10/2025,31174.2,CHF,09/10/2025 14:10
INV-103151,INV,PL-003151,14/09/2025,16866.0,EUR,16/09/2025 14:16
INV-103152,INV,PL-003152,10/10/2025,20195.7,EUR,11/10/2025 09:43
INV-103153,INV,PL-003153,03/11/2025,17151.8,USD,04/11/2025 08:35
INV-103154,INV,PL-003154,29/10/2025,15108.6,EUR,30/10/2025 08:10
INV-103155,INV,PL-003155,14/10/2025,15651.0,GBP,16/10/2025 20:13
CRN-200294,CRN,PL-003155,14/01/2026,3912.75,GBP,14/01/2026 20:59
INV-103156,INV,PL-003156,24/09/2025,16354.0,EUR,24/09/2025 10:36
INV-103157,INV,PL-003157,01/11/2025,10475.4,GBP,03/11/2025 08:36
INV-103158,INV,PL-003158,02/10/2025,137877.6,HKD,04/10/2025 17:54
INV-103159,INV,PL-003159,24/10/2025,13360.0,EUR,24/10/2025 15:31
INV-103160,INV,PL-003160,26/10/2025,31010.4,EUR,28/10/2025 09:15
INV-103161,INV,PL-003161,24/10/2025,20121.0,CHF,26/10/2025 07:54
INV-103162,INV,PL-003162,07/11/2025,17938.8,EUR,09/11/2025 12:39
INV-103163,INV,PL-003163,30/09/2025,15439.3,EUR,02/10/2025 17:24
INV-103164,INV,PL-003164,24/09/2025,22298.8,GBP,24/09/2025 16:04
INV-103165,INV,PL-003165,01/11/2025,25115.8,CHF,01/11/2025 19:42
INV-103166,INV,PL-003166,25/10/2025,13960.0,EUR,25/10/2025 12:04
INV-103167,INV,PL-003167,31/10/2025,22102.0,EUR,31/10/2025 18:54
INV-103168,INV,PL-003168,27/09/2025,25401.6,USD,28/09/2025 09:41
INV-103169,INV,PL-003169,08/10/2025,17157.7,EUR,08/10/2025 09:32
INV-103170,INV,PL-003170,16/10/2025,14572.8,GBP,16/10/2025 10:20
INV-103171,INV,PL-003171,18/09/2025,14216.3,GBP,20/09/2025 18:08
INV-103172,INV,PL-003172,18/10/2025,144320.4,HKD,19/10/2025 15:06
CRN-200295,CRN,PL-003172,23/12/2025,72160.2,HKD,24/12/2025 17:29
INV-103173,INV,PL-003173,13/10/2025,23577.6,SGD,13/10/2025 19:08
INV-103174,INV,PL-003174,28/09/2025,16138.5,GBP,29/09/2025 20:36
INV-103175,INV,PL-003175,06/10/2025,12927.6,EUR,07/10/2025 07:59
INV-103176,INV,PL-003176,27/09/2025,23575.2,GBP,29/09/2025 20:09
INV-103177,INV,PL-003177,22/10/2025,27855.0,CHF,24/10/2025 09:35
INV-103178,INV,PL-003178,04/11/2025,15892.8,EUR,04/11/2025 20:08
CRN-200296,CRN,PL-003178,09/12/2025,7946.4,EUR,10/12/2025 13:23
INV-103179,INV,PL-003179,14/09/2025,23609.3,USD,16/09/2025 09:56
INV-103180,INV,PL-003180,26/10/2025,11306.1,EUR,27/10/2025 19:13
INV-103181,INV,PL-003181,22/09/2025,38241.6,MYR,24/09/2025 20:05
INV-103182,INV,PL-003182,14/10/2025,23805.5,EUR,15/10/2025 11:15
INV-103183,INV,PL-003183,16/09/2025,25699.8,USD,18/09/2025 12:45
INV-103184,INV,PL-003184,11/10/2025,26611.2,CHF,12/10/2025 20:45
INV-103185,INV,PL-003185,22/10/2025,15566.0,EUR,24/10/2025 09:50
INV-103186,INV,PL-003186,04/11/2025,35116.2,USD,05/11/2025 17:44
INV-103187,INV,PL-003187,01/10/2025,12953.6,EUR,03/10/2025 08:39
INV-103188,INV,PL-003188,15/10/2025,108612.0,HKD,15/10/2025 20:35
INV-103189,INV,PL-003189,07/11/2025,22832.7,USD,07/11/2025 10:00
INV-103190,INV,PL-003190,16/10/2025,12601.5,GBP,17/10/2025 09:47
CRN-200297,CRN,PL-003190,28/12/2025,3150.38,GBP,30/12/2025 12:36
INV-103191,INV,PL-003191,05/11/2025,11512.8,GBP,06/11/2025 13:20
INV-103192,INV,PL-003192,19/10/2025,174624.0,HKD,20/10/2025 20:05
INV-103193,INV,PL-003193,25/09/2025,16688.0,EUR,25/09/2025 19:15
INV-103194,INV,PL-003194,29/10/2025,28095.2,GBP,31/10/2025 15:23
INV-103195,INV,PL-003195,02/11/2025,16558.4,EUR,04/11/2025 11:50
INV-103196,INV,PL-003196,19/10/2025,38419.2,USD,20/10/2025 09:35
INV-103197,INV,PL-003197,28/09/2025,25663.2,GBP,28/09/2025 11:53
INV-103198,INV,PL-003198,05/11/2025,18049.3,EUR,07/11/2025 10:21
INV-103199,INV,PL-003199,09/10/2025,17939.4,GBP,09/10/2025 20:22
CRN-200298,CRN,PL-003199,25/10/2025,17939.4,GBP,26/10/2025 16:38
INV-103200,INV,PL-003200,05/10/2025,16071.7,GBP,07/10/2025 07:48
INV-103201,INV,PL-003201,31/10/2025,42160.0,USD,01/11/2025 14:09
INV-103202,INV,PL-003202,05/11/2025,45935.8,USD,07/11/2025 07:14
INV-103203,INV,PL-003203,11/10/2025,12940.8,GBP,12/10/2025 10:30
INV-103204,INV,PL-003204,12/10/2025,150528.9,HKD,12/10/2025 10:06
INV-103205,INV,PL-003205,21/10/2025,21242.0,GBP,21/10/2025 16:56
INV-103206,INV,PL-003206,30/10/2025,23541.5,USD,30/10/2025 18:09
INV-103207,INV,PL-003207,11/10/2025,22896.2,EUR,11/10/2025 12:59
INV-103208,INV,PL-003208,11/10/2025,13765.1,EUR,12/10/2025 09:13
INV-103209,INV,PL-003209,30/10/2025,40888.8,USD,31/10/2025 12:57
INV-103210,INV,PL-003210,28/10/2025,26214.5,SGD,28/10/2025 20:31
INV-103211,INV,PL-003211,09/11/2025,43697.4,MYR,10/11/2025 17:58
INV-103212,INV,PL-003212,13/11/2025,17629.2,GBP,13/11/2025 11:58
CRN-200299,CRN,PL-003212,30/12/2025,8814.6,GBP,31/12/2025 15:38
INV-103213,INV,PL-003213,09/10/2025,19988.8,EUR,11/10/2025 14:55
INV-103214,INV,PL-003214,21/11/2025,18684.0,EUR,21/11/2025 20:53
INV-103215,INV,PL-003215,28/10/2025,17993.0,CHF,30/10/2025 20:51
CRN-200300,CRN,PL-003215,04/11/2025,17993.0,CHF,06/11/2025 17:52
INV-103216,INV,PL-003216,30/10/2025,9525.6,EUR,01/11/2025 12:43
INV-103217,INV,PL-003217,04/10/2025,23987.6,USD,06/10/2025 09:37
INV-103218,INV,PL-003218,15/10/2025,26740.0,USD,16/10/2025 11:23
INV-103219,INV,PL-003219,23/10/2025,19557.0,EUR,25/10/2025 10:21
INV-103220,INV,PL-003220,10/10/2025,25362.4,USD,11/10/2025 07:16
INV-103221,INV,PL-003221,11/10/2025,22277.2,MYR,11/10/2025 14:29
INV-103222,INV,PL-003222,23/10/2025,16608.0,EUR,24/10/2025 20:35
INV-103223,INV,PL-003223,13/10/2025,16866.0,GBP,15/10/2025 17:06
INV-103224,INV,PL-003224,21/10/2025,13983.6,GBP,21/10/2025 12:50
INV-103225,INV,PL-003225,15/10/2025,17942.4,EUR,17/10/2025 14:46
INV-103226,INV,PL-003226,14/11/2025,23740.2,EUR,16/11/2025 17:22
INV-103227,INV,PL-003227,18/11/2025,27093.6,USD,19/11/2025 16:47
INV-103228,INV,PL-003228,29/10/2025,30872.0,USD,31/10/2025 16:21
CRN-200301,CRN,PL-003228,22/01/2026,7718.0,USD,23/01/2026 18:24
INV-103229,INV,PL-003229,06/10/2025,19890.0,GBP,06/10/2025 10:55
INV-103230,INV,PL-003230,26/10/2025,17202.5,EUR,26/10/2025 20:52
INV-103231,INV,PL-003231,15/11/2025,13452.1,EUR,17/11/2025 20:53
INV-103232,INV,PL-003232,16/11/2025,16048.5,USD,16/11/2025 15:20
INV-103233,INV,PL-003233,26/10/2025,28492.8,CHF,26/10/2025 07:42
INV-103234,INV,PL-003234,07/11/2025,10711.5,GBP,08/11/2025 19:08
INV-103235,INV,PL-003235,09/11/2025,30299.0,USD,09/11/2025 17:39
INV-103236,INV,PL-003236,30/10/2025,19917.6,GBP,31/10/2025 12:49
INV-103237,INV,PL-003237,29/10/2025,31114.0,MYR,29/10/2025 19:34
INV-103238,INV,PL-003238,22/10/2025,16817.7,GBP,24/10/2025 16:16
CRN-200302,CRN,PL-003238,16/01/2026,4204.43,GBP,18/01/2026 14:33
INV-103239,INV,PL-003239,18/10/2025,23037.6,GBP,18/10/2025 07:30
INV-103240,INV,PL-003240,29/11/2025,14295.6,GBP,30/11/2025 15:33
INV-103241,INV,PL-003241,05/11/2025,26327.7,USD,07/11/2025 08:02
INV-103242,INV,PL-003242,29/11/2025,19403.8,GBP,29/11/2025 16:41
INV-103243,INV,PL-003243,22/10/2025,14272.5,EUR,24/10/2025 16:40
INV-103244,INV,PL-003244,30/11/2025,115944.5,HKD,01/12/2025 11:27
INV-103245,INV,PL-003245,24/11/2025,17415.0,EUR,26/11/2025 07:58
INV-103246,INV,PL-003246,19/11/2025,24276.0,GBP,21/11/2025 09:50
INV-103247,INV,PL-003247,16/11/2025,27253.8,SGD,17/11/2025 16:16
INV-103248,INV,PL-003248,08/11/2025,18320.7,EUR,10/11/2025 08:48
CRN-200303,CRN,PL-003248,29/12/2025,9160.35,EUR,31/12/2025 08:09
INV-103249,INV,PL-003249,01/11/2025,18480.0,EUR,02/11/2025 20:40
CRN-200304,CRN,PL-003249,29/01/2026,4620.0,EUR,29/01/2026 17:45
INV-103250,INV,PL-003250,23/10/2025,18964.8,GBP,23/10/2025 20:39
INV-103251,INV,PL-003251,01/11/2025,18674.5,EUR,01/11/2025 09:47
INV-103252,INV,PL-003252,03/11/2025,27255.2,USD,05/11/2025 10:32
INV-103253,INV,PL-003253,24/10/2025,17339.4,GBP,24/10/2025 19:17
INV-103254,INV,PL-003254,29/10/2025,14445.2,GBP,31/10/2025 18:54
INV-103255,INV,PL-003255,14/11/2025,15615.0,EUR,14/11/2025 20:47
INV-103256,INV,PL-003256,17/11/2025,22052.8,USD,19/11/2025 07:07
INV-103257,INV,PL-003257,02/11/2025,15875.2,GBP,04/11/2025 17:42
INV-103258,INV,PL-003258,06/11/2025,25280.0,GBP,07/11/2025 20:31
CRN-200305,CRN,PL-003258,25/11/2025,25280.0,GBP,25/11/2025 19:28
INV-103259,INV,PL-003259,06/11/2025,16964.5,EUR,06/11/2025 08:25
INV-103260,INV,PL-003260,23/11/2025,23131.2,EUR,23/11/2025 09:24
INV-103261,INV,PL-003261,03/11/2025,21742.5,GBP,05/11/2025 07:09
INV-103262,INV,PL-003262,01/12/2025,27900.6,EUR,02/12/2025 07:23
CRN-200306,CRN,PL-003262,13/12/2025,27900.6,EUR,13/12/2025 20:08
INV-103263,INV,PL-003263,08/12/2025,27910.4,SGD,08/12/2025 07:52
INV-103264,INV,PL-003264,22/11/2025,18905.0,GBP,23/11/2025 18:57
INV-103265,INV,PL-003265,12/11/2025,25221.0,USD,13/11/2025 10:46
INV-103266,INV,PL-003266,17/10/2025,26268.0,USD,18/10/2025 09:25
INV-103267,INV,PL-003267,18/11/2025,23930.4,GBP,18/11/2025 10:36
INV-103268,INV,PL-003268,26/11/2025,21807.6,EUR,27/11/2025 20:44
INV-103269,INV,PL-003269,07/11/2025,18277.1,CHF,07/11/2025 13:55
INV-103270,INV,PL-003270,22/11/2025,22896.0,USD,24/11/2025 11:23
INV-103271,INV,PL-003271,14/11/2025,16871.5,EUR,15/11/2025 16:04
INV-103272,INV,PL-003272,16/10/2025,24029.4,SGD,17/10/2025 11:38
CRN-200307,CRN,PL-003272,03/12/2025,12014.7,SGD,04/12/2025 10:47
INV-103273,INV,PL-003273,24/10/2025,11054.7,EUR,25/10/2025 07:22
INV-103274,INV,PL-003274,23/11/2025,26870.9,USD,23/11/2025 09:19
INV-103275,INV,PL-003275,26/11/2025,35091.0,USD,27/11/2025 20:59
INV-103276,INV,PL-003276,15/12/2025,22974.4,USD,15/12/2025 13:57
CRN-200308,CRN,PL-003276,08/01/2026,22974.4,USD,10/01/2026 18:54
INV-103277,INV,PL-003277,23/11/2025,14071.5,EUR,23/11/2025 20:12
INV-103278,INV,PL-003278,05/11/2025,8528.0,GBP,07/11/2025 07:16
INV-103279,INV,PL-003279,13/11/2025,23353.6,USD,13/11/2025 08:27
INV-103280,INV,PL-003280,21/10/2025,173449.8,HKD,21/10/2025 12:33
INV-103281,INV,PL-003281,14/12/2025,22912.5,GBP,16/12/2025 11:29
INV-103282,INV,PL-003282,25/10/2025,20700.9,CHF,25/10/2025 20:00
INV-103283,INV,PL-003283,20/11/2025,19982.4,EUR,20/11/2025 18:56
INV-103284,INV,PL-003284,31/10/2025,13256.2,GBP,02/11/2025 20:15
INV-103285,INV,PL-003285,30/11/2025,18916.2,EUR,02/12/2025 15:51
INV-103286,INV,PL-003286,04/12/2025,24172.8,USD,06/12/2025 07:44
INV-103287,INV,PL-003287,07/11/2025,136055.2,HKD,08/11/2025 16:54
INV-103288,INV,PL-003288,29/10/2025,26014.5,GBP,29/10/2025 19:56
INV-103289,INV,PL-003289,10/12/2025,16340.0,EUR,11/12/2025 19:48
INV-103290,INV,PL-003290,09/11/2025,16463.0,EUR,10/11/2025 19:08
CRN-200309,CRN,PL-003290,08/12/2025,16463.0,EUR,09/12/2025 08:47
INV-103291,INV,PL-003291,10/11/2025,14413.6,GBP,11/11/2025 10:10
INV-103292,INV,PL-003292,14/11/2025,33370.0,SGD,14/11/2025 14:25
INV-103293,INV,PL-003293,10/11/2025,22622.6,EUR,10/11/2025 08:11
INV-103294,INV,PL-003294,29/11/2025,15472.4,EUR,29/11/2025 17:18
CRN-200310,CRN,PL-003294,01/03/2026,3868.1,EUR,03/03/2026 14:49
INV-103295,INV,PL-003295,29/10/2025,13560.5,GBP,29/10/2025 19:23
INV-103296,INV,PL-003296,12/12/2025,13714.5,GBP,14/12/2025 17:37
INV-103297,INV,PL-003297,15/12/2025,11978.4,EUR,16/12/2025 08:17
INV-103298,INV,PL-003298,14/11/2025,17152.2,EUR,14/11/2025 19:49
INV-103299,INV,PL-003299,06/11/2025,16748.5,GBP,07/11/2025 20:05
INV-103300,INV,PL-003300,29/10/2025,19038.0,USD,29/10/2025 12:11
INV-103301,INV,PL-003301,04/12/2025,10701.0,GBP,05/12/2025 09:05
CRN-200311,CRN,PL-003301,16/02/2026,2675.25,GBP,17/02/2026 20:21
INV-103302,INV,PL-003302,23/11/2025,27621.0,SGD,24/11/2025 14:53
INV-103303,INV,PL-003303,27/10/2025,27451.0,USD,27/10/2025 09:12
INV-103304,INV,PL-003304,12/12/2025,27508.8,MYR,12/12/2025 13:13
INV-103305,INV,PL-003305,20/12/2025,23574.4,EUR,20/12/2025 20:30
INV-103306,INV,PL-003306,23/11/2025,17712.0,EUR,24/11/2025 17:20
INV-103307,INV,PL-003307,08/12/2025,11662.0,GBP,09/12/2025 13:08
INV-103308,INV,PL-003308,31/10/2025,21216.0,GBP,31/10/2025 15:36
CRN-200312,CRN,PL-003308,23/01/2026,5304.0,GBP,24/01/2026 11:13
INV-103309,INV,PL-003309,20/12/2025,33105.6,CHF,20/12/2025 19:14
INV-103310,INV,PL-003310,31/10/2025,22860.0,USD,31/10/2025 15:37
INV-103311,INV,PL-003311,09/11/2025,31178.0,SGD,10/11/2025 07:43
INV-103312,INV,PL-003312,12/12/2025,20507.7,GBP,13/12/2025 12:44
INV-103313,INV,PL-003313,23/11/2025,29698.9,MYR,24/11/2025 18:49
INV-103314,INV,PL-003314,08/12/2025,13474.6,GBP,08/12/2025 09:18
INV-103315,INV,PL-003315,19/12/2025,16667.2,EUR,20/12/2025 07:21
INV-103316,INV,PL-003316,04/12/2025,17748.0,GBP,04/12/2025 07:51
CRN-200313,CRN,PL-003316,27/02/2026,4437.0,GBP,28/02/2026 07:36
INV-103317,INV,PL-003317,02/12/2025,131630.4,HKD,04/12/2025 13:12
INV-103318,INV,PL-003318,04/12/2025,31291.9,USD,06/12/2025 11:46
INV-103319,INV,PL-003319,07/12/2025,14974.2,EUR,09/12/2025 18:23
INV-103320,INV,PL-003320,22/12/2025,14946.8,EUR,24/12/2025 15:41
INV-103321,INV,PL-003321,08/11/2025,161170.8,HKD,09/11/2025 19:54
INV-103322,INV,PL-003322,11/12/2025,20492.0,EUR,12/12/2025 13:11
INV-103323,INV,PL-003323,13/11/2025,36174.6,MYR,15/11/2025 11:23
CRN-200314,CRN,PL-003323,25/01/2026,9043.65,MYR,27/01/2026 20:16
INV-103324,INV,PL-003324,24/12/2025,20145.0,USD,24/12/2025 07:37
INV-103325,INV,PL-003325,28/11/2025,12876.0,GBP,30/11/2025 16:47
INV-103326,INV,PL-003326,22/11/2025,16420.8,GBP,23/11/2025 08:51
INV-103327,INV,PL-003327,10/12/2025,29556.8,USD,10/12/2025 15:46
INV-103328,INV,PL-003328,08/11/2025,16888.8,CHF,09/11/2025 15:07
INV-103329,INV,PL-003329,22/12/2025,15830.4,GBP,24/12/2025 20:02
INV-103330,INV,PL-003330,09/12/2025,19273.8,GBP,11/12/2025 16:02
INV-103331,INV,PL-003331,20/12/2025,13219.2,EUR,22/12/2025 16:51
INV-103332,INV,PL-003332,24/12/2025,34384.0,CHF,26/12/2025 14:45
INV-103333,INV,PL-003333,17/11/2025,18122.7,GBP,19/11/2025 14:47
INV-103334,INV,PL-003334,10/12/2025,12734.8,GBP,12/12/2025 09:00
INV-103335,INV,PL-003335,16/12/2025,34343.4,SGD,16/12/2025 09:52
INV-103336,INV,PL-003336,02/12/2025,29082.0,SGD,03/12/2025 08:06
INV-103337,INV,PL-003337,13/11/2025,17028.8,GBP,14/11/2025 20:19
INV-103338,INV,PL-003338,31/12/2025,21344.7,GBP,01/01/2026 14:59
INV-103339,INV,PL-003339,05/12/2025,14842.8,GBP,05/12/2025 10:41
INV-103340,INV,PL-003340,23/11/2025,8553.6,GBP,23/11/2025 08:34
INV-103341,INV,PL-003341,17/11/2025,24944.4,EUR,17/11/2025 13:23
INV-103342,INV,PL-003342,10/12/2025,14259.6,GBP,10/12/2025 17:24
INV-103343,INV,PL-003343,10/12/2025,20000.7,EUR,10/12/2025 17:12
INV-103344,INV,PL-003344,24/11/2025,30544.0,CHF,24/11/2025 08:29
INV-103345,INV,PL-003345,21/12/2025,18327.0,GBP,22/12/2025 12:35
INV-103346,INV,PL-003346,09/12/2025,35403.6,MYR,11/12/2025 17:42
INV-103347,INV,PL-003347,01/01/2026,15304.8,EUR,03/01/2026 11:45
INV-103348,INV,PL-003348,12/12/2025,26703.3,USD,13/12/2025 08:19
INV-103349,INV,PL-003349,02/12/2025,29856.5,CHF,03/12/2025 19:18
INV-103350,INV,PL-003350,04/12/2025,23929.1,GBP,04/12/2025 14:09
CRN-200315,CRN,PL-003350,20/12/2025,23929.1,GBP,22/12/2025 13:53
INV-103351,INV,PL-003351,28/12/2025,11936.4,GBP,30/12/2025 15:28
INV-103352,INV,PL-003352,08/12/2025,24563.2,SGD,10/12/2025 14:01
INV-103353,INV,PL-003353,04/01/2026,23867.1,EUR,04/01/2026 15:40
INV-103354,INV,PL-003354,26/12/2025,28591.5,USD,26/12/2025 17:09
INV-103355,INV,PL-003355,20/11/2025,16488.9,EUR,22/11/2025 15:33
INV-103356,INV,PL-003356,21/12/2025,21516.0,GBP,22/12/2025 12:02
INV-103357,INV,PL-003357,17/11/2025,14910.7,USD,17/11/2025 12:57
INV-103358,INV,PL-003358,05/01/2026,41777.4,MYR,07/01/2026 08:09
INV-103359,INV,PL-003359,15/12/2025,18645.6,GBP,15/12/2025 09:25
INV-103360,INV,PL-003360,16/11/2025,13723.8,EUR,16/11/2025 20:28
INV-103361,INV,PL-003361,22/12/2025,23671.2,USD,24/12/2025 07:15
INV-103362,INV,PL-003362,18/12/2025,13486.2,GBP,18/12/2025 20:05
INV-103363,INV,PL-003363,28/12/2025,13634.8,EUR,30/12/2025 12:44
INV-103364,INV,PL-003364,01/01/2026,23539.2,USD,01/01/2026 19:12
INV-103365,INV,PL-003365,11/12/2025,18952.6,GBP,13/12/2025 11:46
INV-103366,INV,PL-003366,25/11/2025,14250.6,GBP,27/11/2025 07:29
INV-103367,INV,PL-003367,27/11/2025,12749.0,GBP,29/11/2025 15:40
INV-103368,INV,PL-003368,12/12/2025,22728.3,EUR,14/12/2025 09:52
INV-103369,INV,PL-003369,27/11/2025,18858.7,GBP,28/11/2025 11:24
INV-103370,INV,PL-003370,23/11/2025,22484.4,USD,23/11/2025 08:03
INV-103371,INV,PL-003371,28/12/2025,18022.3,EUR,28/12/2025 18:20
INV-103372,INV,PL-003372,19/12/2025,39853.1,USD,20/12/2025 10:09
INV-103373,INV,PL-003373,22/11/2025,14383.0,GBP,22/11/2025 14:14
INV-103374,INV,PL-003374,29/12/2025,29276.4,USD,29/12/2025 12:42
INV-103375,INV,PL-003375,12/12/2025,20571.2,GBP,12/12/2025 20:23
INV-103376,INV,PL-003376,02/01/2026,28057.9,USD,04/01/2026 13:27
CRN-200316,CRN,PL-003376,15/01/2026,28057.9,USD,15/01/2026 15:05
INV-103377,INV,PL-003377,30/12/2025,10220.1,GBP,30/12/2025 20:38
INV-103378,INV,PL-003378,25/11/2025,19785.6,EUR,27/11/2025 20:20
INV-103379,INV,PL-003379,07/12/2025,96912.0,HKD,08/12/2025 10:50
INV-103380,INV,PL-003380,26/12/2025,25936.8,EUR,28/12/2025 19:25
INV-103381,INV,PL-003381,06/01/2026,13587.2,EUR,07/01/2026 12:29
INV-103382,INV,PL-003382,24/11/2025,16839.9,EUR,26/11/2025 11:30
INV-103383,INV,PL-003383,30/12/2025,22785.1,EUR,01/01/2026 20:39
INV-103384,INV,PL-003384,13/12/2025,35720.4,MYR,14/12/2025 08:11
INV-103385,INV,PL-003385,01/12/2025,15603.2,GBP,02/12/2025 12:47
INV-103386,INV,PL-003386,09/01/2026,36622.3,USD,10/01/2026 10:42
INV-103387,INV,PL-003387,16/12/2025,20567.4,EUR,16/12/2025 15:35
INV-103388,INV,PL-003388,18/12/2025,118790.1,HKD,19/12/2025 16:03
INV-103389,INV,PL-003389,19/12/2025,14913.6,EUR,20/12/2025 07:34
INV-103390,INV,PL-003390,18/12/2025,16210.4,GBP,19/12/2025 14:36
INV-103391,INV,PL-003391,01/01/2026,22361.4,USD,02/01/2026 17:04
INV-103392,INV,PL-003392,28/11/2025,18648.0,EUR,28/11/2025 14:05
INV-103393,INV,PL-003393,25/11/2025,28036.9,MYR,26/11/2025 09:01
CRN-200317,CRN,PL-003393,19/02/2026,7009.23,MYR,19/02/2026 16:33
INV-103394,INV,PL-003394,27/11/2025,22374.4,EUR,29/11/2025 13:52
INV-103395,INV,PL-003395,24/11/2025,33374.6,USD,26/11/2025 12:44
CRN-200318,CRN,PL-003395,14/02/2026,8343.65,USD,14/02/2026 13:39
INV-103396,INV,PL-003396,02/01/2026,21210.0,EUR,03/01/2026 15:25
INV-103397,INV,PL-003397,27/11/2025,25368.0,CHF,29/11/2025 12:18
INV-103398,INV,PL-003398,10/01/2026,25061.0,EUR,10/01/2026 19:24
INV-103399,INV,PL-003399,16/12/2025,16946.1,GBP,18/12/2025 09:22
INV-103400,INV,PL-003400,01/01/2026,23715.0,USD,03/01/2026 17:27
INV-103401,INV,PL-003401,03/01/2026,36274.8,USD,03/01/2026 13:11
INV-103402,INV,PL-003402,24/11/2025,20244.0,EUR,25/11/2025 14:18
INV-103403,INV,PL-003403,01/01/2026,20715.9,EUR,02/01/2026 20:58
INV-103404,INV,PL-003404,13/01/2026,17454.3,EUR,14/01/2026 11:03
INV-103405,INV,PL-003405,12/12/2025,20657.2,EUR,12/12/2025 15:08
INV-103406,INV,PL-003406,26/12/2025,28188.0,USD,26/12/2025 07:40
INV-103407,INV,PL-003407,28/11/2025,134360.4,HKD,28/11/2025 18:09
INV-103408,INV,PL-003408,28/11/2025,33538.4,USD,28/11/2025 14:11
INV-103409,INV,PL-003409,27/12/2025,18308.0,USD,27/12/2025 08:59
INV-103410,INV,PL-003410,18/12/2025,20652.8,EUR,18/12/2025 18:49
INV-103411,INV,PL-003411,04/12/2025,19514.4,USD,06/12/2025 16:50
CRN-200319,CRN,PL-003411,25/12/2025,19514.4,USD,26/12/2025 14:52
INV-103412,INV,PL-003412,15/12/2025,19254.4,USD,15/12/2025 10:52
INV-103413,INV,PL-003413,07/12/2025,40844.4,USD,09/12/2025 19:41
INV-103414,INV,PL-003414,28/11/2025,32792.1,USD,30/11/2025 17:47
INV-103415,INV,PL-003415,24/12/2025,33040.0,USD,26/12/2025 14:45
INV-103416,INV,PL-003416,19/01/2026,12742.1,GBP,20/01/2026 15:04
INV-103417,INV,PL-003417,10/12/2025,26431.6,USD,12/12/2025 16:15
INV-103418,INV,PL-003418,25/01/2026,27859.6,EUR,26/01/2026 16:14
INV-103419,INV,PL-003419,08/01/2026,18760.5,EUR,08/01/2026 12:59
CRN-200320,CRN,PL-003419,19/03/2026,9380.25,EUR,21/03/2026 11:51
INV-103420,INV,PL-003420,26/12/2025,15976.7,EUR,27/12/2025 16:00
INV-103421,INV,PL-003421,17/01/2026,36169.2,USD,19/01/2026 16:23
CRN-200321,CRN,PL-003421,13/02/2026,36169.2,USD,14/02/2026 19:38
INV-103422,INV,PL-003422,17/01/2026,10867.5,GBP,19/01/2026 13:04
INV-103423,INV,PL-003423,22/01/2026,20380.6,EUR,22/01/2026 19:37
INV-103424,INV,PL-003424,12/12/2025,18593.5,GBP,12/12/2025 14:12
INV-103425,INV,PL-003425,24/01/2026,23976.0,EUR,26/01/2026 14:48
INV-103426,INV,PL-003426,18/12/2025,23602.4,CHF,19/12/2025 20:42
INV-103427,INV,PL-003427,07/12/2025,15725.0,GBP,09/12/2025 16:25
INV-103428,INV,PL-003428,24/12/2025,13103.6,GBP,24/12/2025 13:36
INV-103429,INV,PL-003429,23/12/2025,12727.6,EUR,23/12/2025 15:18
CRN-200322,CRN,PL-003429,10/02/2026,6363.8,EUR,12/02/2026 15:24
INV-103430,INV,PL-003430,29/12/2025,33753.6,SGD,29/12/2025 16:50
INV-103431,INV,PL-003431,27/01/2026,17681.3,EUR,29/01/2026 14:01
CRN-200323,CRN,PL-003431,23/03/2026,8840.65,EUR,23/03/2026 20:34
INV-103432,INV,PL-003432,03/12/2025,47994.0,USD,03/12/2025 16:45
CRN-200324,CRN,PL-003432,16/02/2026,11998.5,USD,17/02/2026 19:47
INV-103433,INV,PL-003433,05/12/2025,12715.6,GBP,05/12/2025 12:05
CRN-200325,CRN,PL-003433,21/01/2026,6357.8,GBP,22/01/2026 09:16
INV-103434,INV,PL-003434,07/12/2025,12045.0,GBP,09/12/2025 12:41
INV-103435,INV,PL-003435,08/01/2026,15444.0,EUR,09/01/2026 14:10
INV-103436,INV,PL-003436,07/01/2026,11076.8,EUR,07/01/2026 16:54
CRN-200326,CRN,PL-003436,22/01/2026,11076.8,EUR,22/01/2026 12:00
INV-103437,INV,PL-003437,20/01/2026,41941.3,CHF,21/01/2026 07:46
INV-103438,INV,PL-003438,29/12/2025,22072.0,SGD,31/12/2025 14:33
CRN-200327,CRN,PL-003438,15/01/2026,22072.0,SGD,15/01/2026 08:17
INV-103439,INV,PL-003439,17/12/2025,120612.0,HKD,17/12/2025 09:28
INV-103440,INV,PL-003440,20/01/2026,14250.6,GBP,20/01/2026 12:56
INV-103441,INV,PL-003441,21/01/2026,21130.2,EUR,21/01/2026 08:28
INV-103442,INV,PL-003442,22/12/2025,24780.0,USD,23/12/2025 19:45
INV-103443,INV,PL-003443,11/01/2026,13081.5,EUR,13/01/2026 11:31
INV-103444,INV,PL-003444,20/01/2026,25194.0,USD,21/01/2026 10:42
INV-103445,INV,PL-003445,20/01/2026,15481.6,EUR,21/01/2026 12:30
INV-103446,INV,PL-003446,08/01/2026,21582.0,EUR,08/01/2026 11:31
INV-103447,INV,PL-003447,14/01/2026,19784.7,EUR,14/01/2026 19:52
INV-103448,INV,PL-003448,10/01/2026,28656.0,SGD,12/01/2026 13:58
INV-103449,INV,PL-003449,28/01/2026,40808.8,USD,29/01/2026 12:54
INV-103450,INV,PL-003450,02/01/2026,43463.2,USD,03/01/2026 16:56
INV-103451,INV,PL-003451,09/01/2026,22932.0,EUR,11/01/2026 17:00
INV-103452,INV,PL-003452,26/12/2025,13158.6,EUR,27/12/2025 17:02
INV-103453,INV,PL-003453,13/12/2025,20260.8,EUR,14/12/2025 15:04
INV-103454,INV,PL-003454,02/01/2026,17550.0,GBP,03/01/2026 07:42
INV-103455,INV,PL-003455,28/12/2025,27265.8,USD,30/12/2025 12:27
CRN-200328,CRN,PL-003455,04/03/2026,6816.45,USD,04/03/2026 10:20
INV-103456,INV,PL-003456,30/01/2026,197231.4,HKD,30/01/2026 11:57
INV-103457,INV,PL-003457,12/01/2026,12092.5,GBP,13/01/2026 07:43
INV-103458,INV,PL-003458,08/12/2025,20240.0,EUR,08/12/2025 18:34
INV-103459,INV,PL-003459,28/12/2025,17373.6,GBP,30/12/2025 08:33
CRN-200329,CRN,PL-003459,16/02/2026,8686.8,GBP,18/02/2026 11:18
INV-103460,INV,PL-003460,01/01/2026,15915.2,GBP,02/01/2026 14:41
CRN-200330,CRN,PL-003460,30/01/2026,15915.2,GBP,31/01/2026 11:02
INV-103461,INV,PL-003461,17/12/2025,31132.0,USD,18/12/2025 07:46
INV-103462,INV,PL-003462,02/01/2026,22110.3,GBP,04/01/2026 19:59
INV-103463,INV,PL-003463,20/01/2026,21715.0,EUR,20/01/2026 19:38
INV-103464,INV,PL-003464,11/01/2026,17515.2,GBP,11/01/2026 17:42
INV-103465,INV,PL-003465,18/12/2025,17748.0,GBP,18/12/2025 20:55
INV-103466,INV,PL-003466,26/12/2025,28556.5,CHF,28/12/2025 18:51
INV-103467,INV,PL-003467,20/01/2026,24572.8,CHF,20/01/2026 15:46
INV-103468,INV,PL-003468,29/12/2025,21996.0,USD,29/12/2025 19:38
INV-103469,INV,PL-003469,23/01/2026,19928.0,GBP,24/01/2026 18:01
INV-103470,INV,PL-003470,27/12/2025,32486.5,USD,28/12/2025 18:20
INV-103471,INV,PL-003471,17/12/2025,44719.0,MYR,18/12/2025 12:58
INV-103472,INV,PL-003472,22/01/2026,23127.8,GBP,23/01/2026 07:32
INV-103473,INV,PL-003473,28/12/2025,28797.9,USD,29/12/2025 17:27
INV-103474,INV,PL-003474,05/01/2026,29020.0,CHF,05/01/2026 09:54
INV-103475,INV,PL-003475,24/12/2025,25652.0,EUR,26/12/2025 12:37
INV-103476,INV,PL-003476,13/01/2026,13860.0,EUR,13/01/2026 19:29
INV-103477,INV,PL-003477,07/02/2026,16401.6,EUR,09/02/2026 17:15
INV-103478,INV,PL-003478,16/01/2026,33566.4,CHF,18/01/2026 19:22
INV-103479,INV,PL-003479,31/01/2026,16548.3,GBP,02/02/2026 16:35
CRN-200331,CRN,PL-003479,24/04/2026,4137.07,GBP,26/04/2026 13:40
INV-103480,INV,PL-003480,23/12/2025,30395.2,SGD,24/12/2025 10:44
INV-103481,INV,PL-003481,26/01/2026,10795.0,EUR,27/01/2026 17:55
INV-103482,INV,PL-003482,31/01/2026,17384.4,EUR,31/01/2026 11:13
INV-103483,INV,PL-003483,30/12/2025,15336.0,EUR,30/12/2025 20:58
INV-103484,INV,PL-003484,15/01/2026,29612.1,USD,16/01/2026 15:54
INV-103485,INV,PL-003485,06/02/2026,27475.2,CHF,08/02/2026 16:29
INV-103486,INV,PL-003486,13/01/2026,19571.2,EUR,14/01/2026 10:10
INV-103487,INV,PL-003487,30/01/2026,29835.0,CHF,01/02/2026 19:11
INV-103488,INV,PL-003488,23/01/2026,19148.7,GBP,24/01/2026 18:06
CRN-200332,CRN,PL-003488,10/04/2026,4787.18,GBP,11/04/2026 15:18
INV-103489,INV,PL-003489,17/01/2026,18137.3,GBP,18/01/2026 08:42
INV-103490,INV,PL-003490,01/01/2026,16572.6,USD,02/01/2026 18:02
INV-103491,INV,PL-003491,06/02/2026,16942.0,GBP,08/02/2026 07:55
INV-103492,INV,PL-003492,16/01/2026,27792.0,CHF,17/01/2026 14:32
INV-103493,INV,PL-003493,20/12/2025,18130.0,EUR,20/12/2025 13:48
INV-103494,INV,PL-003494,23/01/2026,14598.6,EUR,24/01/2026 20:04
INV-103495,INV,PL-003495,07/02/2026,52940.0,MYR,07/02/2026 16:43
INV-103496,INV,PL-003496,10/02/2026,13338.0,EUR,10/02/2026 12:57
INV-103497,INV,PL-003497,29/01/2026,19458.0,EUR,31/01/2026 12:36
INV-103498,INV,PL-003498,11/01/2026,18447.0,GBP,11/01/2026 07:18
INV-103499,INV,PL-003499,19/01/2026,139335.4,HKD,19/01/2026 15:24
INV-103500,INV,PL-003500,07/01/2026,16625.2,CHF,07/01/2026 13:11
INV-103501,INV,PL-003501,07/01/2026,21403.2,GBP,08/01/2026 19:51
INV-103502,INV,PL-003502,25/12/2025,28623.3,USD,27/12/2025 17:45
INV-103503,INV,PL-003503,07/02/2026,15052.8,GBP,08/02/2026 20:40
INV-103504,INV,PL-003504,27/12/2025,151153.8,HKD,27/12/2025 20:38
INV-103505,INV,PL-003505,24/12/2025,16598.0,EUR,26/12/2025 18:04
INV-103506,INV,PL-003506,07/01/2026,12684.0,GBP,09/01/2026 11:46
INV-103507,INV,PL-003507,29/01/2026,128339.5,HKD,29/01/2026 08:51
INV-103508,INV,PL-003508,18/01/2026,16852.0,GBP,19/01/2026 16:03
INV-103509,INV,PL-003509,23/12/2025,34958.7,SGD,23/12/2025 13:55
INV-103510,INV,PL-003510,26/01/2026,15376.0,GBP,26/01/2026 16:31
INV-103511,INV,PL-003511,25/01/2026,22431.5,CHF,27/01/2026 09:11
INV-103512,INV,PL-003512,10/01/2026,17973.2,EUR,10/01/2026 18:48
INV-103513,INV,PL-003513,31/12/2025,25092.0,SGD,01/01/2026 17:03
INV-103514,INV,PL-003514,08/01/2026,19876.2,EUR,08/01/2026 15:16
INV-103515,INV,PL-003515,21/01/2026,16652.0,EUR,21/01/2026 19:10
INV-103516,INV,PL-003516,23/01/2026,18915.0,EUR,25/01/2026 17:41
INV-103517,INV,PL-003517,29/12/2025,21694.4,EUR,31/12/2025 13:55
INV-103518,INV,PL-003518,29/01/2026,16109.0,USD,30/01/2026 13:52
INV-103519,INV,PL-003519,18/01/2026,13672.1,USD,18/01/2026 07:58
INV-103520,INV,PL-003520,30/01/2026,22811.4,EUR,01/02/2026 19:28
INV-103521,INV,PL-003521,31/12/2025,30210.0,MYR,02/01/2026 13:38
INV-103522,INV,PL-003522,19/02/2026,22118.8,GBP,21/02/2026 15:43
CRN-200333,CRN,PL-003522,08/03/2026,22118.8,GBP,10/03/2026 18:03
INV-103523,INV,PL-003523,22/01/2026,14555.5,EUR,23/01/2026 18:12
INV-103524,INV,PL-003524,27/12/2025,9836.3,EUR,28/12/2025 17:43
INV-103525,INV,PL-003525,29/01/2026,37111.2,MYR,30/01/2026 09:00
INV-103526,INV,PL-003526,28/12/2025,30487.4,SGD,30/12/2025 17:25
INV-103527,INV,PL-003527,20/01/2026,24174.0,SGD,21/01/2026 17:53
CRN-200334,CRN,PL-003527,09/02/2026,24174.0,SGD,11/02/2026 18:05
INV-103528,INV,PL-003528,08/02/2026,37318.0,USD,08/02/2026 20:52
INV-103529,INV,PL-003529,01/02/2026,27521.6,USD,01/02/2026 18:11
INV-103530,INV,PL-003530,10/01/2026,123506.7,HKD,12/01/2026 12:08
INV-103531,INV,PL-003531,20/01/2026,13486.2,GBP,20/01/2026 11:44
INV-103532,INV,PL-003532,27/12/2025,28829.0,USD,29/12/2025 14:17
CRN-200335,CRN,PL-003532,28/02/2026,14414.5,USD,02/03/2026 07:53
INV-103533,INV,PL-003533,24/01/2026,14570.0,EUR,25/01/2026 17:41
INV-103534,INV,PL-003534,17/02/2026,16523.2,GBP,18/02/2026 20:10
INV-103535,INV,PL-003535,08/01/2026,22746.0,EUR,08/01/2026 17:47
INV-103536,INV,PL-003536,20/02/2026,13986.0,EUR,21/02/2026 16:11
INV-103537,INV,PL-003537,15/01/2026,20958.0,GBP,15/01/2026 18:58
INV-103538,INV,PL-003538,06/02/2026,21895.3,GBP,06/02/2026 11:09
INV-103539,INV,PL-003539,24/02/2026,21431.2,GBP,24/02/2026 12:44
INV-103540,INV,PL-003540,01/01/2026,17934.6,GBP,03/01/2026 20:12
INV-103541,INV,PL-003541,04/02/2026,15153.2,USD,06/02/2026 10:07
INV-103542,INV,PL-003542,28/12/2025,15787.8,EUR,30/12/2025 19:51
INV-103543,INV,PL-003543,01/01/2026,18351.2,EUR,01/01/2026 10:00
INV-103544,INV,PL-003544,15/02/2026,25300.0,GBP,15/02/2026 15:15
INV-103545,INV,PL-003545,12/02/2026,25109.1,USD,14/02/2026 11:16
INV-103546,INV,PL-003546,15/01/2026,13090.0,GBP,15/01/2026 11:46
INV-103547,INV,PL-003547,21/02/2026,22628.5,CHF,22/02/2026 07:44
INV-103548,INV,PL-003548,13/02/2026,13379.6,GBP,15/02/2026 07:22
INV-103549,INV,PL-003549,03/02/2026,33832.2,CHF,04/02/2026 20:54
INV-103550,INV,PL-003550,15/01/2026,21091.5,USD,17/01/2026 09:33
INV-103551,INV,PL-003551,09/01/2026,13184.0,GBP,09/01/2026 13:34
INV-103552,INV,PL-003552,06/02/2026,19686.3,EUR,06/02/2026 07:14
INV-103553,INV,PL-003553,27/01/2026,25404.4,USD,29/01/2026 07:48
INV-103554,INV,PL-003554,20/01/2026,18009.3,GBP,22/01/2026 19:22
INV-103555,INV,PL-003555,03/01/2026,13338.5,EUR,05/01/2026 11:45
INV-103556,INV,PL-003556,18/02/2026,21811.2,SGD,20/02/2026 11:08
INV-103557,INV,PL-003557,27/01/2026,27550.0,GBP,28/01/2026 08:45
CRN-200336,CRN,PL-003557,23/04/2026,6887.5,GBP,25/04/2026 12:02
INV-103558,INV,PL-003558,06/01/2026,15345.6,EUR,07/01/2026 13:14
INV-103559,INV,PL-003559,10/01/2026,14552.7,EUR,11/01/2026 19:48
INV-103560,INV,PL-003560,21/01/2026,28272.0,USD,21/01/2026 20:20
CRN-200337,CRN,PL-003560,01/03/2026,28272.0,USD,02/03/2026 18:45
INV-103561,INV,PL-003561,16/01/2026,23602.8,GBP,18/01/2026 11:13
INV-103562,INV,PL-003562,11/02/2026,12644.0,EUR,11/02/2026 12:14
INV-103563,INV,PL-003563,14/02/2026,23515.5,USD,16/02/2026 14:25
INV-103564,INV,PL-003564,28/02/2026,17882.2,GBP,01/03/2026 12:21
INV-103565,INV,PL-003565,18/01/2026,144676.8,HKD,19/01/2026 07:25
INV-103566,INV,PL-003566,08/02/2026,14896.2,EUR,10/02/2026 19:19
INV-103567,INV,PL-003567,21/01/2026,36398.7,MYR,22/01/2026 10:17
INV-103568,INV,PL-003568,18/01/2026,22277.4,EUR,19/01/2026 07:40
INV-103569,INV,PL-003569,14/01/2026,8472.6,GBP,14/01/2026 16:31
INV-103570,INV,PL-003570,01/03/2026,15979.6,GBP,02/03/2026 20:41
INV-103571,INV,PL-003571,28/01/2026,19847.0,GBP,30/01/2026 15:49
INV-103572,INV,PL-003572,24/02/2026,35958.0,USD,25/02/2026 17:39
INV-103573,INV,PL-003573,25/01/2026,28828.4,USD,25/01/2026 11:21
INV-103574,INV,PL-003574,24/01/2026,20198.4,CHF,24/01/2026 07:19
INV-103575,INV,PL-003575,15/02/2026,18613.6,EUR,15/02/2026 16:12
INV-103576,INV,PL-003576,14/01/2026,16016.1,GBP,14/01/2026 07:43
INV-103577,INV,PL-003577,13/02/2026,14922.4,EUR,15/02/2026 08:55
INV-103578,INV,PL-003578,14/02/2026,35197.5,USD,14/02/2026 20:14
INV-103579,INV,PL-003579,30/01/2026,22810.5,USD,01/02/2026 09:22
INV-103580,INV,PL-003580,24/01/2026,27260.0,CHF,26/01/2026 12:28
INV-103581,INV,PL-003581,11/02/2026,29045.0,SGD,13/02/2026 16:41
INV-103582,INV,PL-003582,19/02/2026,17266.4,EUR,19/02/2026 18:24
INV-103583,INV,PL-003583,14/02/2026,23032.8,GBP,16/02/2026 20:39
INV-103584,INV,PL-003584,20/02/2026,22004.1,GBP,20/02/2026 16:15
INV-103585,INV,PL-003585,08/01/2026,26221.8,USD,10/01/2026 18:48
INV-103586,INV,PL-003586,10/02/2026,14132.1,GBP,11/02/2026 11:21
INV-103587,INV,PL-003587,18/02/2026,14177.8,GBP,19/02/2026 09:14
INV-103588,INV,PL-003588,04/02/2026,11592.0,EUR,05/02/2026 13:00
INV-103589,INV,PL-003589,23/02/2026,30780.0,MYR,24/02/2026 14:04
INV-103590,INV,PL-003590,30/01/2026,12314.4,EUR,30/01/2026 10:32
CRN-200338,CRN,PL-003590,03/04/2026,6157.2,EUR,03/04/2026 11:45
INV-103591,INV,PL-003591,08/02/2026,27083.7,GBP,10/02/2026 12:03
INV-103592,INV,PL-003592,03/02/2026,22029.8,EUR,04/02/2026 18:54
CRN-200339,CRN,PL-003592,17/03/2026,11014.9,EUR,19/03/2026 14:21
INV-103593,INV,PL-003593,14/01/2026,21991.2,GBP,15/01/2026 17:34
INV-103594,INV,PL-003594,21/01/2026,19121.5,EUR,22/01/2026 16:46
INV-103595,INV,PL-003595,01/02/2026,16789.0,EUR,02/02/2026 18:36
INV-103596,INV,PL-003596,20/01/2026,14310.4,GBP,21/01/2026 09:23
INV-103597,INV,PL-003597,04/02/2026,25560.8,SGD,06/02/2026 11:51
INV-103598,INV,PL-003598,19/01/2026,19782.0,EUR,21/01/2026 10:16
INV-103599,INV,PL-003599,16/02/2026,23780.8,CHF,18/02/2026 17:18
INV-103600,INV,PL-003600,14/02/2026,35356.8,USD,14/02/2026 18:16
INV-103601,INV,PL-003601,25/02/2026,19237.2,GBP,26/02/2026 11:51
INV-103602,INV,PL-003602,21/02/2026,27102.3,USD,22/02/2026 15:57
INV-103603,INV,PL-003603,19/02/2026,24421.6,USD,20/02/2026 20:29
INV-103604,INV,PL-003604,27/02/2026,14278.5,GBP,01/03/2026 08:59
INV-103605,INV,PL-003605,09/02/2026,23607.5,USD,10/02/2026 13:38
INV-103606,INV,PL-003606,08/03/2026,139458.8,HKD,08/03/2026 17:25
INV-103607,INV,PL-003607,05/03/2026,23990.7,GBP,07/03/2026 12:45
INV-103608,INV,PL-003608,18/02/2026,10094.7,GBP,20/02/2026 19:41
INV-103609,INV,PL-003609,22/02/2026,24719.0,SGD,22/02/2026 15:30
INV-103610,INV,PL-003610,23/01/2026,19462.9,USD,23/01/2026 16:20
INV-103611,INV,PL-003611,11/03/2026,17770.8,EUR,13/03/2026 11:30
INV-103612,INV,PL-003612,14/01/2026,16569.0,GBP,15/01/2026 07:09
INV-103613,INV,PL-003613,05/02/2026,23016.0,USD,07/02/2026 19:50
INV-103614,INV,PL-003614,18/02/2026,14373.7,EUR,18/02/2026 07:15
CRN-200340,CRN,PL-003614,04/03/2026,14373.7,EUR,06/03/2026 10:22
INV-103615,INV,PL-003615,16/02/2026,23002.8,EUR,16/02/2026 11:27
INV-103616,INV,PL-003616,23/02/2026,38480.0,MYR,23/02/2026 18:44
INV-103617,INV,PL-003617,16/02/2026,31155.0,CHF,17/02/2026 07:29
INV-103618,INV,PL-003618,21/02/2026,10076.4,GBP,23/02/2026 07:08
INV-103619,INV,PL-003619,21/02/2026,36661.8,MYR,23/02/2026 10:49
INV-103620,INV,PL-003620,08/02/2026,17160.2,GBP,10/02/2026 15:20
INV-103621,INV,PL-003621,10/03/2026,10329.0,EUR,11/03/2026 09:39
INV-103622,INV,PL-003622,20/01/2026,23846.4,SGD,22/01/2026 17:56
INV-103623,INV,PL-003623,04/03/2026,22561.6,EUR,05/03/2026 11:49
INV-103624,INV,PL-003624,30/01/2026,11865.0,GBP,30/01/2026 11:37
INV-103625,INV,PL-003625,01/02/2026,17301.0,USD,02/02/2026 08:16
INV-103626,INV,PL-003626,29/01/2026,11150.4,GBP,29/01/2026 08:18
INV-103627,INV,PL-003627,27/02/2026,15939.3,GBP,27/02/2026 12:00
INV-103628,INV,PL-003628,14/02/2026,25542.0,EUR,14/02/2026 19:10
INV-103629,INV,PL-003629,16/02/2026,28322.0,GBP,16/02/2026 13:20
INV-103630,INV,PL-003630,11/02/2026,33948.0,EUR,13/02/2026 11:44
INV-103631,INV,PL-003631,16/02/2026,20858.3,USD,18/02/2026 20:29
INV-103632,INV,PL-003632,02/02/2026,13991.3,EUR,02/02/2026 13:11
INV-103633,INV,PL-003633,15/02/2026,14096.0,GBP,17/02/2026 12:14
INV-103634,INV,PL-003634,25/01/2026,13197.0,GBP,27/01/2026 07:56
INV-103635,INV,PL-003635,03/03/2026,13167.0,EUR,04/03/2026 18:06
CRN-200341,CRN,PL-003635,05/05/2026,6583.5,EUR,05/05/2026 13:54
INV-103636,INV,PL-003636,24/01/2026,13455.1,EUR,26/01/2026 11:17
INV-103637,INV,PL-003637,01/03/2026,14355.0,EUR,02/03/2026 11:50
INV-103638,INV,PL-003638,21/03/2026,17908.0,EUR,23/03/2026 19:55
INV-103639,INV,PL-003639,28/02/2026,20703.0,EUR,28/02/2026 08:46
INV-103640,INV,PL-003640,30/01/2026,23023.2,CHF,30/01/2026 07:56
INV-103641,INV,PL-003641,11/03/2026,177218.9,HKD,13/03/2026 09:32
CRN-200342,CRN,PL-003641,01/04/2026,177218.9,HKD,01/04/2026 20:49
INV-103642,INV,PL-003642,17/02/2026,39339.5,MYR,17/02/2026 08:26
INV-103643,INV,PL-003643,20/03/2026,21403.8,GBP,21/03/2026 16:20
INV-103644,INV,PL-003644,10/02/2026,19761.6,USD,11/02/2026 08:45
INV-103645,INV,PL-003645,26/01/2026,17397.8,GBP,27/01/2026 09:34
INV-103646,INV,PL-003646,06/03/2026,27637.6,USD,08/03/2026 09:37
CRN-200343,CRN,PL-003646,02/05/2026,13818.8,USD,03/05/2026 20:57
INV-103647,INV,PL-003647,31/01/2026,15880.0,GBP,02/02/2026 10:28
CRN-200344,CRN,PL-003647,15/03/2026,15880.0,GBP,15/03/2026 13:00
INV-103648,INV,PL-003648,01/03/2026,35459.1,USD,03/03/2026 14:36
INV-103649,INV,PL-003649,13/03/2026,16948.0,EUR,14/03/2026 17:14
INV-103650,INV,PL-003650,17/03/2026,23598.4,GBP,18/03/2026 17:29
INV-103651,INV,PL-003651,10/02/2026,11054.7,EUR,10/02/2026 15:33
INV-103652,INV,PL-003652,09/02/2026,23812.6,EUR,10/02/2026 12:55
INV-103653,INV,PL-003653,02/03/2026,15552.7,EUR,03/03/2026 07:29
INV-103654,INV,PL-003654,08/02/2026,24925.5,CHF,08/02/2026 13:27
CRN-200345,CRN,PL-003654,27/04/2026,6231.38,CHF,29/04/2026 17:53
INV-103655,INV,PL-003655,11/03/2026,12940.4,GBP,13/03/2026 13:45
INV-103656,INV,PL-003656,19/02/2026,14345.1,GBP,20/02/2026 10:30
INV-103657,INV,PL-003657,08/03/2026,20020.0,GBP,09/03/2026 11:49
INV-103658,INV,PL-003658,05/02/2026,17922.0,EUR,05/02/2026 14:27
INV-103659,INV,PL-003659,03/03/2026,18514.2,EUR,03/03/2026 19:23
INV-103660,INV,PL-003660,18/02/2026,153670.4,HKD,19/02/2026 14:28
INV-103661,INV,PL-003661,13/03/2026,23493.4,USD,14/03/2026 07:55
INV-103662,INV,PL-003662,08/02/2026,23908.5,USD,08/02/2026 11:11
INV-103663,INV,PL-003663,01/03/2026,17653.2,EUR,03/03/2026 09:32
INV-103664,INV,PL-003664,12/02/2026,16704.0,EUR,14/02/2026 10:38
INV-103665,INV,PL-003665,12/02/2026,131132.1,HKD,13/02/2026 13:07
INV-103666,INV,PL-003666,30/01/2026,25817.4,CHF,31/01/2026 13:38
INV-103667,INV,PL-003667,09/02/2026,26100.0,SGD,11/02/2026 08:15
INV-103668,INV,PL-003668,27/02/2026,12440.5,GBP,28/02/2026 17:44
INV-103669,INV,PL-003669,12/03/2026,12926.7,EUR,12/03/2026 10:02
INV-103670,INV,PL-003670,09/03/2026,14122.5,EUR,09/03/2026 14:32
INV-103671,INV,PL-003671,24/02/2026,18472.8,EUR,26/02/2026 11:18
INV-103672,INV,PL-003672,01/02/2026,33573.3,USD,01/02/2026 14:40
INV-103673,INV,PL-003673,31/01/2026,17803.6,CHF,31/01/2026 14:29
INV-103674,INV,PL-003674,13/02/2026,17290.0,GBP,15/02/2026 20:02
INV-103675,INV,PL-003675,08/03/2026,31396.8,USD,10/03/2026 15:10
INV-103676,INV,PL-003676,19/02/2026,17848.2,EUR,20/02/2026 16:42
INV-103677,INV,PL-003677,25/02/2026,18816.0,GBP,26/02/2026 09:20
INV-103678,INV,PL-003678,07/03/2026,8838.0,GBP,08/03/2026 18:02
INV-103679,INV,PL-003679,14/03/2026,15741.0,EUR,16/03/2026 15:53
INV-103680,INV,PL-003680,19/02/2026,18948.6,EUR,21/02/2026 19:03
CRN-200346,CRN,PL-003680,21/03/2026,18948.6,EUR,23/03/2026 17:36
INV-103681,INV,PL-003681,07/02/2026,17180.4,GBP,09/02/2026 18:20
INV-103682,INV,PL-003682,25/02/2026,18740.3,USD,26/02/2026 17:17
INV-103683,INV,PL-003683,05/02/2026,10728.0,GBP,05/02/2026 17:31
INV-103684,INV,PL-003684,25/03/2026,13260.0,GBP,25/03/2026 08:13
INV-103685,INV,PL-003685,15/03/2026,17437.7,GBP,15/03/2026 15:38
INV-103686,INV,PL-003686,14/03/2026,16353.0,GBP,14/03/2026 19:13
INV-103687,INV,PL-003687,24/02/2026,25630.0,GBP,24/02/2026 12:28
INV-103688,INV,PL-003688,23/02/2026,17454.2,GBP,23/02/2026 07:04
INV-103689,INV,PL-003689,15/03/2026,19452.3,EUR,17/03/2026 17:09
CRN-200347,CRN,PL-003689,22/05/2026,9726.15,EUR,22/05/2026 14:28
INV-103690,INV,PL-003690,29/03/2026,15622.0,GBP,29/03/2026 15:14
INV-103691,INV,PL-003691,03/04/2026,18967.2,EUR,05/04/2026 20:14
INV-103692,INV,PL-003692,02/03/2026,15151.5,GBP,02/03/2026 10:49
INV-103693,INV,PL-003693,26/02/2026,100372.0,HKD,28/02/2026 16:37
INV-103694,INV,PL-003694,25/03/2026,18914.4,GBP,26/03/2026 14:07
CRN-200348,CRN,PL-003694,03/05/2026,9457.2,GBP,05/05/2026 07:15
INV-103695,INV,PL-003695,08/03/2026,25859.0,CHF,09/03/2026 11:01
INV-103696,INV,PL-003696,07/03/2026,35472.0,USD,08/03/2026 13:20
CRN-200349,CRN,PL-003696,21/05/2026,8868.0,USD,22/05/2026 20:23
INV-103697,INV,PL-003697,18/03/2026,17500.0,EUR,20/03/2026 09:05
INV-103698,INV,PL-003698,28/02/2026,16032.0,GBP,28/02/2026 09:14
INV-103699,INV,PL-003699,18/02/2026,35862.0,USD,19/02/2026 10:47
INV-103700,INV,PL-003700,25/03/2026,24009.5,USD,25/03/2026 07:25
INV-103701,INV,PL-003701,09/03/2026,20622.0,GBP,09/03/2026 09:10
INV-103702,INV,PL-003702,11/02/2026,29662.3,CHF,13/02/2026 17:55
INV-103703,INV,PL-003703,26/03/2026,26171.6,USD,27/03/2026 13:05
INV-103704,INV,PL-003704,04/03/2026,18987.5,GBP,04/03/2026 15:16
INV-103705,INV,PL-003705,07/03/2026,22995.1,USD,07/03/2026 08:44
INV-103706,INV,PL-003706,22/02/2026,38872.0,CHF,22/02/2026 07:13
INV-103707,INV,PL-003707,10/03/2026,23580.7,CHF,10/03/2026 17:05
INV-103708,INV,PL-003708,24/03/2026,19593.9,USD,25/03/2026 14:07
INV-103709,INV,PL-003709,06/03/2026,17353.0,EUR,07/03/2026 13:48
INV-103710,INV,PL-003710,11/03/2026,30677.4,USD,13/03/2026 18:11
INV-103711,INV,PL-003711,31/03/2026,18243.4,USD,01/04/2026 08:27
INV-103712,INV,PL-003712,02/04/2026,18638.4,GBP,02/04/2026 16:17
INV-103713,INV,PL-003713,09/03/2026,23547.6,GBP,10/03/2026 20:33
INV-103714,INV,PL-003714,05/03/2026,30341.6,USD,05/03/2026 10:46
INV-103715,INV,PL-003715,10/03/2026,21914.4,CHF,12/03/2026 13:45
INV-103716,INV,PL-003716,05/03/2026,23533.0,USD,06/03/2026 16:02
INV-103717,INV,PL-003717,02/04/2026,25309.9,EUR,04/04/2026 18:38
INV-103718,INV,PL-003718,18/02/2026,14504.0,GBP,20/02/2026 12:30
INV-103719,INV,PL-003719,21/02/2026,19188.0,USD,23/02/2026 17:11
INV-103720,INV,PL-003720,29/03/2026,13057.2,GBP,29/03/2026 19:23
INV-103721,INV,PL-003721,14/03/2026,14647.5,GBP,15/03/2026 18:23
INV-103722,INV,PL-003722,05/04/2026,14715.9,GBP,06/04/2026 18:21
INV-103723,INV,PL-003723,27/02/2026,13624.8,GBP,01/03/2026 10:43
INV-103724,INV,PL-003724,07/04/2026,11135.3,EUR,08/04/2026 08:03
INV-103725,INV,PL-003725,15/04/2026,22271.2,EUR,17/04/2026 20:33
INV-103726,INV,PL-003726,11/03/2026,19114.2,EUR,13/03/2026 11:15
INV-103727,INV,PL-003727,08/03/2026,27189.8,USD,09/03/2026 13:27
CRN-200350,CRN,PL-003727,17/05/2026,6797.45,USD,18/05/2026 07:21
INV-103728,INV,PL-003728,13/03/2026,23049.0,GBP,13/03/2026 18:51
INV-103729,INV,PL-003729,21/02/2026,20338.5,GBP,22/02/2026 19:28
INV-103730,INV,PL-003730,05/04/2026,18803.4,GBP,06/04/2026 15:08
INV-103731,INV,PL-003731,31/03/2026,17189.2,GBP,01/04/2026 08:37
CRN-200351,CRN,PL-003731,08/06/2026,4297.3,GBP,09/06/2026 14:46
INV-103732,INV,PL-003732,24/02/2026,23991.3,USD,25/02/2026 10:07
INV-103733,INV,PL-003733,01/04/2026,21742.5,EUR,01/04/2026 19:50
INV-103734,INV,PL-003734,14/03/2026,36869.7,MYR,14/03/2026 13:54
INV-103735,INV,PL-003735,23/03/2026,20906.6,USD,23/03/2026 12:31
INV-103736,INV,PL-003736,01/04/2026,21086.5,EUR,03/04/2026 15:48
INV-103737,INV,PL-003737,01/03/2026,32067.4,USD,01/03/2026 09:54
INV-103738,INV,PL-003738,30/03/2026,18601.8,EUR,01/04/2026 09:38
CRN-200352,CRN,PL-003738,21/06/2026,4650.45,EUR,22/06/2026 10:19
INV-103739,INV,PL-003739,15/04/2026,25357.5,USD,17/04/2026 17:11
INV-103740,INV,PL-003740,24/03/2026,21258.3,CHF,24/03/2026 20:22
CRN-200353,CRN,PL-003740,08/06/2026,5314.57,CHF,10/06/2026 20:23
INV-103741,INV,PL-003741,16/03/2026,35635.2,USD,18/03/2026 18:24
CRN-200354,CRN,PL-003741,20/04/2026,35635.2,USD,20/04/2026 19:22
INV-103742,INV,PL-003742,26/02/2026,23974.3,CHF,27/02/2026 20:59
INV-103743,INV,PL-003743,14/04/2026,23776.2,CHF,16/04/2026 09:52
CRN-200355,CRN,PL-003743,31/05/2026,11888.1,CHF,02/06/2026 11:47
INV-103744,INV,PL-003744,21/03/2026,23763.6,EUR,23/03/2026 17:21
INV-103745,INV,PL-003745,22/04/2026,30194.1,MYR,22/04/2026 20:36
INV-103746,INV,PL-003746,05/03/2026,38820.6,USD,05/03/2026 11:22
CRN-200356,CRN,PL-003746,10/03/2026,38820.6,USD,11/03/2026 10:59
INV-103747,INV,PL-003747,12/03/2026,12830.4,EUR,13/03/2026 18:43
INV-103748,INV,PL-003748,05/03/2026,20166.4,EUR,06/03/2026 07:32
INV-103749,INV,PL-003749,04/04/2026,13363.4,EUR,05/04/2026 07:50
INV-103750,INV,PL-003750,04/04/2026,39212.3,MYR,04/04/2026 16:16
INV-103751,INV,PL-003751,07/03/2026,16437.3,EUR,07/03/2026 18:57
CRN-200357,CRN,PL-003751,15/03/2026,16437.3,EUR,16/03/2026 15:17
INV-103752,INV,PL-003752,16/03/2026,21620.0,GBP,18/03/2026 09:49
INV-103753,INV,PL-003753,28/02/2026,18119.6,GBP,01/03/2026 07:13
INV-103754,INV,PL-003754,22/03/2026,27425.3,GBP,23/03/2026 09:57
INV-103755,INV,PL-003755,09/03/2026,27195.3,SGD,10/03/2026 08:37
CRN-200358,CRN,PL-003755,21/03/2026,27195.3,SGD,22/03/2026 16:58
INV-103756,INV,PL-003756,09/03/2026,20107.9,EUR,11/03/2026 12:33
INV-103757,INV,PL-003757,24/04/2026,98506.2,HKD,26/04/2026 08:50
CRN-200359,CRN,PL-003757,20/07/2026,24626.55,HKD,22/07/2026 09:01
INV-103758,INV,PL-003758,17/04/2026,22118.5,CHF,19/04/2026 13:56
CRN-200360,CRN,PL-003758,14/05/2026,22118.5,CHF,16/05/2026 12:03
INV-103759,INV,PL-003759,09/04/2026,39873.6,MYR,09/04/2026 13:35
INV-103760,INV,PL-003760,01/03/2026,30617.9,CHF,02/03/2026 13:21
INV-103761,INV,PL-003761,04/03/2026,23976.0,CHF,05/03/2026 20:41
INV-103762,INV,PL-003762,09/04/2026,209846.8,HKD,11/04/2026 10:20
INV-103763,INV,PL-003763,02/04/2026,16535.7,EUR,04/04/2026 11:37
INV-103764,INV,PL-003764,08/04/2026,28228.2,USD,09/04/2026 10:58
INV-103765,INV,PL-003765,19/03/2026,24427.2,USD,19/03/2026 16:05
INV-103766,INV,PL-003766,24/04/2026,27575.1,CHF,24/04/2026 14:31
CRN-200361,CRN,PL-003766,02/07/2026,6893.77,CHF,02/07/2026 13:28
INV-103767,INV,PL-003767,03/03/2026,147052.8,HKD,05/03/2026 14:36
INV-103768,INV,PL-003768,05/04/2026,17047.8,GBP,07/04/2026 08:26
INV-103769,INV,PL-003769,17/04/2026,14196.6,GBP,19/04/2026 09:59
INV-103770,INV,PL-003770,08/03/2026,18311.7,GBP,10/03/2026 17:13
INV-103771,INV,PL-003771,26/04/2026,25665.0,SGD,26/04/2026 12:38
INV-103772,INV,PL-003772,02/05/2026,28702.9,GBP,02/05/2026 14:06
INV-103773,INV,PL-003773,11/04/2026,10916.3,EUR,11/04/2026 11:16
CRN-200362,CRN,PL-003773,12/06/2026,2729.07,EUR,13/06/2026 15:20
INV-103774,INV,PL-003774,14/04/2026,10787.6,EUR,15/04/2026 17:11
INV-103775,INV,PL-003775,31/03/2026,12592.8,EUR,01/04/2026 09:40
INV-103776,INV,PL-003776,23/03/2026,16646.4,GBP,23/03/2026 08:15
INV-103777,INV,PL-003777,20/03/2026,14847.8,EUR,21/03/2026 19:46
INV-103778,INV,PL-003778,28/03/2026,14964.0,EUR,28/03/2026 15:09
INV-103779,INV,PL-003779,22/04/2026,10610.6,EUR,23/04/2026 07:08
INV-103780,INV,PL-003780,08/04/2026,20549.2,USD,08/04/2026 08:22
INV-103781,INV,PL-003781,23/03/2026,39527.4,MYR,24/03/2026 14:19
INV-103782,INV,PL-003782,14/03/2026,18798.2,GBP,15/03/2026 07:32
INV-103783,INV,PL-003783,17/04/2026,17120.0,EUR,18/04/2026 07:21
INV-103784,INV,PL-003784,04/04/2026,20660.7,CHF,05/04/2026 11:36
INV-103785,INV,PL-003785,16/04/2026,20549.9,GBP,16/04/2026 14:03
INV-103786,INV,PL-003786,21/04/2026,22193.6,GBP,22/04/2026 15:48
INV-103787,INV,PL-003787,20/04/2026,21136.5,GBP,22/04/2026 10:15
INV-103788,INV,PL-003788,21/03/2026,19874.4,EUR,23/03/2026 18:13
INV-103789,INV,PL-003789,16/04/2026,20736.0,EUR,18/04/2026 13:34
INV-103790,INV,PL-003790,07/04/2026,19246.9,CHF,07/04/2026 19:19
INV-103791,INV,PL-003791,12/03/2026,21930.8,EUR,13/03/2026 16:50
INV-103792,INV,PL-003792,20/04/2026,17419.2,GBP,21/04/2026 08:39
INV-103793,INV,PL-003793,06/04/2026,10878.0,GBP,07/04/2026 11:05
INV-103794,INV,PL-003794,13/04/2026,17800.2,EUR,14/04/2026 17:52
INV-103795,INV,PL-003795,01/04/2026,28890.6,CHF,01/04/2026 08:58
INV-103796,INV,PL-003796,19/04/2026,29811.7,GBP,19/04/2026 14:11
INV-103797,INV,PL-003797,08/04/2026,145935.0,HKD,09/04/2026 12:29
INV-103798,INV,PL-003798,07/04/2026,12342.0,EUR,09/04/2026 18:24
INV-103799,INV,PL-003799,20/04/2026,18193.5,USD,22/04/2026 14:15
INV-103800,INV,PL-003800,24/04/2026,18236.0,EUR,26/04/2026 20:09
INV-103801,INV,PL-003801,07/04/2026,25688.7,USD,07/04/2026 11:36
CRN-200363,CRN,PL-003801,01/05/2026,25688.7,USD,03/05/2026 17:06
INV-103802,INV,PL-003802,24/03/2026,17618.7,EUR,24/03/2026 08:13
INV-103803,INV,PL-003803,28/04/2026,19857.6,EUR,30/04/2026 17:08
INV-103804,INV,PL-003804,20/04/2026,21578.9,EUR,21/04/2026 12:23
INV-103805,INV,PL-003805,15/04/2026,19418.1,USD,17/04/2026 20:01
INV-103806,INV,PL-003806,14/05/2026,27896.4,SGD,15/05/2026 14:46
INV-103807,INV,PL-003807,12/04/2026,33008.8,USD,13/04/2026 11:19
INV-103808,INV,PL-003808,28/04/2026,15540.0,GBP,28/04/2026 19:49
INV-103809,INV,PL-003809,12/04/2026,14274.0,EUR,14/04/2026 09:37
INV-103810,INV,PL-003810,22/03/2026,25652.0,EUR,23/03/2026 20:06
INV-103811,INV,PL-003811,24/03/2026,16872.0,EUR,25/03/2026 09:39
CRN-200364,CRN,PL-003811,04/06/2026,4218.0,EUR,06/06/2026 07:49
INV-103812,INV,PL-003812,25/03/2026,29014.3,SGD,26/03/2026 20:12
INV-103813,INV,PL-003813,01/04/2026,24090.8,USD,02/04/2026 16:24
INV-103814,INV,PL-003814,12/04/2026,18057.0,GBP,12/04/2026 09:28
INV-103815,INV,PL-003815,05/04/2026,18436.6,EUR,05/04/2026 11:03
INV-103816,INV,PL-003816,14/05/2026,13419.6,EUR,15/05/2026 14:37
INV-103817,INV,PL-003817,11/04/2026,22257.3,CHF,13/04/2026 14:51
INV-103818,INV,PL-003818,24/04/2026,20516.4,USD,25/04/2026 14:56
INV-103819,INV,PL-003819,22/04/2026,19286.3,EUR,24/04/2026 07:01
INV-103820,INV,PL-003820,28/04/2026,17005.9,GBP,29/04/2026 20:34
INV-103821,INV,PL-003821,04/05/2026,26144.0,USD,04/05/2026 17:42
INV-103822,INV,PL-003822,19/04/2026,21046.0,USD,20/04/2026 15:44
INV-103823,INV,PL-003823,26/04/2026,12071.4,GBP,27/04/2026 19:52
INV-103824,INV,PL-003824,29/03/2026,20588.6,GBP,29/03/2026 14:10
INV-103825,INV,PL-003825,18/04/2026,23652.0,USD,20/04/2026 13:56
INV-103826,INV,PL-003826,15/04/2026,32802.0,USD,15/04/2026 14:06
INV-103827,INV,PL-003827,20/04/2026,12985.5,EUR,20/04/2026 15:54
INV-103828,INV,PL-003828,24/04/2026,26437.5,CHF,24/04/2026 20:01
INV-103829,INV,PL-003829,01/04/2026,21086.8,EUR,02/04/2026 07:01
INV-103830,INV,PL-003830,16/04/2026,32661.0,SGD,18/04/2026 09:25
INV-103831,INV,PL-003831,24/04/2026,40585.2,MYR,24/04/2026 12:44
CRN-200365,CRN,PL-003831,11/05/2026,40585.2,MYR,12/05/2026 15:42
INV-103832,INV,PL-003832,06/05/2026,20445.9,EUR,08/05/2026 10:49
CRN-200366,CRN,PL-003832,24/05/2026,20445.9,EUR,24/05/2026 19:09
INV-103833,INV,PL-003833,30/03/2026,33419.1,GBP,01/04/2026 20:37
INV-103834,INV,PL-003834,01/05/2026,17056.0,USD,02/05/2026 11:25
INV-103835,INV,PL-003835,17/05/2026,22779.9,USD,18/05/2026 07:22
INV-103836,INV,PL-003836,12/05/2026,15758.4,GBP,13/05/2026 11:17
CRN-200367,CRN,PL-003836,07/06/2026,15758.4,GBP,07/06/2026 20:44
INV-103837,INV,PL-003837,14/04/2026,15397.0,USD,14/04/2026 14:46
INV-103838,INV,PL-003838,05/05/2026,30016.0,GBP,06/05/2026 07:16
INV-103839,INV,PL-003839,04/04/2026,27490.8,USD,05/04/2026 18:31
INV-103840,INV,PL-003840,08/05/2026,32762.4,USD,09/05/2026 13:10
CRN-200368,CRN,PL-003840,18/07/2026,8190.6,USD,18/07/2026 07:44
INV-103841,INV,PL-003841,21/03/2026,22090.0,EUR,21/03/2026 18:33
INV-103842,INV,PL-003842,11/04/2026,25194.0,MYR,11/04/2026 17:23
INV-103843,INV,PL-003843,15/05/2026,18247.6,GBP,16/05/2026 18:54
INV-103844,INV,PL-003844,01/05/2026,224046.0,HKD,02/05/2026 07:12
INV-103845,INV,PL-003845,29/04/2026,13122.0,EUR,01/05/2026 18:43
INV-103846,INV,PL-003846,15/05/2026,18453.5,GBP,15/05/2026 18:24
INV-103847,INV,PL-003847,03/04/2026,17142.3,CHF,04/04/2026 12:41
INV-103848,INV,PL-003848,19/05/2026,20906.4,CHF,19/05/2026 20:33
INV-103849,INV,PL-003849,30/04/2026,34798.5,USD,30/04/2026 18:34
INV-103850,INV,PL-003850,19/05/2026,134726.4,HKD,20/05/2026 14:06
INV-103851,INV,PL-003851,30/03/2026,19820.2,EUR,30/03/2026 15:18
INV-103852,INV,PL-003852,18/04/2026,13431.6,EUR,20/04/2026 10:12
INV-103853,INV,PL-003853,09/05/2026,13834.8,EUR,09/05/2026 19:44
CRN-200369,CRN,PL-003853,27/05/2026,13834.8,EUR,27/05/2026 12:46
INV-103854,INV,PL-003854,13/04/2026,17657.7,CHF,15/04/2026 19:50
INV-103855,INV,PL-003855,29/04/2026,27856.8,SGD,29/04/2026 18:22
INV-103856,INV,PL-003856,16/04/2026,17485.8,EUR,16/04/2026 08:49
INV-103857,INV,PL-003857,10/05/2026,23940.0,GBP,12/05/2026 08:00
INV-103858,INV,PL-003858,30/03/2026,14645.0,EUR,31/03/2026 12:39
INV-103859,INV,PL-003859,18/05/2026,28950.6,USD,20/05/2026 14:49
INV-103860,INV,PL-003860,17/04/2026,17112.9,EUR,18/04/2026 07:12
INV-103861,INV,PL-003861,07/04/2026,12329.1,EUR,08/04/2026 15:04
INV-103862,INV,PL-003862,18/04/2026,18188.8,GBP,18/04/2026 17:11
CRN-200370,CRN,PL-003862,02/06/2026,9094.4,GBP,04/06/2026 17:09
INV-103863,INV,PL-003863,02/04/2026,29692.5,USD,04/04/2026 16:33
INV-103864,INV,PL-003864,30/04/2026,31355.1,USD,02/05/2026 14:17
INV-103865,INV,PL-003865,19/05/2026,16530.0,EUR,19/05/2026 18:01
INV-103866,INV,PL-003866,13/04/2026,19025.6,EUR,14/04/2026 19:42
INV-103867,INV,PL-003867,15/04/2026,18547.3,EUR,16/04/2026 20:27
INV-103868,INV,PL-003868,19/04/2026,30748.9,CHF,19/04/2026 11:55
INV-103869,INV,PL-003869,03/05/2026,17927.0,GBP,03/05/2026 12:54
INV-103870,INV,PL-003870,01/05/2026,29503.2,EUR,02/05/2026 07:58
INV-103871,INV,PL-003871,01/04/2026,22452.3,CHF,01/04/2026 09:43
INV-103872,INV,PL-003872,02/04/2026,13748.8,EUR,04/04/2026 11:53
INV-103873,INV,PL-003873,21/05/2026,28424.0,MYR,21/05/2026 19:57
INV-103874,INV,PL-003874,20/04/2026,20636.3,GBP,21/04/2026 12:33
INV-103875,INV,PL-003875,19/04/2026,21044.7,GBP,19/04/2026 18:55
INV-103876,INV,PL-003876,01/05/2026,14820.8,EUR,01/05/2026 15:02
INV-103877,INV,PL-003877,27/05/2026,18786.4,EUR,27/05/2026 19:45
INV-103878,INV,PL-003878,07/05/2026,32438.7,USD,09/05/2026 15:43
INV-103879,INV,PL-003879,01/05/2026,13540.1,EUR,03/05/2026 19:55
INV-103880,INV,PL-003880,19/04/2026,24327.6,USD,21/04/2026 07:49
INV-103881,INV,PL-003881,14/04/2026,18939.0,EUR,16/04/2026 10:54
INV-103882,INV,PL-003882,11/04/2026,20631.6,GBP,13/04/2026 09:39
INV-103883,INV,PL-003883,22/05/2026,19025.6,GBP,23/05/2026 17:26
INV-103884,INV,PL-003884,20/05/2026,20352.5,USD,22/05/2026 17:07
INV-103885,INV,PL-003885,15/04/2026,11015.7,GBP,16/04/2026 20:38
INV-103886,INV,PL-003886,18/04/2026,25940.0,SGD,18/04/2026 17:30
INV-103887,INV,PL-003887,18/04/2026,20895.4,EUR,18/04/2026 17:48
INV-103888,INV,PL-003888,16/04/2026,131659.2,HKD,17/04/2026 10:59
INV-103889,INV,PL-003889,17/04/2026,18905.7,GBP,17/04/2026 19:37
INV-103890,INV,PL-003890,05/05/2026,24601.5,GBP,05/05/2026 07:48
INV-103891,INV,PL-003891,27/04/2026,41890.0,CHF,27/04/2026 08:13
INV-103892,INV,PL-003892,13/04/2026,41086.8,SGD,14/04/2026 16:51
INV-103893,INV,PL-003893,27/05/2026,28556.4,MYR,29/05/2026 11:30
INV-103894,INV,PL-003894,04/05/2026,21599.2,EUR,05/05/2026 17:27
INV-103895,INV,PL-003895,05/04/2026,18798.0,EUR,06/04/2026 20:19
INV-103896,INV,PL-003896,17/05/2026,19325.4,EUR,19/05/2026 14:12
INV-103897,INV,PL-003897,08/05/2026,22593.0,CHF,09/05/2026 19:55
INV-103898,INV,PL-003898,07/05/2026,139277.6,HKD,08/05/2026 14:17
INV-103899,INV,PL-003899,22/04/2026,18135.0,EUR,24/04/2026 14:51
INV-103900,INV,PL-003900,29/04/2026,27397.2,USD,29/04/2026 08:58
INV-103901,INV,PL-003901,15/05/2026,35530.0,USD,15/05/2026 12:33
INV-103902,INV,PL-003902,23/05/2026,11439.5,EUR,25/05/2026 09:20
INV-103903,INV,PL-003903,15/04/2026,27103.5,USD,15/04/2026 16:59
INV-103904,INV,PL-003904,16/05/2026,24663.6,CHF,17/05/2026 19:10
INV-103905,INV,PL-003905,17/05/2026,26426.0,CHF,18/05/2026 10:38
INV-103906,INV,PL-003906,07/04/2026,21149.4,EUR,07/04/2026 15:16
INV-103907,INV,PL-003907,15/04/2026,15635.1,GBP,15/04/2026 13:12
INV-103908,INV,PL-003908,01/06/2026,14649.4,EUR,02/06/2026 11:04
INV-103909,INV,PL-003909,16/04/2026,24222.8,USD,16/04/2026 09:45
INV-103910,INV,PL-003910,22/05/2026,21045.0,EUR,22/05/2026 13:13
INV-103911,INV,PL-003911,26/05/2026,20309.6,EUR,26/05/2026 14:55
INV-103912,INV,PL-003912,23/04/2026,12992.4,EUR,24/04/2026 07:40
INV-103913,INV,PL-003913,10/04/2026,24512.5,MYR,11/04/2026 09:27
INV-103914,INV,PL-003914,03/06/2026,42476.4,USD,04/06/2026 07:52
INV-103915,INV,PL-003915,05/06/2026,149932.8,HKD,06/06/2026 15:46
INV-103916,INV,PL-003916,08/05/2026,24024.0,CHF,09/05/2026 15:06
INV-103917,INV,PL-003917,04/06/2026,15912.3,EUR,06/06/2026 07:48
INV-103918,INV,PL-003918,20/05/2026,13071.3,GBP,22/05/2026 08:18
INV-103919,INV,PL-003919,29/05/2026,24711.2,SGD,30/05/2026 20:19
INV-103920,INV,PL-003920,16/05/2026,19028.4,EUR,16/05/2026 15:03
INV-103921,INV,PL-003921,24/04/2026,114706.0,HKD,25/04/2026 15:51
INV-103922,INV,PL-003922,12/04/2026,22963.5,GBP,14/04/2026 08:08
INV-103923,INV,PL-003923,29/04/2026,14733.6,GBP,01/05/2026 16:35
INV-103924,INV,PL-003924,16/04/2026,18254.8,GBP,17/04/2026 15:50
INV-103925,INV,PL-003925,21/04/2026,18634.8,CHF,22/04/2026 13:18
INV-103926,INV,PL-003926,01/05/2026,17620.9,CHF,02/05/2026 09:43
INV-103927,INV,PL-003927,20/05/2026,33667.5,CHF,22/05/2026 10:48
INV-103928,INV,PL-003928,15/04/2026,29874.0,GBP,15/04/2026 17:19
INV-103929,INV,PL-003929,24/05/2026,19687.8,EUR,25/05/2026 17:38
INV-103930,INV,PL-003930,14/05/2026,19404.0,GBP,15/05/2026 09:00
INV-103931,INV,PL-003931,25/05/2026,25440.8,GBP,26/05/2026 07:01
INV-103932,INV,PL-003932,19/05/2026,12547.9,EUR,20/05/2026 07:51
INV-103933,INV,PL-003933,18/05/2026,39480.0,USD,19/05/2026 11:28
INV-103934,INV,PL-003934,26/05/2026,36894.0,USD,27/05/2026 14:05
CRN-200371,CRN,PL-003934,13/06/2026,36894.0,USD,13/06/2026 10:06
INV-103935,INV,PL-003935,03/05/2026,24377.6,CHF,04/05/2026 11:42
INV-103936,INV,PL-003936,29/05/2026,16516.8,GBP,31/05/2026 08:14
INV-103937,INV,PL-003937,28/04/2026,50454.3,SGD,30/04/2026 14:07
INV-103938,INV,PL-003938,28/04/2026,18467.1,GBP,30/04/2026 07:04
INV-103939,INV,PL-003939,19/04/2026,14425.6,EUR,21/04/2026 07:05
INV-103940,INV,PL-003940,14/04/2026,24882.0,GBP,15/04/2026 07:23
INV-103941,INV,PL-003941,28/05/2026,26316.0,USD,29/05/2026 15:12
INV-103942,INV,PL-003942,15/05/2026,14115.9,GBP,15/05/2026 18:05
INV-103943,INV,PL-003943,19/05/2026,11154.4,EUR,21/05/2026 17:46
INV-103944,INV,PL-003944,05/06/2026,150645.9,HKD,05/06/2026 14:27
INV-103945,INV,PL-003945,14/05/2026,19135.0,USD,16/05/2026 13:56
INV-103946,INV,PL-003946,24/05/2026,48086.1,USD,24/05/2026 14:40
INV-103947,INV,PL-003947,29/05/2026,13618.3,EUR,29/05/2026 10:49
CRN-200372,CRN,PL-003947,04/07/2026,13618.3,EUR,04/07/2026 20:55
INV-103948,INV,PL-003948,31/05/2026,12031.5,EUR,02/06/2026 08:54
INV-103949,INV,PL-003949,08/05/2026,132339.9,HKD,08/05/2026 08:04
INV-103950,INV,PL-003950,20/05/2026,35321.0,USD,22/05/2026 09:46
INV-103951,INV,PL-003951,26/04/2026,20532.6,EUR,28/04/2026 11:04
INV-103952,INV,PL-003952,28/05/2026,36000.3,USD,29/05/2026 19:48
INV-103953,INV,PL-003953,28/04/2026,15945.6,GBP,28/04/2026 07:08
INV-103954,INV,PL-003954,30/04/2026,23461.2,GBP,01/05/2026 08:54
INV-103955,INV,PL-003955,10/05/2026,40422.5,MYR,11/05/2026 07:38
INV-103956,INV,PL-003956,08/06/2026,15966.6,USD,09/06/2026 19:44
INV-103957,INV,PL-003957,03/05/2026,23643.0,EUR,04/05/2026 17:11
INV-103958,INV,PL-003958,28/05/2026,50348.1,SGD,30/05/2026 08:13
INV-103959,INV,PL-003959,02/06/2026,12495.6,GBP,03/06/2026 09:47
CRN-200373,CRN,PL-003959,05/09/2026,3123.9,GBP,06/09/2026 20:45
INV-103960,INV,PL-003960,09/06/2026,19180.0,SGD,11/06/2026 08:15
INV-103961,INV,PL-003961,31/05/2026,18878.3,EUR,02/06/2026 09:05
INV-103962,INV,PL-003962,12/06/2026,19123.2,EUR,14/06/2026 13:43
INV-103963,INV,PL-003963,22/05/2026,21350.0,EUR,22/05/2026 12:15
INV-103964,INV,PL-003964,24/04/2026,32531.2,CHF,24/04/2026 18:32
INV-103965,INV,PL-003965,15/05/2026,106245.4,HKD,17/05/2026 17:56
INV-103966,INV,PL-003966,18/04/2026,15688.4,GBP,18/04/2026 16:21
CRN-200374,CRN,PL-003966,03/06/2026,7844.2,GBP,03/06/2026 18:35
INV-103967,INV,PL-003967,05/06/2026,35488.2,MYR,05/06/2026 08:34
INV-103968,INV,PL-003968,14/05/2026,19872.0,GBP,15/05/2026 09:57
INV-103969,INV,PL-003969,24/04/2026,30305.0,SGD,26/04/2026 18:48
INV-103970,INV,PL-003970,01/06/2026,25581.6,CHF,01/06/2026 10:11
INV-103971,INV,PL-003971,12/05/2026,34596.0,MYR,12/05/2026 07:21
INV-103972,INV,PL-003972,05/06/2026,16199.5,USD,06/06/2026 07:16
INV-103973,INV,PL-003973,08/06/2026,16971.3,GBP,10/06/2026 18:59
CRN-200375,CRN,PL-003973,28/06/2026,16971.3,GBP,28/06/2026 20:04
INV-103974,INV,PL-003974,21/04/2026,58050.0,MYR,21/04/2026 20:02
INV-103975,INV,PL-003975,08/06/2026,30115.8,CHF,09/06/2026 09:42
INV-103976,INV,PL-003976,09/06/2026,39155.2,MYR,11/06/2026 16:18
INV-103977,INV,PL-003977,09/06/2026,20592.0,USD,10/06/2026 18:33
INV-103978,INV,PL-003978,08/05/2026,16506.4,EUR,08/05/2026 17:45
INV-103979,INV,PL-003979,21/05/2026,22776.6,GBP,21/05/2026 19:57
INV-103980,INV,PL-003980,15/05/2026,12175.8,GBP,16/05/2026 17:37
INV-103981,INV,PL-003981,24/04/2026,42782.3,USD,26/04/2026 12:11
INV-103982,INV,PL-003982,17/06/2026,14023.8,EUR,19/06/2026 20:42
INV-103983,INV,PL-003983,19/05/2026,15629.2,EUR,20/05/2026 15:51
CRN-200376,CRN,PL-003983,11/06/2026,15629.2,EUR,12/06/2026 19:15
INV-103984,INV,PL-003984,02/05/2026,18676.0,CHF,04/05/2026 11:26
INV-103985,INV,PL-003985,15/06/2026,17709.6,GBP,15/06/2026 17:24
INV-103986,INV,PL-003986,17/05/2026,33463.0,MYR,17/05/2026 16:54
INV-103987,INV,PL-003987,30/04/2026,18286.0,EUR,02/05/2026 18:28
INV-103988,INV,PL-003988,13/06/2026,13864.8,EUR,13/06/2026 20:33
INV-103989,INV,PL-003989,25/04/2026,20025.0,GBP,25/04/2026 19:51
INV-103990,INV,PL-003990,03/05/2026,18296.5,EUR,05/05/2026 15:42
INV-103991,INV,PL-003991,09/06/2026,14144.0,EUR,09/06/2026 10:09
INV-103992,INV,PL-003992,04/06/2026,9936.0,EUR,05/06/2026 16:54
INV-103993,INV,PL-003993,29/04/2026,23879.5,USD,29/04/2026 09:38
INV-103994,INV,PL-003994,15/05/2026,14854.4,GBP,16/05/2026 20:59
INV-103995,INV,PL-003995,31/05/2026,15208.4,GBP,02/06/2026 09:43
INV-103996,INV,PL-003996,22/05/2026,148900.0,HKD,22/05/2026 07:32
INV-103997,INV,PL-003997,01/06/2026,26950.0,CHF,01/06/2026 09:19
INV-103998,INV,PL-003998,07/05/2026,24846.0,SGD,08/05/2026 07:56
INV-103999,INV,PL-003999,09/06/2026,23441.5,CHF,10/06/2026 07:28
INV-104000,INV,PL-004000,08/05/2026,12622.4,GBP,09/05/2026 20:52
INV-104001,INV,PL-004001,08/05/2026,28880.0,USD,08/05/2026 15:11
INV-104002,INV,PL-004002,04/06/2026,22145.4,GBP,06/06/2026 13:46
INV-104003,INV,PL-004003,30/05/2026,13013.0,GBP,31/05/2026 19:56
CRN-200377,CRN,PL-004003,18/07/2026,6506.5,GBP,18/07/2026 18:39
INV-104004,INV,PL-004004,15/06/2026,27719.1,USD,16/06/2026 20:43
INV-104005,INV,PL-004005,12/06/2026,26267.3,GBP,12/06/2026 10:39
INV-104006,INV,PL-004006,10/06/2026,18990.4,GBP,10/06/2026 20:25
INV-104007,INV,PL-004007,13/05/2026,17547.3,EUR,15/05/2026 17:48
INV-104008,INV,PL-004008,05/06/2026,22674.6,GBP,05/06/2026 09:26
INV-104009,INV,PL-004009,02/06/2026,20932.2,CHF,02/06/2026 19:31
INV-104010,INV,PL-004010,26/05/2026,25680.2,CHF,27/05/2026 11:22
INV-104011,INV,PL-004011,02/05/2026,18268.8,EUR,02/05/2026 20:50
INV-104012,INV,PL-004012,03/06/2026,17502.6,GBP,04/06/2026 10:35
INV-104013,INV,PL-004013,20/05/2026,21632.0,EUR,21/05/2026 17:13
INV-104014,INV,PL-004014,02/05/2026,22506.9,GBP,02/05/2026 17:10
CRN-200378,CRN,PL-004014,12/06/2026,22506.9,GBP,12/06/2026 16:25
INV-104015,INV,PL-004015,09/05/2026,19843.2,GBP,09/05/2026 13:20
INV-104016,INV,PL-004016,17/05/2026,18086.8,GBP,19/05/2026 12:44
INV-104017,INV,PL-004017,19/06/2026,118147.7,HKD,21/06/2026 19:14
INV-104018,INV,PL-004018,03/06/2026,107731.2,HKD,04/06/2026 19:29
INV-104019,INV,PL-004019,21/05/2026,11480.0,GBP,23/05/2026 14:41
INV-104020,INV,PL-004020,08/05/2026,14259.4,EUR,10/05/2026 17:41
INV-104021,INV,PL-004021,14/05/2026,15321.6,EUR,15/05/2026 11:49
INV-104022,INV,PL-004022,20/06/2026,15602.2,GBP,22/06/2026 20:24
INV-104023,INV,PL-004023,10/06/2026,27149.2,USD,10/06/2026 18:41
INV-104024,INV,PL-004024,01/05/2026,29275.2,SGD,03/05/2026 10:25
INV-104025,INV,PL-004025,29/04/2026,17544.8,GBP,29/04/2026 08:28
INV-104026,INV,PL-004026,07/05/2026,19760.0,GBP,08/05/2026 07:29
CRN-200379,CRN,PL-004026,21/05/2026,19760.0,GBP,23/05/2026 14:43
INV-104027,INV,PL-004027,09/06/2026,14208.6,GBP,10/06/2026 13:34
INV-104028,INV,PL-004028,04/06/2026,31979.0,CHF,05/06/2026 09:33
INV-104029,INV,PL-004029,14/06/2026,21338.1,GBP,15/06/2026 18:56
INV-104030,INV,PL-004030,10/06/2026,34503.2,USD,10/06/2026 10:20
INV-104031,INV,PL-004031,24/05/2026,35708.4,USD,26/05/2026 08:50
INV-104032,INV,PL-004032,25/05/2026,24390.6,CHF,26/05/2026 10:49
INV-104033,INV,PL-004033,13/05/2026,26203.6,EUR,13/05/2026 14:09
INV-104034,INV,PL-004034,25/05/2026,12903.3,EUR,27/05/2026 10:11
INV-104035,INV,PL-004035,08/05/2026,12954.0,EUR,08/05/2026 18:19
INV-104036,INV,PL-004036,14/06/2026,294764.0,HKD,14/06/2026 19:11
CRN-200380,CRN,PL-004036,14/07/2026,294764.0,HKD,14/07/2026 14:22
INV-104037,INV,PL-004037,14/05/2026,15399.0,EUR,14/05/2026 08:23
INV-104038,INV,PL-004038,11/05/2026,22599.6,GBP,12/05/2026 07:29
INV-104039,INV,PL-004039,14/06/2026,16438.1,GBP,15/06/2026 19:38
INV-104040,INV,PL-004040,06/06/2026,13226.4,EUR,08/06/2026 15:49
INV-104041,INV,PL-004041,22/05/2026,24415.6,USD,22/05/2026 12:18
INV-104042,INV,PL-004042,26/06/2026,37821.3,USD,26/06/2026 09:38
INV-104043,INV,PL-004043,27/05/2026,25094.4,CHF,27/05/2026 20:28
INV-104044,INV,PL-004044,04/06/2026,28968.1,SGD,05/06/2026 09:38
INV-104045,INV,PL-004045,03/06/2026,22855.2,EUR,04/06/2026 09:08
INV-104046,INV,PL-004046,25/06/2026,23598.0,EUR,25/06/2026 18:24
INV-104047,INV,PL-004047,24/05/2026,23731.2,EUR,24/05/2026 08:57
INV-104048,INV,PL-004048,22/05/2026,14247.5,GBP,22/05/2026 15:42
INV-104049,INV,PL-004049,03/06/2026,22090.0,USD,05/06/2026 10:47
INV-104050,INV,PL-004050,22/05/2026,29515.2,CHF,22/05/2026 19:40
INV-104051,INV,PL-004051,13/06/2026,16966.4,GBP,13/06/2026 08:16
INV-104052,INV,PL-004052,30/05/2026,18777.5,GBP,30/05/2026 14:21
INV-104053,INV,PL-004053,26/06/2026,20148.0,EUR,28/06/2026 18:49
INV-104054,INV,PL-004054,09/06/2026,25338.0,USD,10/06/2026 17:16
INV-104055,INV,PL-004055,31/05/2026,11803.0,GBP,01/06/2026 12:03
INV-104056,INV,PL-004056,08/06/2026,18375.0,GBP,09/06/2026 20:26
INV-104057,INV,PL-004057,05/06/2026,14517.3,GBP,05/06/2026 13:20
INV-104058,INV,PL-004058,14/05/2026,10208.0,GBP,15/05/2026 09:55
INV-104059,INV,PL-004059,22/06/2026,26400.0,USD,24/06/2026 16:33
INV-104060,INV,PL-004060,21/06/2026,24775.2,GBP,23/06/2026 11:02
INV-104061,INV,PL-004061,07/06/2026,24613.2,USD,09/06/2026 13:02
INV-104062,INV,PL-004062,23/05/2026,16848.0,EUR,25/05/2026 19:13
INV-104063,INV,PL-004063,19/05/2026,25564.5,USD,20/05/2026 14:51
CRN-200381,CRN,PL-004063,21/06/2026,25564.5,USD,23/06/2026 13:40
INV-104064,INV,PL-004064,11/05/2026,30015.0,USD,11/05/2026 09:56
INV-104065,INV,PL-004065,22/06/2026,25999.2,USD,23/06/2026 10:54
INV-104066,INV,PL-004066,23/05/2026,18208.5,GBP,25/05/2026 10:58
INV-104067,INV,PL-004067,13/06/2026,25608.0,USD,14/06/2026 10:36
INV-104068,INV,PL-004068,21/06/2026,23112.8,USD,22/06/2026 13:11
INV-104069,INV,PL-004069,19/05/2026,16854.3,GBP,19/05/2026 09:36
INV-104070,INV,PL-004070,28/05/2026,19251.0,EUR,29/05/2026 15:55
INV-104071,INV,PL-004071,27/06/2026,15528.3,GBP,27/06/2026 09:46
INV-104072,INV,PL-004072,09/05/2026,14985.0,EUR,09/05/2026 14:59
INV-104073,INV,PL-004073,03/06/2026,23541.0,GBP,05/06/2026 12:17
INV-104074,INV,PL-004074,24/05/2026,15498.0,GBP,26/05/2026 19:08
INV-104075,INV,PL-004075,15/05/2026,145118.4,HKD,15/05/2026 07:29
INV-104076,INV,PL-004076,04/07/2026,16848.7,EUR,06/07/2026 20:10
INV-104077,INV,PL-004077,28/06/2026,23217.0,EUR,30/06/2026 08:40
CRN-200382,CRN,PL-004077,27/07/2026,23217.0,EUR,29/07/2026 08:09
INV-104078,INV,PL-004078,26/06/2026,22705.8,USD,28/06/2026 13:48
INV-104079,INV,PL-004079,13/06/2026,25330.8,USD,13/06/2026 16:49
INV-104080,INV,PL-004080,26/06/2026,21164.1,EUR,26/06/2026 14:58
INV-104081,INV,PL-004081,22/05/2026,10299.2,EUR,24/05/2026 15:06
INV-104082,INV,PL-004082,08/06/2026,21948.0,EUR,10/06/2026 08:19
INV-104083,INV,PL-004083,28/05/2026,16205.0,EUR,28/05/2026 18:37
INV-104084,INV,PL-004084,08/06/2026,13251.6,GBP,08/06/2026 16:10
INV-104085,INV,PL-004085,14/06/2026,35496.0,USD,14/06/2026 20:11
INV-104086,INV,PL-004086,15/06/2026,21203.7,USD,15/06/2026 15:59
INV-104087,INV,PL-004087,09/06/2026,24991.2,CHF,10/06/2026 12:33
INV-104088,INV,PL-004088,03/07/2026,15457.5,GBP,05/07/2026 08:19
INV-104089,INV,PL-004089,16/06/2026,20090.0,CHF,16/06/2026 16:04
INV-104090,INV,PL-004090,25/06/2026,19244.4,USD,26/06/2026 09:56
INV-104091,INV,PL-004091,10/06/2026,20876.3,USD,12/06/2026 13:31
INV-104092,INV,PL-004092,31/05/2026,17841.6,EUR,31/05/2026 12:58
INV-104093,INV,PL-004093,26/06/2026,12741.2,GBP,27/06/2026 09:55
INV-104094,INV,PL-004094,13/06/2026,15325.2,GBP,14/06/2026 07:39
INV-104095,INV,PL-004095,08/06/2026,21822.9,EUR,08/06/2026 18:03
CRN-200383,CRN,PL-004095,11/07/2026,10911.45,EUR,12/07/2026 15:33
INV-104096,INV,PL-004096,11/07/2026,16677.0,GBP,13/07/2026 19:39
CRN-200384,CRN,PL-004096,07/09/2026,8338.5,GBP,07/09/2026 08:43
INV-104097,INV,PL-004097,05/06/2026,18604.8,GBP,05/06/2026 15:20
INV-104098,INV,PL-004098,02/07/2026,21255.3,GBP,04/07/2026 12:21
INV-104099,INV,PL-004099,04/06/2026,19691.1,GBP,06/06/2026 07:24
CRN-200385,CRN,PL-004099,15/07/2026,9845.55,GBP,17/07/2026 17:01
INV-104100,INV,PL-004100,23/05/2026,13212.5,GBP,23/05/2026 09:00
INV-104101,INV,PL-004101,14/06/2026,42505.1,MYR,14/06/2026 15:33
INV-104102,INV,PL-004102,01/06/2026,14927.8,GBP,02/06/2026 16:37
INV-104103,INV,PL-004103,05/06/2026,25500.2,USD,07/06/2026 09:58
INV-104104,INV,PL-004104,23/05/2026,14841.0,GBP,23/05/2026 17:43
INV-104105,INV,PL-004105,14/06/2026,20179.0,USD,16/06/2026 08:59
CRN-200386,CRN,PL-004105,20/07/2026,20179.0,USD,22/07/2026 11:39
INV-104106,INV,PL-004106,27/05/2026,30907.8,GBP,29/05/2026 10:13
INV-104107,INV,PL-004107,27/05/2026,15580.0,EUR,28/05/2026 20:12
INV-104108,INV,PL-004108,28/05/2026,31857.0,USD,30/05/2026 07:58
INV-104109,INV,PL-004109,06/06/2026,177754.5,HKD,06/06/2026 13:13
INV-104110,INV,PL-004110,24/05/2026,19169.1,USD,24/05/2026 16:37
INV-104111,INV,PL-004111,17/05/2026,28401.3,USD,18/05/2026 18:15
INV-104112,INV,PL-004112,24/05/2026,14230.8,EUR,26/05/2026 20:35
INV-104113,INV,PL-004113,01/07/2026,15792.8,EUR,02/07/2026 18:14
INV-104114,INV,PL-004114,04/06/2026,23053.7,USD,05/06/2026 11:51
INV-104115,INV,PL-004115,23/06/2026,30827.1,CHF,24/06/2026 09:59
INV-104116,INV,PL-004116,06/06/2026,16228.8,EUR,07/06/2026 09:08
INV-104117,INV,PL-004117,23/05/2026,23626.7,SGD,23/05/2026 18:31
INV-104118,INV,PL-004118,27/06/2026,14269.2,USD,29/06/2026 07:43
INV-104119,INV,PL-004119,07/06/2026,18725.0,EUR,07/06/2026 12:39
INV-104120,INV,PL-004120,03/07/2026,14705.0,EUR,05/07/2026 13:11
INV-104121,INV,PL-004121,13/06/2026,16977.6,EUR,15/06/2026 09:54
INV-104122,INV,PL-004122,30/05/2026,30054.2,SGD,30/05/2026 09:54
INV-104123,INV,PL-004123,24/06/2026,24926.0,GBP,26/06/2026 11:32
INV-104124,INV,PL-004124,19/06/2026,18170.4,GBP,21/06/2026 09:15
INV-104125,INV,PL-004125,02/06/2026,17535.0,GBP,04/06/2026 14:37
INV-104126,INV,PL-004126,27/05/2026,12323.3,GBP,29/05/2026 10:47
CRN-200387,CRN,PL-004126,11/08/2026,3080.82,GBP,12/08/2026 18:26
INV-104127,INV,PL-004127,07/06/2026,18084.8,EUR,09/06/2026 09:24
INV-104128,INV,PL-004128,07/06/2026,35631.0,USD,08/06/2026 20:10
INV-104129,INV,PL-004129,28/06/2026,33062.4,USD,28/06/2026 19:30
CRN-200388,CRN,PL-004129,19/07/2026,33062.4,USD,21/07/2026 16:52
INV-104130,INV,PL-004130,09/07/2026,12670.0,GBP,11/07/2026 19:41
INV-104131,INV,PL-004131,02/07/2026,25248.6,GBP,04/07/2026 09:47
INV-104132,INV,PL-004132,07/06/2026,38355.5,MYR,09/06/2026 08:38
INV-104133,INV,PL-004133,14/06/2026,16130.8,GBP,16/06/2026 09:52
INV-104134,INV,PL-004134,02/07/2026,16313.9,EUR,03/07/2026 17:23
INV-104135,INV,PL-004135,26/06/2026,119240.8,HKD,27/06/2026 14:33
INV-104136,INV,PL-004136,04/07/2026,36785.4,MYR,06/07/2026 10:43
INV-104137,INV,PL-004137,23/05/2026,16169.6,GBP,25/05/2026 08:12
INV-104138,INV,PL-004138,18/06/2026,17972.5,GBP,18/06/2026 10:28
INV-104139,INV,PL-004139,24/06/2026,27608.0,GBP,25/06/2026 14:04
INV-104140,INV,PL-004140,05/06/2026,28662.6,USD,06/06/2026 15:36
INV-104141,INV,PL-004141,19/06/2026,28663.6,USD,21/06/2026 14:42
INV-104142,INV,PL-004142,10/06/2026,17989.2,EUR,10/06/2026 11:21
INV-104143,INV,PL-004143,08/07/2026,13059.4,EUR,09/07/2026 08:15
INV-104144,INV,PL-004144,07/07/2026,162738.8,HKD,08/07/2026 09:33
INV-104145,INV,PL-004145,01/07/2026,116031.1,HKD,02/07/2026 15:58
INV-104146,INV,PL-004146,06/06/2026,14940.8,EUR,08/06/2026 10:46
INV-104147,INV,PL-004147,11/06/2026,10637.7,EUR,13/06/2026 11:22
INV-104148,INV,PL-004148,05/06/2026,25060.4,MYR,06/06/2026 13:13
INV-104149,INV,PL-004149,27/05/2026,151095.8,HKD,28/05/2026 17:59
INV-104150,INV,PL-004150,07/07/2026,199076.8,HKD,07/07/2026 15:58
INV-104151,INV,PL-004151,04/07/2026,26040.6,USD,05/07/2026 16:32
INV-104152,INV,PL-004152,15/06/2026,22806.0,EUR,17/06/2026 07:54
INV-104153,INV,PL-004153,04/06/2026,17285.4,EUR,06/06/2026 12:25
INV-104154,INV,PL-004154,23/07/2026,22407.6,GBP,23/07/2026 17:16
INV-104155,INV,PL-004155,02/07/2026,17802.4,USD,04/07/2026 14:05
INV-104156,INV,PL-004156,27/06/2026,20072.0,EUR,28/06/2026 18:09
INV-104157,INV,PL-004157,22/07/2026,13345.8,GBP,23/07/2026 13:49
INV-104158,INV,PL-004158,13/07/2026,36267.7,SGD,13/07/2026 18:55
INV-104159,INV,PL-004159,02/07/2026,15743.0,EUR,04/07/2026 13:15
INV-104160,INV,PL-004160,20/06/2026,28131.3,CHF,21/06/2026 20:38
INV-104161,INV,PL-004161,29/06/2026,14944.8,GBP,30/06/2026 08:19
CRN-200389,CRN,PL-004161,11/07/2026,14944.8,GBP,13/07/2026 17:38
INV-104162,INV,PL-004162,29/06/2026,15382.4,EUR,30/06/2026 09:46
INV-104163,INV,PL-004163,05/06/2026,13231.1,GBP,06/06/2026 09:55
CRN-200390,CRN,PL-004163,06/09/2026,3307.78,GBP,07/09/2026 13:34
INV-104164,INV,PL-004164,25/06/2026,30952.9,USD,27/06/2026 17:52
INV-104165,INV,PL-004165,04/06/2026,20160.0,USD,06/06/2026 12:21
INV-104166,INV,PL-004166,12/07/2026,17117.1,GBP,14/07/2026 20:10
INV-104167,INV,PL-004167,21/06/2026,13280.0,EUR,21/06/2026 13:47
INV-104168,INV,PL-004168,22/06/2026,25750.4,CHF,24/06/2026 07:34
INV-104169,INV,PL-004169,22/06/2026,22263.0,EUR,24/06/2026 10:58
INV-104170,INV,PL-004170,29/06/2026,14745.2,GBP,29/06/2026 13:20
INV-104171,INV,PL-004171,24/06/2026,17627.7,EUR,25/06/2026 18:19
INV-104172,INV,PL-004172,11/06/2026,19567.4,GBP,12/06/2026 20:02
INV-104173,INV,PL-004173,27/06/2026,33264.9,SGD,29/06/2026 20:06
INV-104174,INV,PL-004174,08/07/2026,9889.2,GBP,08/07/2026 15:10
INV-104175,INV,PL-004175,25/06/2026,17215.6,EUR,27/06/2026 13:42
INV-104176,INV,PL-004176,21/06/2026,12465.6,GBP,21/06/2026 10:25
INV-104177,INV,PL-004177,07/07/2026,25895.1,USD,07/07/2026 19:40
INV-104178,INV,PL-004178,29/07/2026,14413.0,GBP,31/07/2026 19:51
INV-104179,INV,PL-004179,07/06/2026,15760.3,EUR,08/06/2026 15:46
INV-104180,INV,PL-004180,27/07/2026,25462.4,EUR,28/07/2026 08:26
INV-104181,INV,PL-004181,22/06/2026,20329.8,EUR,23/06/2026 12:08
INV-104182,INV,PL-004182,09/07/2026,19860.2,EUR,09/07/2026 08:15
INV-104183,INV,PL-004183,09/06/2026,32824.8,MYR,10/06/2026 10:10
CRN-200391,CRN,PL-004183,12/07/2026,32824.8,MYR,12/07/2026 15:25
INV-104184,INV,PL-004184,12/07/2026,22246.0,USD,12/07/2026 08:47
INV-104185,INV,PL-004185,01/07/2026,11995.2,GBP,03/07/2026 16:39
INV-104186,INV,PL-004186,28/07/2026,22550.4,SGD,30/07/2026 18:42
INV-104187,INV,PL-004187,01/07/2026,18754.2,GBP,02/07/2026 08:50
INV-104188,INV,PL-004188,18/07/2026,162867.8,HKD,20/07/2026 07:14
INV-104189,INV,PL-004189,10/06/2026,26505.0,CHF,12/06/2026 16:04
INV-104190,INV,PL-004190,09/06/2026,16795.8,EUR,10/06/2026 18:51
INV-104191,INV,PL-004191,30/06/2026,10733.4,EUR,01/07/2026 19:48
INV-104192,INV,PL-004192,03/07/2026,20091.3,EUR,05/07/2026 14:30
INV-104193,INV,PL-004193,27/06/2026,11572.0,GBP,27/06/2026 10:43
CRN-200392,CRN,PL-004193,15/07/2026,11572.0,GBP,15/07/2026 20:23
INV-104194,INV,PL-004194,03/07/2026,105223.2,HKD,03/07/2026 20:53
INV-104195,INV,PL-004195,10/06/2026,33466.9,USD,11/06/2026 18:29
INV-104196,INV,PL-004196,27/06/2026,32622.8,USD,29/06/2026 18:25
INV-104197,INV,PL-004197,15/07/2026,25034.4,USD,15/07/2026 08:20
INV-104198,INV,PL-004198,29/07/2026,22299.2,GBP,31/07/2026 08:32
INV-104199,INV,PL-004199,08/06/2026,42959.0,MYR,10/06/2026 13:44
INV-104200,INV,PL-004200,01/08/2026,25212.6,USD,01/08/2026 20:56
INV-104201,INV,PL-004201,17/07/2026,13180.4,GBP,19/07/2026 15:13
INV-104202,INV,PL-004202,07/07/2026,12499.2,USD,09/07/2026 11:12
INV-104203,INV,PL-004203,23/06/2026,124011.5,HKD,25/06/2026 07:37
CRN-200393,CRN,PL-004203,12/08/2026,62005.75,HKD,12/08/2026 19:01
INV-104204,INV,PL-004204,29/06/2026,116383.5,HKD,01/07/2026 14:04
INV-104205,INV,PL-004205,01/08/2026,19505.6,EUR,02/08/2026 07:05
INV-104206,INV,PL-004206,24/07/2026,20420.4,EUR,26/07/2026 09:09
INV-104207,INV,PL-004207,22/07/2026,24097.5,USD,23/07/2026 09:17
INV-104208,INV,PL-004208,22/07/2026,20149.8,EUR,22/07/2026 11:20
CRN-200394,CRN,PL-004208,23/08/2026,20149.8,EUR,24/08/2026 07:06
INV-104209,INV,PL-004209,30/06/2026,47872.8,CHF,02/07/2026 11:33
CRN-200395,CRN,PL-004209,12/08/2026,23936.4,CHF,13/08/2026 10:57
INV-104210,INV,PL-004210,18/06/2026,29392.0,USD,20/06/2026 07:21
INV-104211,INV,PL-004211,20/07/2026,44887.2,USD,20/07/2026 16:23
INV-104212,INV,PL-004212,02/08/2026,11248.0,EUR,04/08/2026 16:34
CRN-200396,CRN,PL-004212,27/08/2026,11248.0,EUR,29/08/2026 20:57
INV-104213,INV,PL-004213,27/07/2026,14629.4,GBP,27/07/2026 11:57
INV-104214,INV,PL-004214,07/07/2026,15151.5,GBP,09/07/2026 18:55
INV-104215,INV,PL-004215,28/07/2026,20807.5,EUR,29/07/2026 20:54
INV-104216,INV,PL-004216,08/07/2026,21877.0,SGD,09/07/2026 09:42
INV-104217,INV,PL-004217,26/07/2026,22028.6,CHF,27/07/2026 09:43
INV-104218,INV,PL-004218,08/08/2026,117046.8,HKD,08/08/2026 16:01
INV-104219,INV,PL-004219,11/06/2026,10897.6,GBP,11/06/2026 16:22
INV-104220,INV,PL-004220,04/07/2026,29281.8,USD,04/07/2026 18:56
INV-104221,INV,PL-004221,09/07/2026,23119.8,USD,10/07/2026 08:58
INV-104222,INV,PL-004222,11/07/2026,16383.6,GBP,12/07/2026 13:06
CRN-200397,CRN,PL-004222,31/08/2026,8191.8,GBP,31/08/2026 15:12
INV-104223,INV,PL-004223,12/07/2026,26202.0,USD,12/07/2026 20:13
INV-104224,INV,PL-004224,25/07/2026,11830.9,GBP,25/07/2026 14:35
CRN-200398,CRN,PL-004224,23/08/2026,11830.9,GBP,24/08/2026 20:03
INV-104225,INV,PL-004225,18/06/2026,20728.5,EUR,19/06/2026 08:49
INV-104226,INV,PL-004226,25/07/2026,24646.8,EUR,25/07/2026 16:54
INV-104227,INV,PL-004227,25/07/2026,17760.9,GBP,27/07/2026 15:08
INV-104228,INV,PL-004228,17/07/2026,18973.2,EUR,19/07/2026 15:23
INV-104229,INV,PL-004229,13/07/2026,18854.3,GBP,15/07/2026 17:53
INV-104230,INV,PL-004230,04/08/2026,31749.2,MYR,05/08/2026 14:29
INV-104231,INV,PL-004231,04/07/2026,20920.8,USD,04/07/2026 13:24
INV-104232,INV,PL-004232,13/07/2026,142300.7,HKD,13/07/2026 12:45
INV-104233,INV,PL-004233,24/06/2026,31920.7,EUR,25/06/2026 15:44
INV-104234,INV,PL-004234,07/08/2026,13318.5,GBP,07/08/2026 07:34
INV-104235,INV,PL-004235,22/07/2026,18420.3,EUR,24/07/2026 16:10
INV-104236,INV,PL-004236,07/07/2026,10698.4,GBP,09/07/2026 14:58
INV-104237,INV,PL-004237,06/07/2026,22064.4,GBP,08/07/2026 08:29
INV-104238,INV,PL-004238,15/07/2026,22037.5,GBP,16/07/2026 15:51
CRN-200399,CRN,PL-004238,03/09/2026,11018.75,GBP,05/09/2026 08:35
INV-104239,INV,PL-004239,30/07/2026,31720.0,USD,31/07/2026 10:11
INV-104240,INV,PL-004240,04/07/2026,18372.6,GBP,04/07/2026 11:28
INV-104241,INV,PL-004241,11/08/2026,26138.7,USD,11/08/2026 17:46
CRN-200400,CRN,PL-004241,27/08/2026,26138.7,USD,28/08/2026 18:44
INV-104242,INV,PL-004242,08/07/2026,16636.1,CHF,09/07/2026 18:11
INV-104243,INV,PL-004243,14/07/2026,23943.2,GBP,15/07/2026 10:41
INV-104244,INV,PL-004244,17/07/2026,19957.8,EUR,19/07/2026 15:29
INV-104245,INV,PL-004245,05/07/2026,17404.5,GBP,06/07/2026 10:41
CRN-200401,CRN,PL-004245,24/08/2026,8702.25,GBP,25/08/2026 15:54
INV-104246,INV,PL-004246,25/07/2026,24334.4,USD,27/07/2026 09:40
INV-104247,INV,PL-004247,04/07/2026,15229.5,GBP,05/07/2026 14:53
INV-104248,INV,PL-004248,25/06/2026,22889.0,GBP,26/06/2026 13:24
INV-104249,INV,PL-004249,03/07/2026,43242.6,MYR,03/07/2026 08:28
INV-104250,INV,PL-004250,16/07/2026,22396.0,EUR,17/07/2026 20:13
INV-104251,INV,PL-004251,28/07/2026,20555.6,GBP,29/07/2026 18:38
INV-104252,INV,PL-004252,25/07/2026,27470.3,CHF,25/07/2026 16:50
INV-104253,INV,PL-004253,24/07/2026,24119.2,GBP,26/07/2026 19:20
INV-104254,INV,PL-004254,06/08/2026,144558.6,HKD,06/08/2026 12:28
INV-104255,INV,PL-004255,23/07/2026,29987.0,USD,24/07/2026 13:55
INV-104256,INV,PL-004256,02/07/2026,15791.6,GBP,03/07/2026 17:37
INV-104257,INV,PL-004257,13/08/2026,16817.7,EUR,13/08/2026 18:15
INV-104258,INV,PL-004258,31/07/2026,13382.4,EUR,01/08/2026 18:53
INV-104259,INV,PL-004259,21/07/2026,16731.6,EUR,21/07/2026 16:43
INV-104260,INV,PL-004260,26/07/2026,19996.2,EUR,26/07/2026 10:13
CRN-200402,CRN,PL-004260,22/08/2026,19996.2,EUR,22/08/2026 09:07
INV-104261,INV,PL-004261,06/08/2026,36061.2,USD,06/08/2026 08:02
INV-104262,INV,PL-004262,03/08/2026,24533.4,USD,03/08/2026 07:46
INV-104263,INV,PL-004263,10/07/2026,23275.0,GBP,12/07/2026 18:37
CRN-200403,CRN,PL-004263,23/08/2026,23275.0,GBP,23/08/2026 10:06
INV-104264,INV,PL-004264,18/07/2026,17987.6,GBP,18/07/2026 17:35
INV-104265,INV,PL-004265,20/06/2026,11982.2,EUR,22/06/2026 08:04
INV-104266,INV,PL-004266,03/07/2026,18485.1,EUR,05/07/2026 13:41
INV-104267,INV,PL-004267,08/07/2026,18232.5,USD,09/07/2026 18:03
INV-104268,INV,PL-004268,01/08/2026,17864.2,EUR,02/08/2026 09:50
INV-104269,INV,PL-004269,18/07/2026,24046.0,GBP,18/07/2026 18:22
INV-104270,INV,PL-004270,28/07/2026,21542.4,SGD,30/07/2026 20:01
INV-104271,INV,PL-004271,20/07/2026,24663.6,SGD,22/07/2026 10:13
CRN-200404,CRN,PL-004271,07/09/2026,12331.8,SGD,08/09/2026 12:35
INV-104272,INV,PL-004272,01/07/2026,18861.3,GBP,03/07/2026 11:38
INV-104273,INV,PL-004273,30/07/2026,24759.8,USD,31/07/2026 08:24
INV-104274,INV,PL-004274,18/07/2026,11904.0,GBP,20/07/2026 17:02
INV-104275,INV,PL-004275,04/08/2026,24883.2,EUR,05/08/2026 14:24
INV-104276,INV,PL-004276,04/08/2026,11881.6,EUR,04/08/2026 08:44
INV-104277,INV,PL-004277,30/06/2026,10844.5,GBP,01/07/2026 11:11
INV-104278,INV,PL-004278,10/08/2026,33579.3,USD,11/08/2026 16:10
INV-104279,INV,PL-004279,17/07/2026,17503.2,GBP,18/07/2026 19:36
INV-104280,INV,PL-004280,15/08/2026,16702.4,USD,17/08/2026 19:34
INV-104281,INV,PL-004281,18/07/2026,15444.8,EUR,18/07/2026 11:01
INV-104282,INV,PL-004282,01/07/2026,20928.6,EUR,03/07/2026 15:16
INV-104283,INV,PL-004283,10/07/2026,20736.0,EUR,11/07/2026 19:26
CRN-200405,CRN,PL-004283,01/08/2026,20736.0,EUR,01/08/2026 10:49
INV-104284,INV,PL-004284,28/06/2026,16514.8,GBP,29/06/2026 16:50
INV-104285,INV,PL-004285,28/07/2026,16357.2,EUR,30/07/2026 08:00
INV-104286,INV,PL-004286,13/08/2026,24385.8,USD,13/08/2026 15:23
INV-104287,INV,PL-004287,27/06/2026,25737.0,GBP,29/06/2026 20:52
INV-104288,INV,PL-004288,12/07/2026,26602.0,EUR,13/07/2026 20:17
INV-104289,INV,PL-004289,20/07/2026,23059.8,EUR,20/07/2026 10:16
INV-104290,INV,PL-004290,24/07/2026,13468.0,EUR,24/07/2026 18:48
INV-104291,INV,PL-004291,25/06/2026,33899.8,USD,26/06/2026 14:53
CRN-200406,CRN,PL-004291,11/08/2026,16949.9,USD,11/08/2026 10:15
INV-104292,INV,PL-004292,15/08/2026,8856.0,GBP,15/08/2026 13:12
CRN-200407,CRN,PL-004292,01/09/2026,8856.0,GBP,03/09/2026 16:23
INV-104293,INV,PL-004293,20/07/2026,36176.4,USD,22/07/2026 17:38
INV-104294,INV,PL-004294,27/07/2026,10004.8,GBP,27/07/2026 10:47
INV-104295,INV,PL-004295,11/07/2026,18626.4,GBP,13/07/2026 17:24
INV-104296,INV,PL-004296,01/07/2026,22823.2,GBP,01/07/2026 13:58
INV-104297,INV,PL-004297,18/08/2026,22673.7,USD,18/08/2026 10:32
INV-104298,INV,PL-004298,18/08/2026,29051.0,CHF,20/08/2026 19:55
INV-104299,INV,PL-004299,17/07/2026,17723.2,EUR,17/07/2026 10:50
INV-104300,INV,PL-004300,16/08/2026,16598.4,USD,18/08/2026 11:28
INV-104301,INV,PL-004301,17/08/2026,14006.0,GBP,17/08/2026 20:52
INV-104302,INV,PL-004302,24/08/2026,12403.2,GBP,25/08/2026 16:47
INV-104303,INV,PL-004303,23/07/2026,27534.0,GBP,25/07/2026 08:59
INV-104304,INV,PL-004304,30/07/2026,28000.7,GBP,31/07/2026 18:44
INV-104305,INV,PL-004305,18/07/2026,29658.2,CHF,18/07/2026 12:15
INV-104306,INV,PL-004306,23/08/2026,19511.2,GBP,24/08/2026 08:25
INV-104307,INV,PL-004307,25/07/2026,26205.6,GBP,26/07/2026 07:19
INV-104308,INV,PL-004308,24/07/2026,13291.2,GBP,25/07/2026 08:14
INV-104309,INV,PL-004309,08/07/2026,31913.0,CHF,08/07/2026 15:59
INV-104310,INV,PL-004310,19/08/2026,32338.0,SGD,21/08/2026 12:12
INV-104311,INV,PL-004311,06/08/2026,12939.0,GBP,07/08/2026 16:22
INV-104312,INV,PL-004312,05/07/2026,20293.8,GBP,06/07/2026 14:53
INV-104313,INV,PL-004313,02/07/2026,17900.0,EUR,02/07/2026 10:20
CRN-200408,CRN,PL-004313,21/07/2026,17900.0,EUR,23/07/2026 17:28
INV-104314,INV,PL-004314,22/08/2026,22779.2,EUR,23/08/2026 08:50
INV-104315,INV,PL-004315,23/08/2026,25792.2,MYR,24/08/2026 18:31
INV-104316,INV,PL-004316,02/08/2026,23918.1,USD,03/08/2026 18:25
CRN-200409,CRN,PL-004316,04/09/2026,11959.05,USD,06/09/2026 19:41
INV-104317,INV,PL-004317,09/08/2026,21810.6,CHF,11/08/2026 09:48
INV-104318,INV,PL-004318,06/07/2026,23854.6,CHF,07/07/2026 10:59
INV-104319,INV,PL-004319,21/08/2026,24809.4,USD,22/08/2026 14:37
INV-104320,INV,PL-004320,08/07/2026,26071.2,USD,08/07/2026 12:05
INV-104321,INV,PL-004321,03/08/2026,151734.0,HKD,04/08/2026 19:47
INV-104322,INV,PL-004322,29/07/2026,11888.8,GBP,29/07/2026 13:02
INV-104323,INV,PL-004323,07/08/2026,17496.0,EUR,08/08/2026 14:28
INV-104324,INV,PL-004324,12/07/2026,12719.4,EUR,14/07/2026 18:00
INV-104325,INV,PL-004325,26/08/2026,107705.2,HKD,26/08/2026 08:49
INV-104326,INV,PL-004326,27/07/2026,17686.0,EUR,27/07/2026 18:58
INV-104327,INV,PL-004327,05/08/2026,33568.8,MYR,06/08/2026 18:18
INV-104328,INV,PL-004328,03/09/2026,20412.0,GBP,05/09/2026 08:12
INV-104329,INV,PL-004329,22/08/2026,19760.7,GBP,23/08/2026 20:32
INV-104330,INV,PL-004330,12/07/2026,16018.2,EUR,13/07/2026 18:14
INV-104331,INV,PL-004331,14/07/2026,14688.0,EUR,15/07/2026 19:26
INV-104332,INV,PL-004332,04/08/2026,15388.8,GBP,06/08/2026 17:02
INV-104333,INV,PL-004333,10/07/2026,18715.2,USD,11/07/2026 15:14
INV-104334,INV,PL-004334,22/07/2026,17236.8,GBP,23/07/2026 08:56
INV-104335,INV,PL-004335,24/08/2026,25370.0,CHF,24/08/2026 08:15
CRN-200410,CRN,PL-004335,03/09/2026,25370.0,CHF,05/09/2026 10:22
INV-104336,INV,PL-004336,29/08/2026,25637.7,GBP,31/08/2026 15:37
INV-104337,INV,PL-004337,22/08/2026,16633.6,EUR,24/08/2026 17:18
INV-104338,INV,PL-004338,19/07/2026,40062.0,MYR,20/07/2026 19:35
INV-104339,INV,PL-004339,26/08/2026,29806.8,USD,26/08/2026 19:47
INV-104340,INV,PL-004340,18/07/2026,19874.0,GBP,18/07/2026 11:59
INV-104341,INV,PL-004341,19/08/2026,17721.9,CHF,19/08/2026 13:26
INV-104342,INV,PL-004342,22/08/2026,19605.6,USD,24/08/2026 18:38
INV-104343,INV,PL-004343,14/08/2026,25837.5,EUR,16/08/2026 14:04
INV-104344,INV,PL-004344,26/07/2026,29415.1,SGD,27/07/2026 15:01
INV-104345,INV,PL-004345,25/08/2026,32085.0,CHF,27/08/2026 07:58
INV-104346,INV,PL-004346,25/07/2026,18330.6,EUR,25/07/2026 09:45
INV-104347,INV,PL-004347,18/08/2026,18348.8,CHF,20/08/2026 07:37
INV-104348,INV,PL-004348,21/07/2026,29560.0,CHF,21/07/2026 09:20
INV-104349,INV,PL-004349,15/07/2026,21859.5,EUR,17/07/2026 08:00
INV-104350,INV,PL-004350,28/07/2026,20341.4,GBP,29/07/2026 12:31
INV-104351,INV,PL-004351,07/08/2026,22700.0,EUR,07/08/2026 14:41
INV-104352,INV,PL-004352,12/08/2026,20806.0,GBP,14/08/2026 20:31
CRN-200411,CRN,PL-004352,04/09/2026,20806.0,GBP,04/09/2026 14:26
INV-104353,INV,PL-004353,02/08/2026,22261.0,GBP,03/08/2026 20:49
INV-104354,INV,PL-004354,14/07/2026,18067.0,GBP,16/07/2026 07:11
INV-104355,INV,PL-004355,21/08/2026,31285.8,EUR,21/08/2026 07:15
INV-104356,INV,PL-004356,31/07/2026,21650.8,GBP,01/08/2026 20:58
INV-104357,INV,PL-004357,27/08/2026,23503.0,CHF,27/08/2026 19:31
INV-104358,INV,PL-004358,16/07/2026,14450.8,EUR,17/07/2026 09:13
INV-104359,INV,PL-004359,18/08/2026,10189.7,GBP,20/08/2026 07:03
INV-104360,INV,PL-004360,16/07/2026,18954.3,EUR,18/07/2026 09:25
INV-104361,INV,PL-004361,06/08/2026,32500.8,CHF,08/08/2026 10:57
INV-104362,INV,PL-004362,06/08/2026,18781.2,EUR,06/08/2026 16:42
INV-104363,INV,PL-004363,22/08/2026,14350.0,GBP,22/08/2026 07:29
INV-104364,INV,PL-004364,29/08/2026,16775.1,EUR,30/08/2026 16:40
INV-104365,INV,PL-004365,23/07/2026,20398.4,EUR,24/07/2026 14:57
INV-104366,INV,PL-004366,15/07/2026,24026.4,CHF,15/07/2026 17:10
INV-104367,INV,PL-004367,12/08/2026,36909.2,CHF,14/08/2026 09:41
INV-104368,INV,PL-004368,07/09/2026,20901.9,EUR,07/09/2026 15:49
INV-104369,INV,PL-004369,23/08/2026,36456.0,USD,24/08/2026 18:49
INV-104370,INV,PL-004370,14/08/2026,16796.0,GBP,14/08/2026 17:18
INV-104371,INV,PL-004371,19/08/2026,13413.6,EUR,19/08/2026 16:10
INV-104372,INV,PL-004372,05/09/2026,37507.5,GBP,07/09/2026 16:08
INV-104373,INV,PL-004373,26/08/2026,22944.8,EUR,28/08/2026 07:11
INV-104374,INV,PL-004374,03/08/2026,17798.4,EUR,03/08/2026 18:27
INV-104375,INV,PL-004375,03/08/2026,16632.0,GBP,04/08/2026 10:48
INV-104376,INV,PL-004376,26/07/2026,13930.8,GBP,26/07/2026 14:29
INV-104377,INV,PL-004377,29/07/2026,22154.0,SGD,31/07/2026 18:41
INV-104378,INV,PL-004378,06/09/2026,26449.5,CHF,06/09/2026 11:06
INV-104379,INV,PL-004379,17/07/2026,13124.2,EUR,19/07/2026 14:34
INV-104380,INV,PL-004380,30/08/2026,21726.0,USD,31/08/2026 15:02
INV-104381,INV,PL-004381,27/07/2026,24017.4,CHF,28/07/2026 08:50
INV-104382,INV,PL-004382,07/09/2026,28243.8,USD,09/09/2026 19:29
INV-104383,INV,PL-004383,19/08/2026,16170.0,EUR,19/08/2026 09:32
INV-104384,INV,PL-004384,03/08/2026,20034.0,GBP,05/08/2026 09:54
INV-104385,INV,PL-004385,16/08/2026,19243.3,EUR,17/08/2026 09:43
INV-104386,INV,PL-004386,12/09/2026,38148.0,USD,12/09/2026 11:53
INV-104387,INV,PL-004387,02/08/2026,19690.0,GBP,03/08/2026 10:52
INV-104388,INV,PL-004388,07/08/2026,33534.0,EUR,09/08/2026 20:43
INV-104389,INV,PL-004389,23/07/2026,16133.6,EUR,24/07/2026 19:31
INV-104390,INV,PL-004390,03/08/2026,23220.0,GBP,04/08/2026 16:34
INV-104391,INV,PL-004391,18/08/2026,25109.0,USD,20/08/2026 15:50
INV-104392,INV,PL-004392,01/09/2026,14248.5,GBP,03/09/2026 19:49
INV-104393,INV,PL-004393,25/07/2026,24267.6,GBP,27/07/2026 15:40
INV-104394,INV,PL-004394,18/08/2026,19056.2,USD,19/08/2026 14:11
INV-104395,INV,PL-004395,02/09/2026,161849.6,HKD,04/09/2026 08:56
INV-104396,INV,PL-004396,29/08/2026,12009.8,GBP,31/08/2026 15:11
INV-104397,INV,PL-004397,11/08/2026,26334.0,CHF,12/08/2026 18:23
INV-104398,INV,PL-004399,22/07/2026,10064.6,EUR,22/07/2026 15:08
INV-104399,INV,PL-004400,30/07/2026,126059.4,HKD,01/08/2026 11:26
INV-104400,INV,PL-004401,31/07/2026,22871.2,GBP,01/08/2026 09:32
INV-104401,INV,PL-004403,03/08/2026,11711.7,EUR,03/08/2026 12:50
INV-104402,INV,PL-004404,10/08/2026,205970.0,HKD,10/08/2026 18:16
INV-104403,INV,PL-004405,30/07/2026,20250.0,EUR,30/07/2026 18:20
INV-104404,INV,PL-004406,26/08/2026,13286.4,EUR,27/08/2026 08:30
INV-104405,INV,PL-004407,03/09/2026,21060.0,USD,05/09/2026 14:58
INV-104406,INV,PL-004408,01/08/2026,190204.2,HKD,01/08/2026 08:03
INV-104407,INV,PL-004410,09/09/2026,27824.4,GBP,10/09/2026 19:16
INV-104408,INV,PL-004412,04/08/2026,37389.1,USD,06/08/2026 10:29
INV-104409,INV,PL-004413,11/08/2026,19690.9,EUR,12/08/2026 15:13
INV-104410,INV,PL-004414,04/08/2026,21612.8,GBP,06/08/2026 07:21
INV-104411,INV,PL-004415,09/08/2026,45312.3,USD,11/08/2026 08:51
INV-104412,INV,PL-004416,01/09/2026,17894.4,EUR,03/09/2026 19:24
INV-104413,INV,PL-004417,30/07/2026,21432.0,EUR,30/07/2026 08:52
INV-104414,INV,PL-004418,04/08/2026,25957.8,SGD,05/08/2026 11:07
INV-104415,INV,PL-004419,06/09/2026,24220.0,CHF,07/09/2026 17:28
INV-104416,INV,PL-004420,06/08/2026,166208.2,HKD,07/08/2026 15:16
INV-104417,INV,PL-004421,29/08/2026,25024.6,USD,31/08/2026 17:44
INV-104418,INV,PL-004422,30/07/2026,26976.0,USD,30/07/2026 14:28
INV-104419,INV,PL-004423,06/08/2026,24158.0,GBP,06/08/2026 20:40
INV-104420,INV,PL-004424,30/08/2026,149814.0,HKD,30/08/2026 20:47
INV-104421,INV,PL-004425,26/08/2026,17344.8,USD,28/08/2026 08:18
INV-104422,INV,PL-004426,24/08/2026,12762.0,GBP,24/08/2026 14:07
INV-104423,INV,PL-004427,08/08/2026,26577.6,CHF,10/08/2026 11:24
CRN-200412,CRN,PL-004427,09/09/2026,26577.6,CHF,11/09/2026 13:49
INV-104424,INV,PL-004428,25/08/2026,13449.8,EUR,27/08/2026 19:31
INV-104425,INV,PL-004429,26/08/2026,22956.9,GBP,28/08/2026 11:11
INV-104426,INV,PL-004430,26/08/2026,17436.3,EUR,27/08/2026 14:31
INV-104427,INV,PL-004431,04/09/2026,19670.0,CHF,04/09/2026 15:19
INV-104428,INV,PL-004433,03/08/2026,25226.3,CHF,04/08/2026 07:52
INV-104429,INV,PL-004434,29/08/2026,22608.0,USD,30/08/2026 18:54
INV-104430,INV,PL-004435,25/08/2026,39982.2,MYR,26/08/2026 19:18
INV-104431,INV,PL-004436,31/08/2026,10247.6,GBP,31/08/2026 11:49
INV-104432,INV,PL-004438,22/08/2026,37967.8,SGD,23/08/2026 07:30
INV-104433,INV,PL-004439,20/08/2026,12374.7,EUR,22/08/2026 15:05
INV-104434,INV,PL-004440,09/09/2026,22535.6,USD,11/09/2026 14:07
INV-104435,INV,PL-004442,31/08/2026,19600.0,EUR,02/09/2026 09:01
INV-104436,INV,PL-004444,07/08/2026,18885.1,CHF,08/08/2026 10:38
INV-104437,INV,PL-004445,16/08/2026,13494.0,EUR,17/08/2026 19:07
INV-104438,INV,PL-004446,08/08/2026,25003.5,GBP,10/08/2026 13:22
INV-104439,INV,PL-004447,12/09/2026,18075.2,GBP,12/09/2026 14:30
INV-104440,INV,PL-004448,04/09/2026,30349.9,USD,06/09/2026 20:39
INV-104441,INV,PL-004450,07/09/2026,19187.8,GBP,08/09/2026 17:14
INV-104442,INV,PL-004451,12/09/2026,24806.4,EUR,12/09/2026 14:54
INV-104443,INV,PL-004452,07/09/2026,24903.8,GBP,08/09/2026 15:26
INV-104444,INV,PL-004453,04/09/2026,32167.8,USD,04/09/2026 08:58
INV-104445,INV,PL-004456,30/08/2026,15618.0,GBP,01/09/2026 08:00
INV-104446,INV,PL-004457,21/08/2026,32105.4,SGD,23/08/2026 18:27
INV-104447,INV,PL-004460,25/08/2026,20795.5,EUR,26/08/2026 19:56
INV-104448,INV,PL-004461,23/08/2026,13450.4,GBP,24/08/2026 07:56
INV-104449,INV,PL-004462,12/08/2026,16725.6,EUR,12/08/2026 09:23
INV-104450,INV,PL-004463,18/08/2026,19214.6,EUR,18/08/2026 17:46
INV-104451,INV,PL-004464,21/08/2026,21420.0,CHF,21/08/2026 07:55
INV-104452,INV,PL-004465,10/08/2026,24457.0,GBP,10/08/2026 09:38
INV-104453,INV,PL-004466,10/08/2026,12430.6,GBP,10/08/2026 14:06
INV-104454,INV,PL-004469,25/08/2026,12346.2,EUR,27/08/2026 11:16
INV-104455,INV,PL-004471,21/08/2026,15875.2,GBP,22/08/2026 15:01
INV-104456,INV,PL-004473,25/08/2026,30408.6,USD,26/08/2026 08:36
INV-104457,INV,PL-004475,28/08/2026,24973.8,GBP,29/08/2026 07:35
INV-104458,INV,PL-004477,29/08/2026,17629.4,USD,30/08/2026 14:06
INV-104459,INV,PL-004480,29/08/2026,34519.2,USD,31/08/2026 10:55
INV-104460,INV,PL-004484,11/09/2026,31304.9,USD,12/09/2026 08:15
INV-104461,INV,PL-004485,30/08/2026,35956.0,USD,30/08/2026 18:43
INV-104462,INV,PL-004486,05/09/2026,119766.4,HKD,05/09/2026 10:21
INV-104463,INV,PL-004488,09/09/2026,17705.6,EUR,09/09/2026 19:51
INV-104464,INV,PL-004489,30/08/2026,14774.4,EUR,30/08/2026 20:59
INV-104465,INV,PL-004490,28/08/2026,19669.2,GBP,29/08/2026 19:38
INV-104466,INV,PL-004494,15/08/2026,17649.4,CHF,16/08/2026 14:25
INV-104467,INV,PL-004495,20/08/2026,17592.9,GBP,22/08/2026 14:27
INV-104468,INV,PL-004496,21/08/2026,30238.2,CHF,21/08/2026 19:57
INV-104469,INV,PL-004497,20/08/2026,12337.6,GBP,20/08/2026 19:13
INV-104470,INV,PL-004498,28/08/2026,29526.9,CHF,29/08/2026 17:20
INV-104471,INV,PL-004499,04/09/2026,24715.8,CHF,06/09/2026 10:52
INV-104472,INV,PL-004501,31/08/2026,23862.3,USD,31/08/2026 12:58
INV-104473,INV,PL-004506,06/09/2026,14823.0,GBP,07/09/2026 10:21
INV-104474,INV,PL-004508,10/09/2026,19890.4,GBP,10/09/2026 11:59
INV-104475,INV,PL-004510,29/08/2026,33277.5,SGD,30/08/2026 16:39
INV-104476,INV,PL-004519,02/09/2026,19313.1,GBP,04/09/2026 19:44
INV-104477,INV,PL-004523,02/09/2026,44496.0,MYR,04/09/2026 19:19
INV-104478,INV,PL-004530,12/09/2026,20906.4,EUR,12/09/2026 12:43
INV-104479,INV,PL-004543,01/09/2026,27116.4,USD,02/09/2026 12:54
INV-104480,INV,PL-004548,08/09/2026,12602.7,GBP,10/09/2026 20:00
INV-104481,INV,PL-004560,06/09/2026,25654.2,USD,06/09/2026 08:43
INV-104482,INV,PL-004566,05/09/2026,22178.6,CHF,05/09/2026 19:28
INV-104483,INV,PL-004568,06/09/2026,18955.2,USD,08/09/2026 09:52
INV-104484,INV,PL-004572,10/09/2026,12616.6,GBP,10/09/2026 07:18
INV-104485,INV,PL-004578,07/09/2026,109468.8,HKD,07/09/2026 14:37
INV-104486,INV,PL-004579,06/09/2026,30293.5,CHF,08/09/2026 09:44
INV-104487,INV,PL-004580,11/09/2026,16501.5,GBP,11/09/2026 09:23
INV-104488,INV,PL-004583,09/09/2026,22690.8,GBP,09/09/2026 15:39
INV-104489,INV,PL-004589,11/09/2026,14245.0,EUR,12/09/2026 16:28
CRN-299901,CRN,PL-099901,25/10/2025,5416.31,GBP,26/10/2025 08:19
CRN-299902,CRN,PL-099902,16/09/2025,5006.34,GBP,17/09/2025 16:10
